ID,PM
"(Date(""2025-01-01""), 3)",46.247149831662284
"(Date(""2025-01-02""), 3)",21.128956864304346
"(Date(""2025-01-03""), 3)",16.21293058501996
"(Date(""2025-01-04""), 3)",19.30977015763636
"(Date(""2025-01-05""), 3)",13.542232336277968
"(Date(""2025-01-06""), 3)",15.442032276744358
"(Date(""2025-01-07""), 3)",14.673773061425708
"(Date(""2025-01-08""), 3)",12.132213497169213
"(Date(""2025-01-09""), 3)",11.891075356306796
"(Date(""2025-01-10""), 3)",12.68300322191581
"(Date(""2025-01-11""), 3)",21.15252370280226
"(Date(""2025-01-12""), 3)",15.539257833573446
"(Date(""2025-01-13""), 3)",25.989183650005426
"(Date(""2025-01-14""), 3)",13.356965145384116
"(Date(""2025-01-15""), 3)",15.61578824690263
"(Date(""2025-01-16""), 3)",22.513744868103224
"(Date(""2025-01-17""), 3)",21.312965177768298
"(Date(""2025-01-18""), 3)",19.801823647036713
"(Date(""2025-01-19""), 3)",15.877885716859831
"(Date(""2025-01-20""), 3)",14.097204562780657
"(Date(""2025-01-21""), 3)",16.018215260252976
"(Date(""2025-01-22""), 3)",15.50975208629141
"(Date(""2025-01-23""), 3)",19.749365780695058
"(Date(""2025-01-24""), 3)",15.565585249072617
"(Date(""2025-01-25""), 3)",20.55996834694
"(Date(""2025-01-26""), 3)",19.808328853095542
"(Date(""2025-01-27""), 3)",13.472467014869435
"(Date(""2025-01-28""), 3)",12.225480929348484
"(Date(""2025-01-29""), 3)",15.386134520668756
"(Date(""2025-01-30""), 3)",13.13287334957009
"(Date(""2025-01-31""), 3)",20.350797925725765
"(Date(""2025-02-01""), 3)",13.258598964266291
"(Date(""2025-02-02""), 3)",16.939135324313973
"(Date(""2025-02-03""), 3)",30.61326093973032
"(Date(""2025-02-04""), 3)",17.10938729833726
"(Date(""2025-02-05""), 3)",16.00202231661639
"(Date(""2025-02-06""), 3)",25.19134998509831
"(Date(""2025-02-07""), 3)",16.17473759792619
"(Date(""2025-02-08""), 3)",18.137574380941977
"(Date(""2025-02-09""), 3)",19.703738230950187
"(Date(""2025-02-10""), 3)",14.264001635133333
"(Date(""2025-02-11""), 3)",15.13715140944002
"(Date(""2025-02-12""), 3)",12.454610034100849
"(Date(""2025-02-13""), 3)",14.821778875010398
"(Date(""2025-02-14""), 3)",12.829883556101668
"(Date(""2025-02-15""), 3)",14.865624636061781
"(Date(""2025-02-16""), 3)",9.947228690047467
"(Date(""2025-02-17""), 3)",8.454191827422473
"(Date(""2025-02-18""), 3)",8.515678289419496
"(Date(""2025-02-19""), 3)",10.068321659389364
"(Date(""2025-02-20""), 3)",14.544251906029485
"(Date(""2025-02-21""), 3)",13.39428706278263
"(Date(""2025-02-22""), 3)",17.493590314991046
"(Date(""2025-02-23""), 3)",18.02074152545304
"(Date(""2025-02-24""), 3)",18.502829775061123
"(Date(""2025-02-25""), 3)",20.99998347163285
"(Date(""2025-02-26""), 3)",17.0954718725508
"(Date(""2025-02-27""), 3)",21.02649402735016
"(Date(""2025-02-28""), 3)",12.532885452731554
"(Date(""2025-03-01""), 3)",15.909222233262515
"(Date(""2025-03-02""), 3)",10.022063882207185
"(Date(""2025-03-03""), 3)",18.863903058539297
"(Date(""2025-03-04""), 3)",31.5997059818798
"(Date(""2025-03-05""), 3)",22.691255994516187
"(Date(""2025-03-06""), 3)",16.50626475197043
"(Date(""2025-03-07""), 3)",10.796639276197157
"(Date(""2025-03-08""), 3)",12.089883779111085
"(Date(""2025-03-09""), 3)",15.371525966104654
"(Date(""2025-03-10""), 3)",17.068889067486392
"(Date(""2025-03-11""), 3)",16.513401901568802
"(Date(""2025-03-12""), 3)",14.207067200781049
"(Date(""2025-03-13""), 3)",16.927738445316777
"(Date(""2025-03-14""), 3)",25.404484841605843
"(Date(""2025-03-15""), 3)",25.486067001642308
"(Date(""2025-03-16""), 3)",24.454709192241623
"(Date(""2025-03-17""), 3)",17.914465556995683
"(Date(""2025-03-18""), 3)",16.6243634422545
"(Date(""2025-03-19""), 3)",21.361572702267406
"(Date(""2025-03-20""), 3)",18.68885461308412
"(Date(""2025-03-21""), 3)",12.492270532373743
"(Date(""2025-03-22""), 3)",15.505270203318911
"(Date(""2025-03-23""), 3)",11.739681602076727
"(Date(""2025-03-24""), 3)",16.691461153551305
"(Date(""2025-03-25""), 3)",15.180413499018707
"(Date(""2025-03-26""), 3)",12.602921766624368
"(Date(""2025-03-27""), 3)",11.890802778703419
"(Date(""2025-03-28""), 3)",11.60878987953921
"(Date(""2025-03-29""), 3)",10.654782377126507
"(Date(""2025-03-30""), 3)",11.424589022164394
"(Date(""2025-03-31""), 3)",15.14787119233608
"(Date(""2025-04-01""), 3)",7.625659489315643
"(Date(""2025-04-02""), 3)",9.19672830190387
"(Date(""2025-04-03""), 3)",13.640584355404867
"(Date(""2025-04-04""), 3)",10.654887021160341
"(Date(""2025-04-05""), 3)",10.339034306125393
"(Date(""2025-04-06""), 3)",10.578272805193402
"(Date(""2025-04-07""), 3)",9.172830334743693
"(Date(""2025-04-08""), 3)",9.749974237710626
"(Date(""2025-04-09""), 3)",8.508019530270285
"(Date(""2025-04-10""), 3)",12.59831012526247
"(Date(""2025-04-11""), 3)",15.483575227769801
"(Date(""2025-04-12""), 3)",14.562072401353458
"(Date(""2025-04-13""), 3)",14.553114876821937
"(Date(""2025-04-14""), 3)",15.72087257369585
"(Date(""2025-04-15""), 3)",13.782050067278982
"(Date(""2025-04-16""), 3)",8.937486247767438
"(Date(""2025-04-17""), 3)",9.423383121056672
"(Date(""2025-04-18""), 3)",15.357635795427347
"(Date(""2025-04-19""), 3)",17.860444413237705
"(Date(""2025-04-20""), 3)",9.144109983480345
"(Date(""2025-04-21""), 3)",12.58776031268233
"(Date(""2025-04-22""), 3)",13.413957694016391
"(Date(""2025-04-23""), 3)",11.208701135065873
"(Date(""2025-04-24""), 3)",16.37004898456238
"(Date(""2025-04-25""), 3)",15.442687685748055
"(Date(""2025-04-26""), 3)",13.748950801725682
"(Date(""2025-04-27""), 3)",13.98212873259054
"(Date(""2025-04-28""), 3)",14.806594510038599
"(Date(""2025-04-29""), 3)",18.780384999439818
"(Date(""2025-04-30""), 3)",10.19230581812893
"(Date(""2025-05-01""), 3)",13.753863028859579
"(Date(""2025-05-02""), 3)",16.742681678755996
"(Date(""2025-05-03""), 3)",14.42892585354238
"(Date(""2025-05-04""), 3)",15.465418786160996
"(Date(""2025-05-05""), 3)",13.84883778468545
"(Date(""2025-05-06""), 3)",17.194471756784303
"(Date(""2025-05-07""), 3)",15.102814897880592
"(Date(""2025-05-08""), 3)",9.323099656376256
"(Date(""2025-05-09""), 3)",9.417820026513294
"(Date(""2025-05-10""), 3)",13.646203819439505
"(Date(""2025-05-11""), 3)",9.62567435896895
"(Date(""2025-05-12""), 3)",16.638681174425578
"(Date(""2025-05-13""), 3)",17.025663447652327
"(Date(""2025-05-14""), 3)",19.14327020025505
"(Date(""2025-05-15""), 3)",20.019152889409263
"(Date(""2025-05-16""), 3)",18.84658184478974
"(Date(""2025-05-17""), 3)",15.843852617272674
"(Date(""2025-05-18""), 3)",11.736363948677205
"(Date(""2025-05-19""), 3)",8.889302919418496
"(Date(""2025-05-20""), 3)",9.886114934874826
"(Date(""2025-05-21""), 3)",10.652666132641373
"(Date(""2025-05-22""), 3)",9.675045144024024
"(Date(""2025-05-23""), 3)",9.722037169346416
"(Date(""2025-05-24""), 3)",11.665567962872773
"(Date(""2025-05-25""), 3)",11.529259194034285
"(Date(""2025-05-26""), 3)",14.07658192665473
"(Date(""2025-05-27""), 3)",15.148481860717208
"(Date(""2025-05-28""), 3)",19.421682893538865
"(Date(""2025-05-29""), 3)",16.47646962050699
"(Date(""2025-05-30""), 3)",14.842033116484656
"(Date(""2025-05-31""), 3)",12.378182220482056
"(Date(""2025-06-01""), 3)",7.803825248234074
"(Date(""2025-06-02""), 3)",11.913376196565553
"(Date(""2025-06-03""), 3)",16.712604604628687
"(Date(""2025-06-04""), 3)",22.890789073527973
"(Date(""2025-06-05""), 3)",20.893525653019108
"(Date(""2025-06-06""), 3)",23.096340439468236
"(Date(""2025-06-07""), 3)",20.660933007707794
"(Date(""2025-06-08""), 3)",18.777958883335973
"(Date(""2025-06-09""), 3)",15.699170325517814
"(Date(""2025-06-10""), 3)",13.995991060907121
"(Date(""2025-06-11""), 3)",11.150501162558916
"(Date(""2025-06-12""), 3)",11.06443118613192
"(Date(""2025-06-13""), 3)",10.346239056480245
"(Date(""2025-06-14""), 3)",12.59701001455331
"(Date(""2025-06-15""), 3)",16.372336949422753
"(Date(""2025-06-16""), 3)",22.96944153499802
"(Date(""2025-06-17""), 3)",22.468137273141934
"(Date(""2025-06-18""), 3)",24.91459422027832
"(Date(""2025-06-19""), 3)",22.58296304377559
"(Date(""2025-06-20""), 3)",13.256332204235944
"(Date(""2025-06-21""), 3)",17.94014420241058
"(Date(""2025-06-22""), 3)",21.01803623344184
"(Date(""2025-06-23""), 3)",21.940439857683174
"(Date(""2025-06-24""), 3)",18.862409339711263
"(Date(""2025-06-25""), 3)",16.649088822951267
"(Date(""2025-06-26""), 3)",9.685127502435815
"(Date(""2025-06-27""), 3)",11.833131060543858
"(Date(""2025-06-28""), 3)",13.965176848463672
"(Date(""2025-06-29""), 3)",10.367426237974783
"(Date(""2025-06-30""), 3)",15.47338434558284
"(Date(""2025-07-01""), 3)",17.1206057066695
"(Date(""2025-07-02""), 3)",14.617689599759741
"(Date(""2025-07-03""), 3)",13.620899011895292
"(Date(""2025-07-04""), 3)",11.145764770990047
"(Date(""2025-07-05""), 3)",15.732632046018812
"(Date(""2025-07-06""), 3)",18.264111636463575
"(Date(""2025-07-07""), 3)",10.008776462422064
"(Date(""2025-07-08""), 3)",13.260415678514649
"(Date(""2025-07-09""), 3)",16.7443384920811
"(Date(""2025-07-10""), 3)",19.043040377236164
"(Date(""2025-07-11""), 3)",20.483140043853748
"(Date(""2025-07-12""), 3)",24.98815660411411
"(Date(""2025-07-13""), 3)",19.422319992517973
"(Date(""2025-07-14""), 3)",19.424281867950327
"(Date(""2025-07-15""), 3)",19.512748053326195
"(Date(""2025-07-16""), 3)",21.424603982379825
"(Date(""2025-07-17""), 3)",16.520451792354276
"(Date(""2025-07-18""), 3)",11.103268992554623
"(Date(""2025-07-19""), 3)",13.839187542039802
"(Date(""2025-07-20""), 3)",13.224807042890735
"(Date(""2025-07-21""), 3)",9.676520408587281
"(Date(""2025-07-22""), 3)",11.932219387603968
"(Date(""2025-07-23""), 3)",16.131729689846335
"(Date(""2025-07-24""), 3)",20.240593149484866
"(Date(""2025-07-25""), 3)",18.450287031026086
"(Date(""2025-07-26""), 3)",21.87974927036225
"(Date(""2025-07-27""), 3)",22.11601056469797
"(Date(""2025-07-28""), 3)",24.220979281090592
"(Date(""2025-07-29""), 3)",22.40731788198505
"(Date(""2025-07-30""), 3)",19.897848912987836
"(Date(""2025-07-31""), 3)",15.374721770692037
"(Date(""2025-08-01""), 3)",12.803489510800723
"(Date(""2025-08-02""), 3)",15.964947798912688
"(Date(""2025-08-03""), 3)",16.424240715609088
"(Date(""2025-08-04""), 3)",18.03413140947167
"(Date(""2025-08-05""), 3)",13.604374537014635
"(Date(""2025-08-06""), 3)",18.15648203818672
"(Date(""2025-08-07""), 3)",21.324520900269064
"(Date(""2025-08-08""), 3)",24.74161300702675
"(Date(""2025-08-09""), 3)",24.550981793279153
"(Date(""2025-08-10""), 3)",24.806790002232983
"(Date(""2025-08-11""), 3)",26.27256756619729
"(Date(""2025-08-12""), 3)",26.170057648704876
"(Date(""2025-08-13""), 3)",21.060058516841906
"(Date(""2025-08-14""), 3)",19.370970871914167
"(Date(""2025-08-15""), 3)",15.411500356915067
"(Date(""2025-08-16""), 3)",20.02060287191455
"(Date(""2025-08-17""), 3)",15.159700652128844
"(Date(""2025-08-18""), 3)",12.119746261258767
"(Date(""2025-08-19""), 3)",15.334837896473859
"(Date(""2025-08-20""), 3)",15.358078877466927
"(Date(""2025-08-21""), 3)",15.582513590861165
"(Date(""2025-08-22""), 3)",17.30770763010984
"(Date(""2025-08-23""), 3)",17.350122905084966
"(Date(""2025-08-24""), 3)",14.889689104756606
"(Date(""2025-08-25""), 3)",12.025747256431572
"(Date(""2025-08-26""), 3)",9.079948724146183
"(Date(""2025-08-27""), 3)",10.383630415535766
"(Date(""2025-08-28""), 3)",10.515850601537029
"(Date(""2025-08-29""), 3)",10.52666207264361
"(Date(""2025-08-30""), 3)",10.254239382597705
"(Date(""2025-08-31""), 3)",13.904720442948845
"(Date(""2025-09-01""), 3)",15.384600013012294
"(Date(""2025-09-02""), 3)",15.96035841028916
"(Date(""2025-09-03""), 3)",16.162695056596746
"(Date(""2025-09-04""), 3)",13.26005044079912
"(Date(""2025-09-05""), 3)",12.863059072816318
"(Date(""2025-09-06""), 3)",11.693761420744774
"(Date(""2025-09-07""), 3)",10.90679371483142
"(Date(""2025-09-08""), 3)",9.868952226591672
"(Date(""2025-09-09""), 3)",12.505982761515938
"(Date(""2025-09-10""), 3)",14.71981034223863
"(Date(""2025-09-11""), 3)",13.570277714076607
"(Date(""2025-09-12""), 3)",13.488517332948838
"(Date(""2025-09-13""), 3)",18.569999080222015
"(Date(""2025-09-14""), 3)",18.090960327648038
"(Date(""2025-09-15""), 3)",13.9197364951077
"(Date(""2025-09-16""), 3)",15.848878486934318
"(Date(""2025-09-17""), 3)",19.362443041412973
"(Date(""2025-09-18""), 3)",15.65904718231725
"(Date(""2025-09-19""), 3)",11.707981242654242
"(Date(""2025-09-20""), 3)",11.61148926940211
"(Date(""2025-09-21""), 3)",13.730637729563503
"(Date(""2025-09-22""), 3)",15.422149660903328
"(Date(""2025-09-23""), 3)",19.583956107894362
"(Date(""2025-09-24""), 3)",11.186484331102399
"(Date(""2025-09-25""), 3)",13.127656344629274
"(Date(""2025-09-26""), 3)",11.686811712335547
"(Date(""2025-09-27""), 3)",11.415443775894254
"(Date(""2025-09-28""), 3)",13.57837700413563
"(Date(""2025-09-29""), 3)",11.920585540168364
"(Date(""2025-09-30""), 3)",10.036673788317504
"(Date(""2025-10-01""), 3)",9.77516440168056
"(Date(""2025-10-02""), 3)",12.721807220527536
"(Date(""2025-10-03""), 3)",15.786537795859616
"(Date(""2025-10-04""), 3)",18.761602440803276
"(Date(""2025-10-05""), 3)",20.320390437438466
"(Date(""2025-10-06""), 3)",19.505488109261467
"(Date(""2025-10-07""), 3)",18.226835736321178
"(Date(""2025-10-08""), 3)",13.461191667463517
"(Date(""2025-10-09""), 3)",11.257327694579626
"(Date(""2025-10-10""), 3)",15.593799479858085
"(Date(""2025-10-11""), 3)",17.004477835462534
"(Date(""2025-10-12""), 3)",14.022945859804816
"(Date(""2025-10-13""), 3)",12.952277815352556
"(Date(""2025-10-14""), 3)",14.978398827289697
"(Date(""2025-10-15""), 3)",10.077996699649676
"(Date(""2025-10-16""), 3)",10.328827796212295
"(Date(""2025-10-17""), 3)",12.746796168159257
"(Date(""2025-10-18""), 3)",15.099786317001183
"(Date(""2025-10-19""), 3)",15.514487492278608
"(Date(""2025-10-20""), 3)",16.071541698342337
"(Date(""2025-10-21""), 3)",11.462095577859285
"(Date(""2025-10-22""), 3)",10.437449873901254
"(Date(""2025-10-23""), 3)",11.15520531656052
"(Date(""2025-10-24""), 3)",11.792965514467866
"(Date(""2025-10-25""), 3)",10.138019541062938
"(Date(""2025-10-26""), 3)",10.809532903075365
"(Date(""2025-10-27""), 3)",12.655310916583911
"(Date(""2025-10-28""), 3)",11.661616430585033
"(Date(""2025-10-29""), 3)",11.169680422806763
"(Date(""2025-10-30""), 3)",11.995318553202384
"(Date(""2025-10-31""), 3)",9.650143623998755
"(Date(""2025-11-01""), 3)",9.625084404890517
"(Date(""2025-11-02""), 3)",10.656334162485562
"(Date(""2025-11-03""), 3)",11.436108494105763
"(Date(""2025-11-04""), 3)",9.900212617740891
"(Date(""2025-11-05""), 3)",12.203046736358386
"(Date(""2025-11-06""), 3)",11.095879164134018
"(Date(""2025-11-07""), 3)",13.204341545322672
"(Date(""2025-11-08""), 3)",13.250764738083722
"(Date(""2025-11-09""), 3)",10.218184602978852
"(Date(""2025-11-10""), 3)",15.324860835276597
"(Date(""2025-11-11""), 3)",8.289694398787855
"(Date(""2025-11-12""), 3)",14.816954419033616
"(Date(""2025-11-13""), 3)",14.76823289974803
"(Date(""2025-11-14""), 3)",13.289059082199369
"(Date(""2025-11-15""), 3)",12.152716844381294
"(Date(""2025-11-16""), 3)",12.040823918194057
"(Date(""2025-11-17""), 3)",9.163795848770866
"(Date(""2025-11-18""), 3)",9.80301488491764
"(Date(""2025-11-19""), 3)",12.020952002073185
"(Date(""2025-11-20""), 3)",18.257272529206066
"(Date(""2025-11-21""), 3)",19.201236018240856
"(Date(""2025-11-22""), 3)",15.570547421349389
"(Date(""2025-11-23""), 3)",19.88234841602147
"(Date(""2025-11-24""), 3)",16.910429238473576
"(Date(""2025-11-25""), 3)",16.831054766045927
"(Date(""2025-11-26""), 3)",16.54920698000524
"(Date(""2025-11-27""), 3)",9.915113586947442
"(Date(""2025-11-28""), 3)",8.640663325763107
"(Date(""2025-11-29""), 3)",9.10201023948462
"(Date(""2025-11-30""), 3)",11.400458112037942
"(Date(""2025-12-01""), 3)",9.666166882237196
"(Date(""2025-12-02""), 3)",12.099517828312951
"(Date(""2025-12-03""), 3)",13.745136540256844
"(Date(""2025-12-04""), 3)",10.900850187260458
"(Date(""2025-12-05""), 3)",14.124157817621327
"(Date(""2025-12-06""), 3)",19.374600544207162
"(Date(""2025-12-07""), 3)",16.169398650106224
"(Date(""2025-12-08""), 3)",12.334824155257802
"(Date(""2025-12-09""), 3)",21.098278370306353
"(Date(""2025-12-10""), 3)",25.424414349011972
"(Date(""2025-12-11""), 3)",12.955761468653757
"(Date(""2025-12-12""), 3)",13.243200313137839
"(Date(""2025-12-13""), 3)",21.85708687252143
"(Date(""2025-12-14""), 3)",16.38524253900027
"(Date(""2025-12-15""), 3)",17.3069942626867
"(Date(""2025-12-16""), 3)",20.37663400680383
"(Date(""2025-12-17""), 3)",17.23097763031113
"(Date(""2025-12-18""), 3)",18.249526625298074
"(Date(""2025-12-19""), 3)",15.196442282444236
"(Date(""2025-12-20""), 3)",12.668054340335402
"(Date(""2025-12-21""), 3)",12.296630507094624
"(Date(""2025-12-22""), 3)",14.440491235095505
"(Date(""2025-12-23""), 3)",15.013698341785377
"(Date(""2025-12-24""), 3)",14.688706062968057
"(Date(""2025-12-25""), 3)",14.014854957899667
"(Date(""2025-12-26""), 3)",12.059537250419028
"(Date(""2025-12-27""), 3)",15.176481405128111
"(Date(""2025-12-28""), 3)",17.831591114864697
"(Date(""2025-12-29""), 3)",15.996885592371147
"(Date(""2025-12-30""), 3)",9.593670089404656
"(Date(""2025-12-31""), 3)",12.094915070007296
"(Date(""2025-01-01""), 6)",73.33509166726394
"(Date(""2025-01-02""), 6)",26.560654624003565
"(Date(""2025-01-03""), 6)",22.904064588201095
"(Date(""2025-01-04""), 6)",28.48508021943957
"(Date(""2025-01-05""), 6)",15.684231148274641
"(Date(""2025-01-06""), 6)",19.583345014598045
"(Date(""2025-01-07""), 6)",17.320477748376984
"(Date(""2025-01-08""), 6)",13.244067103777613
"(Date(""2025-01-09""), 6)",12.543587084078215
"(Date(""2025-01-10""), 6)",13.0913457513172
"(Date(""2025-01-11""), 6)",21.883301623343
"(Date(""2025-01-12""), 6)",16.09339242271549
"(Date(""2025-01-13""), 6)",26.654529228980135
"(Date(""2025-01-14""), 6)",13.31927143476103
"(Date(""2025-01-15""), 6)",15.718661273877391
"(Date(""2025-01-16""), 6)",22.478558455948214
"(Date(""2025-01-17""), 6)",21.547752253984036
"(Date(""2025-01-18""), 6)",18.651940810042287
"(Date(""2025-01-19""), 6)",16.0859150758543
"(Date(""2025-01-20""), 6)",13.494723928863596
"(Date(""2025-01-21""), 6)",16.304656564448237
"(Date(""2025-01-22""), 6)",17.259302765608382
"(Date(""2025-01-23""), 6)",22.08101915709416
"(Date(""2025-01-24""), 6)",17.191619998939068
"(Date(""2025-01-25""), 6)",22.170378716022054
"(Date(""2025-01-26""), 6)",20.901314067708732
"(Date(""2025-01-27""), 6)",13.803686794906781
"(Date(""2025-01-28""), 6)",12.565381181142163
"(Date(""2025-01-29""), 6)",15.531122141130483
"(Date(""2025-01-30""), 6)",13.533167994894468
"(Date(""2025-01-31""), 6)",20.90243191100551
"(Date(""2025-02-01""), 6)",13.922785419134541
"(Date(""2025-02-02""), 6)",17.693086281718706
"(Date(""2025-02-03""), 6)",31.73804499988657
"(Date(""2025-02-04""), 6)",17.984442232973205
"(Date(""2025-02-05""), 6)",16.75867207282572
"(Date(""2025-02-06""), 6)",27.47515276638256
"(Date(""2025-02-07""), 6)",17.404500689925328
"(Date(""2025-02-08""), 6)",20.2921188380366
"(Date(""2025-02-09""), 6)",21.515945072451924
"(Date(""2025-02-10""), 6)",15.413818085189344
"(Date(""2025-02-11""), 6)",16.317131214034966
"(Date(""2025-02-12""), 6)",13.528688012568303
"(Date(""2025-02-13""), 6)",16.109419869361197
"(Date(""2025-02-14""), 6)",14.378197748947628
"(Date(""2025-02-15""), 6)",16.837096353527148
"(Date(""2025-02-16""), 6)",11.502887337938699
"(Date(""2025-02-17""), 6)",9.382200008431672
"(Date(""2025-02-18""), 6)",8.960067368083699
"(Date(""2025-02-19""), 6)",10.212070637455675
"(Date(""2025-02-20""), 6)",14.671388085130001
"(Date(""2025-02-21""), 6)",13.786097349866848
"(Date(""2025-02-22""), 6)",18.286507384672444
"(Date(""2025-02-23""), 6)",18.52049452854642
"(Date(""2025-02-24""), 6)",17.873773055120793
"(Date(""2025-02-25""), 6)",19.51605156699628
"(Date(""2025-02-26""), 6)",15.889441353038993
"(Date(""2025-02-27""), 6)",20.024387889381174
"(Date(""2025-02-28""), 6)",12.196427863163848
"(Date(""2025-03-01""), 6)",16.077531283636084
"(Date(""2025-03-02""), 6)",10.366472080778365
"(Date(""2025-03-03""), 6)",19.598161266986722
"(Date(""2025-03-04""), 6)",32.45360911129575
"(Date(""2025-03-05""), 6)",24.45151937017974
"(Date(""2025-03-06""), 6)",17.570015583063324
"(Date(""2025-03-07""), 6)",11.085510790087348
"(Date(""2025-03-08""), 6)",11.571404069335118
"(Date(""2025-03-09""), 6)",15.032084317994547
"(Date(""2025-03-10""), 6)",17.015470454292206
"(Date(""2025-03-11""), 6)",17.173567329540028
"(Date(""2025-03-12""), 6)",14.875197197373447
"(Date(""2025-03-13""), 6)",18.514505590063425
"(Date(""2025-03-14""), 6)",26.91500702814125
"(Date(""2025-03-15""), 6)",26.79922271330777
"(Date(""2025-03-16""), 6)",24.74129575784836
"(Date(""2025-03-17""), 6)",18.618718694223148
"(Date(""2025-03-18""), 6)",17.519778857571392
"(Date(""2025-03-19""), 6)",23.461942198039296
"(Date(""2025-03-20""), 6)",19.88807379129729
"(Date(""2025-03-21""), 6)",13.02538149418259
"(Date(""2025-03-22""), 6)",16.225500447800197
"(Date(""2025-03-23""), 6)",12.281513924733357
"(Date(""2025-03-24""), 6)",18.049204931320592
"(Date(""2025-03-25""), 6)",16.091527786667257
"(Date(""2025-03-26""), 6)",13.769777275150398
"(Date(""2025-03-27""), 6)",12.663377914685702
"(Date(""2025-03-28""), 6)",12.331663673279245
"(Date(""2025-03-29""), 6)",11.183103432660962
"(Date(""2025-03-30""), 6)",11.913437971292426
"(Date(""2025-03-31""), 6)",16.05530988797733
"(Date(""2025-04-01""), 6)",8.170486694717232
"(Date(""2025-04-02""), 6)",10.105975928031436
"(Date(""2025-04-03""), 6)",14.35493442677102
"(Date(""2025-04-04""), 6)",11.106878309311858
"(Date(""2025-04-05""), 6)",10.57977996550546
"(Date(""2025-04-06""), 6)",10.868026765179092
"(Date(""2025-04-07""), 6)",9.264392188686063
"(Date(""2025-04-08""), 6)",9.928698040418059
"(Date(""2025-04-09""), 6)",8.463526052984495
"(Date(""2025-04-10""), 6)",12.777951204683026
"(Date(""2025-04-11""), 6)",15.354023988699119
"(Date(""2025-04-12""), 6)",14.892318714081824
"(Date(""2025-04-13""), 6)",14.71348479250898
"(Date(""2025-04-14""), 6)",16.42209196509738
"(Date(""2025-04-15""), 6)",14.459584115458066
"(Date(""2025-04-16""), 6)",9.243984850646354
"(Date(""2025-04-17""), 6)",9.921810675771516
"(Date(""2025-04-18""), 6)",15.72729450434052
"(Date(""2025-04-19""), 6)",19.38565460795134
"(Date(""2025-04-20""), 6)",9.763795560421828
"(Date(""2025-04-21""), 6)",14.184633632650524
"(Date(""2025-04-22""), 6)",14.549439514316552
"(Date(""2025-04-23""), 6)",12.056679622451563
"(Date(""2025-04-24""), 6)",17.701223635982164
"(Date(""2025-04-25""), 6)",16.701117319554484
"(Date(""2025-04-26""), 6)",15.0719890748402
"(Date(""2025-04-27""), 6)",14.946047993810735
"(Date(""2025-04-28""), 6)",15.501383322832236
"(Date(""2025-04-29""), 6)",18.794728349421444
"(Date(""2025-04-30""), 6)",10.325819169690334
"(Date(""2025-05-01""), 6)",13.747321363916402
"(Date(""2025-05-02""), 6)",16.94856628101355
"(Date(""2025-05-03""), 6)",14.454197479416528
"(Date(""2025-05-04""), 6)",15.828722204831964
"(Date(""2025-05-05""), 6)",14.329325033035921
"(Date(""2025-05-06""), 6)",17.46272808314305
"(Date(""2025-05-07""), 6)",14.969288071201392
"(Date(""2025-05-08""), 6)",9.323920833653666
"(Date(""2025-05-09""), 6)",9.536913163126775
"(Date(""2025-05-10""), 6)",14.049191186361963
"(Date(""2025-05-11""), 6)",9.8488064592546
"(Date(""2025-05-12""), 6)",16.92988948131074
"(Date(""2025-05-13""), 6)",17.1722203029537
"(Date(""2025-05-14""), 6)",19.2777794731217
"(Date(""2025-05-15""), 6)",19.537081704678155
"(Date(""2025-05-16""), 6)",18.167222525391875
"(Date(""2025-05-17""), 6)",14.980991372441002
"(Date(""2025-05-18""), 6)",11.426490825377702
"(Date(""2025-05-19""), 6)",8.693861514447043
"(Date(""2025-05-20""), 6)",9.82577723364555
"(Date(""2025-05-21""), 6)",10.57668568840766
"(Date(""2025-05-22""), 6)",9.742643973598696
"(Date(""2025-05-23""), 6)",9.911064287281823
"(Date(""2025-05-24""), 6)",11.910172568963018
"(Date(""2025-05-25""), 6)",11.692394022883589
"(Date(""2025-05-26""), 6)",14.161393084108655
"(Date(""2025-05-27""), 6)",15.390883811732827
"(Date(""2025-05-28""), 6)",19.096687917688282
"(Date(""2025-05-29""), 6)",16.720589557444136
"(Date(""2025-05-30""), 6)",14.977955361641989
"(Date(""2025-05-31""), 6)",12.755501535404468
"(Date(""2025-06-01""), 6)",7.762417121097747
"(Date(""2025-06-02""), 6)",11.751741618420098
"(Date(""2025-06-03""), 6)",16.283748110444765
"(Date(""2025-06-04""), 6)",22.150432768334163
"(Date(""2025-06-05""), 6)",20.51928750319934
"(Date(""2025-06-06""), 6)",23.19573343601368
"(Date(""2025-06-07""), 6)",21.188192273859116
"(Date(""2025-06-08""), 6)",19.090217971583108
"(Date(""2025-06-09""), 6)",15.997814491236568
"(Date(""2025-06-10""), 6)",14.306320804437874
"(Date(""2025-06-11""), 6)",11.484830178912476
"(Date(""2025-06-12""), 6)",11.515922304681636
"(Date(""2025-06-13""), 6)",10.66347394232145
"(Date(""2025-06-14""), 6)",13.00282108580983
"(Date(""2025-06-15""), 6)",16.54588065434901
"(Date(""2025-06-16""), 6)",23.194782213949313
"(Date(""2025-06-17""), 6)",22.41825918910984
"(Date(""2025-06-18""), 6)",24.55236319609617
"(Date(""2025-06-19""), 6)",21.3109634621476
"(Date(""2025-06-20""), 6)",12.645691253122525
"(Date(""2025-06-21""), 6)",17.36635729641496
"(Date(""2025-06-22""), 6)",20.695926393754423
"(Date(""2025-06-23""), 6)",21.591517799924986
"(Date(""2025-06-24""), 6)",19.208553722623908
"(Date(""2025-06-25""), 6)",17.358473093894123
"(Date(""2025-06-26""), 6)",10.428891794840233
"(Date(""2025-06-27""), 6)",12.65058046795018
"(Date(""2025-06-28""), 6)",15.000570889080132
"(Date(""2025-06-29""), 6)",11.170824550500512
"(Date(""2025-06-30""), 6)",16.367091335048872
"(Date(""2025-07-01""), 6)",17.556670465025913
"(Date(""2025-07-02""), 6)",15.118830109191341
"(Date(""2025-07-03""), 6)",14.458243922351034
"(Date(""2025-07-04""), 6)",12.150248070834277
"(Date(""2025-07-05""), 6)",17.036353249233613
"(Date(""2025-07-06""), 6)",19.502268707928074
"(Date(""2025-07-07""), 6)",10.342293800940768
"(Date(""2025-07-08""), 6)",13.879963228362913
"(Date(""2025-07-09""), 6)",17.819344577411577
"(Date(""2025-07-10""), 6)",19.685402851661923
"(Date(""2025-07-11""), 6)",21.602390585730586
"(Date(""2025-07-12""), 6)",26.08780516300774
"(Date(""2025-07-13""), 6)",20.094720737047147
"(Date(""2025-07-14""), 6)",20.01917152574523
"(Date(""2025-07-15""), 6)",20.603150797162428
"(Date(""2025-07-16""), 6)",22.918207226537227
"(Date(""2025-07-17""), 6)",17.970218544981154
"(Date(""2025-07-18""), 6)",11.880973046308355
"(Date(""2025-07-19""), 6)",14.71482175032813
"(Date(""2025-07-20""), 6)",13.640640382796194
"(Date(""2025-07-21""), 6)",9.802966522005866
"(Date(""2025-07-22""), 6)",12.150268345126216
"(Date(""2025-07-23""), 6)",16.419127736515506
"(Date(""2025-07-24""), 6)",20.749891767041408
"(Date(""2025-07-25""), 6)",18.020594129246582
"(Date(""2025-07-26""), 6)",20.92581439261439
"(Date(""2025-07-27""), 6)",20.42623028952238
"(Date(""2025-07-28""), 6)",24.99570538970074
"(Date(""2025-07-29""), 6)",23.078650277269652
"(Date(""2025-07-30""), 6)",20.668960829217237
"(Date(""2025-07-31""), 6)",16.172393367567206
"(Date(""2025-08-01""), 6)",13.336601842922358
"(Date(""2025-08-02""), 6)",16.64918903153648
"(Date(""2025-08-03""), 6)",17.7802015584311
"(Date(""2025-08-04""), 6)",19.68279910665513
"(Date(""2025-08-05""), 6)",15.194263132169288
"(Date(""2025-08-06""), 6)",20.200737921043476
"(Date(""2025-08-07""), 6)",24.14165333906502
"(Date(""2025-08-08""), 6)",25.979214827705924
"(Date(""2025-08-09""), 6)",26.210050285100156
"(Date(""2025-08-10""), 6)",26.19643513338991
"(Date(""2025-08-11""), 6)",27.313600955123924
"(Date(""2025-08-12""), 6)",27.812310068154705
"(Date(""2025-08-13""), 6)",21.437916453121126
"(Date(""2025-08-14""), 6)",19.989775427398047
"(Date(""2025-08-15""), 6)",16.42311172858619
"(Date(""2025-08-16""), 6)",21.235085260149088
"(Date(""2025-08-17""), 6)",15.111517048138769
"(Date(""2025-08-18""), 6)",12.119281786028136
"(Date(""2025-08-19""), 6)",15.267351808751085
"(Date(""2025-08-20""), 6)",15.66546341202427
"(Date(""2025-08-21""), 6)",16.05295221948066
"(Date(""2025-08-22""), 6)",18.26946084662702
"(Date(""2025-08-23""), 6)",18.26252436738583
"(Date(""2025-08-24""), 6)",15.343098356627921
"(Date(""2025-08-25""), 6)",12.217741970344685
"(Date(""2025-08-26""), 6)",9.459105391314774
"(Date(""2025-08-27""), 6)",10.929431840770176
"(Date(""2025-08-28""), 6)",11.172883235779091
"(Date(""2025-08-29""), 6)",11.006916538321832
"(Date(""2025-08-30""), 6)",10.765484822526167
"(Date(""2025-08-31""), 6)",14.419473617028542
"(Date(""2025-09-01""), 6)",15.918487981193422
"(Date(""2025-09-02""), 6)",16.52082081410174
"(Date(""2025-09-03""), 6)",16.565196803858502
"(Date(""2025-09-04""), 6)",13.603207585461396
"(Date(""2025-09-05""), 6)",13.172559308634582
"(Date(""2025-09-06""), 6)",11.94070383167793
"(Date(""2025-09-07""), 6)",11.12384423837354
"(Date(""2025-09-08""), 6)",10.160183822462933
"(Date(""2025-09-09""), 6)",13.53391771104044
"(Date(""2025-09-10""), 6)",16.845317856494717
"(Date(""2025-09-11""), 6)",16.12121429313346
"(Date(""2025-09-12""), 6)",14.83478748395079
"(Date(""2025-09-13""), 6)",19.991786521874605
"(Date(""2025-09-14""), 6)",18.50685477918618
"(Date(""2025-09-15""), 6)",14.169287211895421
"(Date(""2025-09-16""), 6)",17.104921017804454
"(Date(""2025-09-17""), 6)",20.758294795221207
"(Date(""2025-09-18""), 6)",16.823348577953038
"(Date(""2025-09-19""), 6)",12.53658263573993
"(Date(""2025-09-20""), 6)",12.944519796344919
"(Date(""2025-09-21""), 6)",15.482296075297826
"(Date(""2025-09-22""), 6)",17.414855503707212
"(Date(""2025-09-23""), 6)",22.13534484161002
"(Date(""2025-09-24""), 6)",12.94779200027946
"(Date(""2025-09-25""), 6)",15.18188779416412
"(Date(""2025-09-26""), 6)",13.211754981373709
"(Date(""2025-09-27""), 6)",12.29703247883224
"(Date(""2025-09-28""), 6)",14.868664801163254
"(Date(""2025-09-29""), 6)",12.719320983983447
"(Date(""2025-09-30""), 6)",10.910623242397056
"(Date(""2025-10-01""), 6)",10.504669893232798
"(Date(""2025-10-02""), 6)",13.85524842367822
"(Date(""2025-10-03""), 6)",17.1565683660259
"(Date(""2025-10-04""), 6)",20.446202031910012
"(Date(""2025-10-05""), 6)",21.44944202454605
"(Date(""2025-10-06""), 6)",20.9567609424402
"(Date(""2025-10-07""), 6)",19.523213997513945
"(Date(""2025-10-08""), 6)",14.688790854793329
"(Date(""2025-10-09""), 6)",12.199108716977912
"(Date(""2025-10-10""), 6)",16.98954205330117
"(Date(""2025-10-11""), 6)",18.616965271768002
"(Date(""2025-10-12""), 6)",15.24687138322413
"(Date(""2025-10-13""), 6)",14.075077780946181
"(Date(""2025-10-14""), 6)",15.897614434855093
"(Date(""2025-10-15""), 6)",10.529852129230251
"(Date(""2025-10-16""), 6)",10.744683870031482
"(Date(""2025-10-17""), 6)",13.402651152752863
"(Date(""2025-10-18""), 6)",16.083769191970507
"(Date(""2025-10-19""), 6)",16.569956305237252
"(Date(""2025-10-20""), 6)",17.121480502590614
"(Date(""2025-10-21""), 6)",12.297183254452722
"(Date(""2025-10-22""), 6)",11.332497870854944
"(Date(""2025-10-23""), 6)",12.195397448035795
"(Date(""2025-10-24""), 6)",12.99383290913081
"(Date(""2025-10-25""), 6)",10.983033439234385
"(Date(""2025-10-26""), 6)",11.63393241842803
"(Date(""2025-10-27""), 6)",13.43215592020349
"(Date(""2025-10-28""), 6)",12.445624517647854
"(Date(""2025-10-29""), 6)",12.162703113234262
"(Date(""2025-10-30""), 6)",12.913726132267207
"(Date(""2025-10-31""), 6)",10.43481269413577
"(Date(""2025-11-01""), 6)",9.99635763953636
"(Date(""2025-11-02""), 6)",10.802003985765346
"(Date(""2025-11-03""), 6)",11.502725620367748
"(Date(""2025-11-04""), 6)",9.97340303564968
"(Date(""2025-11-05""), 6)",12.496605052221218
"(Date(""2025-11-06""), 6)",11.001628044442231
"(Date(""2025-11-07""), 6)",13.272017033386243
"(Date(""2025-11-08""), 6)",12.881027729090162
"(Date(""2025-11-09""), 6)",10.107091480289915
"(Date(""2025-11-10""), 6)",15.418414550734237
"(Date(""2025-11-11""), 6)",8.502370717703739
"(Date(""2025-11-12""), 6)",15.27635491873314
"(Date(""2025-11-13""), 6)",14.830617498846177
"(Date(""2025-11-14""), 6)",13.694005197447597
"(Date(""2025-11-15""), 6)",12.498985935467838
"(Date(""2025-11-16""), 6)",12.504055004439437
"(Date(""2025-11-17""), 6)",9.362206409168078
"(Date(""2025-11-18""), 6)",10.128899531286114
"(Date(""2025-11-19""), 6)",12.388018399703839
"(Date(""2025-11-20""), 6)",18.764925750522885
"(Date(""2025-11-21""), 6)",19.778999378821293
"(Date(""2025-11-22""), 6)",16.249778568329596
"(Date(""2025-11-23""), 6)",21.008385137227897
"(Date(""2025-11-24""), 6)",17.736727507419545
"(Date(""2025-11-25""), 6)",17.606921864937462
"(Date(""2025-11-26""), 6)",17.347756651006616
"(Date(""2025-11-27""), 6)",10.469981144083834
"(Date(""2025-11-28""), 6)",9.225112090408027
"(Date(""2025-11-29""), 6)",9.78709031363423
"(Date(""2025-11-30""), 6)",12.461269906573122
"(Date(""2025-12-01""), 6)",10.597994424453358
"(Date(""2025-12-02""), 6)",13.470713858936232
"(Date(""2025-12-03""), 6)",15.029000640932674
"(Date(""2025-12-04""), 6)",11.86482720209783
"(Date(""2025-12-05""), 6)",15.582925941374853
"(Date(""2025-12-06""), 6)",20.798321250496002
"(Date(""2025-12-07""), 6)",17.95002236266275
"(Date(""2025-12-08""), 6)",13.523264330481728
"(Date(""2025-12-09""), 6)",23.87663803296749
"(Date(""2025-12-10""), 6)",28.08919820883595
"(Date(""2025-12-11""), 6)",14.266368658362584
"(Date(""2025-12-12""), 6)",14.882370645248688
"(Date(""2025-12-13""), 6)",23.76790968936752
"(Date(""2025-12-14""), 6)",17.769608990239266
"(Date(""2025-12-15""), 6)",19.11197494771752
"(Date(""2025-12-16""), 6)",22.632835490546295
"(Date(""2025-12-17""), 6)",18.55453079844471
"(Date(""2025-12-18""), 6)",19.48418057711144
"(Date(""2025-12-19""), 6)",15.964189673546741
"(Date(""2025-12-20""), 6)",13.264649850187185
"(Date(""2025-12-21""), 6)",12.645642421249335
"(Date(""2025-12-22""), 6)",14.867470744795295
"(Date(""2025-12-23""), 6)",15.685509394364924
"(Date(""2025-12-24""), 6)",15.627792133913031
"(Date(""2025-12-25""), 6)",14.675527096787027
"(Date(""2025-12-26""), 6)",12.9917230850492
"(Date(""2025-12-27""), 6)",15.99819417134709
"(Date(""2025-12-28""), 6)",18.786488833140094
"(Date(""2025-12-29""), 6)",16.386742719049856
"(Date(""2025-12-30""), 6)",9.73627149754639
"(Date(""2025-12-31""), 6)",12.453722986283761
"(Date(""2025-01-01""), 17)",56.17806531533685
"(Date(""2025-01-02""), 17)",19.67232795286034
"(Date(""2025-01-03""), 17)",18.64881731979329
"(Date(""2025-01-04""), 17)",20.59897993052602
"(Date(""2025-01-05""), 17)",13.308076842974248
"(Date(""2025-01-06""), 17)",16.254819777234218
"(Date(""2025-01-07""), 17)",14.586070170966071
"(Date(""2025-01-08""), 17)",11.85456442150893
"(Date(""2025-01-09""), 17)",11.165225481930987
"(Date(""2025-01-10""), 17)",11.854808551443538
"(Date(""2025-01-11""), 17)",19.840048746546284
"(Date(""2025-01-12""), 17)",14.301154654549201
"(Date(""2025-01-13""), 17)",24.505495641406256
"(Date(""2025-01-14""), 17)",12.366768290751875
"(Date(""2025-01-15""), 17)",14.735165403937115
"(Date(""2025-01-16""), 17)",21.555033744215102
"(Date(""2025-01-17""), 17)",21.202837419238595
"(Date(""2025-01-18""), 17)",18.73430385713937
"(Date(""2025-01-19""), 17)",15.80748753490357
"(Date(""2025-01-20""), 17)",13.445674425347779
"(Date(""2025-01-21""), 17)",16.095517607866835
"(Date(""2025-01-22""), 17)",16.83561818227461
"(Date(""2025-01-23""), 17)",21.565874220737875
"(Date(""2025-01-24""), 17)",16.53009151411336
"(Date(""2025-01-25""), 17)",21.454638149714466
"(Date(""2025-01-26""), 17)",19.9569209714336
"(Date(""2025-01-27""), 17)",13.40324403723472
"(Date(""2025-01-28""), 17)",12.023983159690319
"(Date(""2025-01-29""), 17)",14.936384322123141
"(Date(""2025-01-30""), 17)",13.496114290330208
"(Date(""2025-01-31""), 17)",20.79123099076578
"(Date(""2025-02-01""), 17)",13.944353109763494
"(Date(""2025-02-02""), 17)",17.657215502985693
"(Date(""2025-02-03""), 17)",31.700109123270284
"(Date(""2025-02-04""), 17)",17.79919330182982
"(Date(""2025-02-05""), 17)",16.403668232200427
"(Date(""2025-02-06""), 17)",26.585457492511495
"(Date(""2025-02-07""), 17)",16.756755392292757
"(Date(""2025-02-08""), 17)",19.952164005616158
"(Date(""2025-02-09""), 17)",23.068992687176582
"(Date(""2025-02-10""), 17)",16.840915874693994
"(Date(""2025-02-11""), 17)",17.81598993540647
"(Date(""2025-02-12""), 17)",14.099521490621852
"(Date(""2025-02-13""), 17)",17.290217205909613
"(Date(""2025-02-14""), 17)",14.49419950311628
"(Date(""2025-02-15""), 17)",17.24626518575223
"(Date(""2025-02-16""), 17)",11.837369472666902
"(Date(""2025-02-17""), 17)",9.863077139969194
"(Date(""2025-02-18""), 17)",9.153499454214094
"(Date(""2025-02-19""), 17)",10.008599997051496
"(Date(""2025-02-20""), 17)",14.507639927706261
"(Date(""2025-02-21""), 17)",13.226057624839555
"(Date(""2025-02-22""), 17)",17.293776412387118
"(Date(""2025-02-23""), 17)",18.526078223133414
"(Date(""2025-02-24""), 17)",19.563271228093768
"(Date(""2025-02-25""), 17)",21.733159466508127
"(Date(""2025-02-26""), 17)",17.465639918555876
"(Date(""2025-02-27""), 17)",21.54380370648008
"(Date(""2025-02-28""), 17)",13.543211707358427
"(Date(""2025-03-01""), 17)",17.120551027500188
"(Date(""2025-03-02""), 17)",10.682889048585265
"(Date(""2025-03-03""), 17)",19.247447065881033
"(Date(""2025-03-04""), 17)",33.04823496520312
"(Date(""2025-03-05""), 17)",24.439648274334118
"(Date(""2025-03-06""), 17)",17.99074068383107
"(Date(""2025-03-07""), 17)",10.944779223289427
"(Date(""2025-03-08""), 17)",11.51718883088874
"(Date(""2025-03-09""), 17)",14.63252873610391
"(Date(""2025-03-10""), 17)",16.97031509831824
"(Date(""2025-03-11""), 17)",16.722752266472288
"(Date(""2025-03-12""), 17)",14.784298994899862
"(Date(""2025-03-13""), 17)",18.389631028156973
"(Date(""2025-03-14""), 17)",27.258598744167276
"(Date(""2025-03-15""), 17)",26.98931503543069
"(Date(""2025-03-16""), 17)",24.814126454264656
"(Date(""2025-03-17""), 17)",18.192636893266098
"(Date(""2025-03-18""), 17)",16.8815970828565
"(Date(""2025-03-19""), 17)",21.7647530461288
"(Date(""2025-03-20""), 17)",18.635698198660805
"(Date(""2025-03-21""), 17)",12.09438395119754
"(Date(""2025-03-22""), 17)",15.264479715839032
"(Date(""2025-03-23""), 17)",11.788055233242563
"(Date(""2025-03-24""), 17)",17.58846860129019
"(Date(""2025-03-25""), 17)",15.453199290440972
"(Date(""2025-03-26""), 17)",13.037910506644879
"(Date(""2025-03-27""), 17)",11.714981492420112
"(Date(""2025-03-28""), 17)",11.603124349148757
"(Date(""2025-03-29""), 17)",10.80703098504087
"(Date(""2025-03-30""), 17)",11.881724868307208
"(Date(""2025-03-31""), 17)",15.652086109400473
"(Date(""2025-04-01""), 17)",7.862761219321616
"(Date(""2025-04-02""), 17)",9.524985781935293
"(Date(""2025-04-03""), 17)",13.781634041026283
"(Date(""2025-04-04""), 17)",10.628045375207282
"(Date(""2025-04-05""), 17)",10.298927830890387
"(Date(""2025-04-06""), 17)",10.59542776900248
"(Date(""2025-04-07""), 17)",9.66495431303935
"(Date(""2025-04-08""), 17)",10.16825987633768
"(Date(""2025-04-09""), 17)",8.75675013243745
"(Date(""2025-04-10""), 17)",12.239942365362163
"(Date(""2025-04-11""), 17)",14.845821532925253
"(Date(""2025-04-12""), 17)",14.244163870005174
"(Date(""2025-04-13""), 17)",14.353948308712472
"(Date(""2025-04-14""), 17)",16.49685794966242
"(Date(""2025-04-15""), 17)",14.857847129040255
"(Date(""2025-04-16""), 17)",9.505027494062945
"(Date(""2025-04-17""), 17)",9.779366465394924
"(Date(""2025-04-18""), 17)",15.390785302227828
"(Date(""2025-04-19""), 17)",18.45822305057625
"(Date(""2025-04-20""), 17)",9.293702039107258
"(Date(""2025-04-21""), 17)",13.236695072888041
"(Date(""2025-04-22""), 17)",13.553789518370214
"(Date(""2025-04-23""), 17)",11.217421005564406
"(Date(""2025-04-24""), 17)",16.380343975740747
"(Date(""2025-04-25""), 17)",15.474344401719934
"(Date(""2025-04-26""), 17)",13.89520067050033
"(Date(""2025-04-27""), 17)",13.70447349623839
"(Date(""2025-04-28""), 17)",14.245028388626814
"(Date(""2025-04-29""), 17)",17.63940434045534
"(Date(""2025-04-30""), 17)",9.653760989235153
"(Date(""2025-05-01""), 17)",13.571950653059568
"(Date(""2025-05-02""), 17)",16.698385984508228
"(Date(""2025-05-03""), 17)",14.733333493869914
"(Date(""2025-05-04""), 17)",15.73605715491836
"(Date(""2025-05-05""), 17)",14.188280154915377
"(Date(""2025-05-06""), 17)",16.980863287315742
"(Date(""2025-05-07""), 17)",14.617854125773416
"(Date(""2025-05-08""), 17)",9.24110849852262
"(Date(""2025-05-09""), 17)",10.043350077687268
"(Date(""2025-05-10""), 17)",14.702057601258652
"(Date(""2025-05-11""), 17)",10.227687178052312
"(Date(""2025-05-12""), 17)",17.376826336868813
"(Date(""2025-05-13""), 17)",17.416350046865745
"(Date(""2025-05-14""), 17)",18.912448008545745
"(Date(""2025-05-15""), 17)",19.327027112397946
"(Date(""2025-05-16""), 17)",17.592788553173186
"(Date(""2025-05-17""), 17)",15.016062388848518
"(Date(""2025-05-18""), 17)",11.661120180270546
"(Date(""2025-05-19""), 17)",9.396564629330369
"(Date(""2025-05-20""), 17)",10.846054197668556
"(Date(""2025-05-21""), 17)",11.777581377793709
"(Date(""2025-05-22""), 17)",10.863492786730546
"(Date(""2025-05-23""), 17)",11.127514441527117
"(Date(""2025-05-24""), 17)",13.36814887535954
"(Date(""2025-05-25""), 17)",13.128493489209907
"(Date(""2025-05-26""), 17)",15.46840261801898
"(Date(""2025-05-27""), 17)",16.18054801813448
"(Date(""2025-05-28""), 17)",20.02415236147965
"(Date(""2025-05-29""), 17)",16.860670541360914
"(Date(""2025-05-30""), 17)",14.872311356817505
"(Date(""2025-05-31""), 17)",12.550207787311198
"(Date(""2025-06-01""), 17)",7.682447335318519
"(Date(""2025-06-02""), 17)",11.823329521942133
"(Date(""2025-06-03""), 17)",16.55456022376857
"(Date(""2025-06-04""), 17)",23.288548604835032
"(Date(""2025-06-05""), 17)",21.247000882227415
"(Date(""2025-06-06""), 17)",24.362237500386435
"(Date(""2025-06-07""), 17)",21.729865903809735
"(Date(""2025-06-08""), 17)",19.588725896979746
"(Date(""2025-06-09""), 17)",16.377698884664927
"(Date(""2025-06-10""), 17)",14.365125413889869
"(Date(""2025-06-11""), 17)",11.506714286723813
"(Date(""2025-06-12""), 17)",11.347306216113862
"(Date(""2025-06-13""), 17)",10.675742170745623
"(Date(""2025-06-14""), 17)",13.247795700637587
"(Date(""2025-06-15""), 17)",17.02304759873718
"(Date(""2025-06-16""), 17)",23.746759834592545
"(Date(""2025-06-17""), 17)",22.63780481495867
"(Date(""2025-06-18""), 17)",24.647020164090964
"(Date(""2025-06-19""), 17)",22.419158126439758
"(Date(""2025-06-20""), 17)",12.96697061389917
"(Date(""2025-06-21""), 17)",17.298917040113906
"(Date(""2025-06-22""), 17)",19.661768307614288
"(Date(""2025-06-23""), 17)",20.190360750862546
"(Date(""2025-06-24""), 17)",17.62562113259838
"(Date(""2025-06-25""), 17)",15.630825930189804
"(Date(""2025-06-26""), 17)",9.479845311075549
"(Date(""2025-06-27""), 17)",11.95293192621678
"(Date(""2025-06-28""), 17)",14.60526382529792
"(Date(""2025-06-29""), 17)",10.687115210955394
"(Date(""2025-06-30""), 17)",15.319011554360399
"(Date(""2025-07-01""), 17)",16.318109976601242
"(Date(""2025-07-02""), 17)",13.91645661349222
"(Date(""2025-07-03""), 17)",13.03031412172446
"(Date(""2025-07-04""), 17)",10.797725011831176
"(Date(""2025-07-05""), 17)",15.297671333327791
"(Date(""2025-07-06""), 17)",17.490155494083726
"(Date(""2025-07-07""), 17)",9.690308777796076
"(Date(""2025-07-08""), 17)",12.904624262671774
"(Date(""2025-07-09""), 17)",16.835245767144293
"(Date(""2025-07-10""), 17)",19.060819752356103
"(Date(""2025-07-11""), 17)",20.825554395893395
"(Date(""2025-07-12""), 17)",25.530093224848116
"(Date(""2025-07-13""), 17)",19.715759957250707
"(Date(""2025-07-14""), 17)",19.461481034652916
"(Date(""2025-07-15""), 17)",19.735841146110214
"(Date(""2025-07-16""), 17)",21.520641434853587
"(Date(""2025-07-17""), 17)",16.749515398884164
"(Date(""2025-07-18""), 17)",11.153289238907707
"(Date(""2025-07-19""), 17)",14.191315472692127
"(Date(""2025-07-20""), 17)",13.553514848839422
"(Date(""2025-07-21""), 17)",9.83589967873636
"(Date(""2025-07-22""), 17)",12.046670468638311
"(Date(""2025-07-23""), 17)",16.240287271321048
"(Date(""2025-07-24""), 17)",20.522057023384363
"(Date(""2025-07-25""), 17)",18.506335413030385
"(Date(""2025-07-26""), 17)",21.775354463975177
"(Date(""2025-07-27""), 17)",22.21736151636798
"(Date(""2025-07-28""), 17)",24.4487923212583
"(Date(""2025-07-29""), 17)",22.51907375201263
"(Date(""2025-07-30""), 17)",19.587019436762823
"(Date(""2025-07-31""), 17)",14.826090168825
"(Date(""2025-08-01""), 17)",12.376478301670263
"(Date(""2025-08-02""), 17)",15.457657447847348
"(Date(""2025-08-03""), 17)",16.37215242820448
"(Date(""2025-08-04""), 17)",17.98706833082942
"(Date(""2025-08-05""), 17)",13.92361442705849
"(Date(""2025-08-06""), 17)",18.597464742783075
"(Date(""2025-08-07""), 17)",22.734417108970412
"(Date(""2025-08-08""), 17)",24.994918331569334
"(Date(""2025-08-09""), 17)",25.423611741233852
"(Date(""2025-08-10""), 17)",25.115316670747458
"(Date(""2025-08-11""), 17)",25.627990070365403
"(Date(""2025-08-12""), 17)",26.0636691695535
"(Date(""2025-08-13""), 17)",20.64961304530584
"(Date(""2025-08-14""), 17)",19.369181020468204
"(Date(""2025-08-15""), 17)",15.698923989367376
"(Date(""2025-08-16""), 17)",20.41750811910297
"(Date(""2025-08-17""), 17)",14.53204743656733
"(Date(""2025-08-18""), 17)",11.860212885811055
"(Date(""2025-08-19""), 17)",15.1303008060369
"(Date(""2025-08-20""), 17)",15.485549605074636
"(Date(""2025-08-21""), 17)",15.803347494530989
"(Date(""2025-08-22""), 17)",18.006936693242835
"(Date(""2025-08-23""), 17)",18.155863898024155
"(Date(""2025-08-24""), 17)",15.550585796665112
"(Date(""2025-08-25""), 17)",12.028627510927967
"(Date(""2025-08-26""), 17)",9.174856696021754
"(Date(""2025-08-27""), 17)",10.263021675327034
"(Date(""2025-08-28""), 17)",10.53049584288834
"(Date(""2025-08-29""), 17)",10.522819867810028
"(Date(""2025-08-30""), 17)",10.347469982381073
"(Date(""2025-08-31""), 17)",14.196398641121954
"(Date(""2025-09-01""), 17)",15.722123782686124
"(Date(""2025-09-02""), 17)",16.54408687265291
"(Date(""2025-09-03""), 17)",16.80947795464074
"(Date(""2025-09-04""), 17)",13.711247898023096
"(Date(""2025-09-05""), 17)",13.221692608864384
"(Date(""2025-09-06""), 17)",11.752080777553047
"(Date(""2025-09-07""), 17)",10.917078945749918
"(Date(""2025-09-08""), 17)",9.92779615551035
"(Date(""2025-09-09""), 17)",13.0483816100797
"(Date(""2025-09-10""), 17)",15.910960288673836
"(Date(""2025-09-11""), 17)",15.166573522033595
"(Date(""2025-09-12""), 17)",13.959831234180506
"(Date(""2025-09-13""), 17)",19.485160722913534
"(Date(""2025-09-14""), 17)",18.420611787390754
"(Date(""2025-09-15""), 17)",14.189858912723821
"(Date(""2025-09-16""), 17)",16.96643122403346
"(Date(""2025-09-17""), 17)",20.121334448849286
"(Date(""2025-09-18""), 17)",16.290202806235886
"(Date(""2025-09-19""), 17)",12.146155562193773
"(Date(""2025-09-20""), 17)",12.47321660363502
"(Date(""2025-09-21""), 17)",14.823208032591369
"(Date(""2025-09-22""), 17)",16.863840583241593
"(Date(""2025-09-23""), 17)",21.581277138935384
"(Date(""2025-09-24""), 17)",12.469482457493221
"(Date(""2025-09-25""), 17)",14.648188245595819
"(Date(""2025-09-26""), 17)",12.756007705892067
"(Date(""2025-09-27""), 17)",11.998448423164797
"(Date(""2025-09-28""), 17)",14.075269791152587
"(Date(""2025-09-29""), 17)",12.073376510501342
"(Date(""2025-09-30""), 17)",10.300253709476365
"(Date(""2025-10-01""), 17)",10.184331566317303
"(Date(""2025-10-02""), 17)",13.337110834803209
"(Date(""2025-10-03""), 17)",16.597461936781702
"(Date(""2025-10-04""), 17)",19.81067028852336
"(Date(""2025-10-05""), 17)",21.138957927864517
"(Date(""2025-10-06""), 17)",20.828964251597373
"(Date(""2025-10-07""), 17)",19.27340855053133
"(Date(""2025-10-08""), 17)",14.600141073143204
"(Date(""2025-10-09""), 17)",11.761034781282
"(Date(""2025-10-10""), 17)",15.744495375535843
"(Date(""2025-10-11""), 17)",17.658859176802746
"(Date(""2025-10-12""), 17)",14.820842034156511
"(Date(""2025-10-13""), 17)",13.93595192231221
"(Date(""2025-10-14""), 17)",15.920004131897972
"(Date(""2025-10-15""), 17)",10.780973296421246
"(Date(""2025-10-16""), 17)",10.840211824754208
"(Date(""2025-10-17""), 17)",13.17821591534202
"(Date(""2025-10-18""), 17)",15.3547160654505
"(Date(""2025-10-19""), 17)",15.87883090995126
"(Date(""2025-10-20""), 17)",16.558388021003886
"(Date(""2025-10-21""), 17)",12.181357132531813
"(Date(""2025-10-22""), 17)",11.133855756489085
"(Date(""2025-10-23""), 17)",11.95473301379447
"(Date(""2025-10-24""), 17)",12.282442115303244
"(Date(""2025-10-25""), 17)",10.465483702749209
"(Date(""2025-10-26""), 17)",11.124279448249931
"(Date(""2025-10-27""), 17)",12.668233171108696
"(Date(""2025-10-28""), 17)",11.463899192423165
"(Date(""2025-10-29""), 17)",10.988578980817836
"(Date(""2025-10-30""), 17)",12.279983971723567
"(Date(""2025-10-31""), 17)",9.70037562456519
"(Date(""2025-11-01""), 17)",9.436537507621205
"(Date(""2025-11-02""), 17)",10.265057797748351
"(Date(""2025-11-03""), 17)",11.060812276077792
"(Date(""2025-11-04""), 17)",9.51098903175975
"(Date(""2025-11-05""), 17)",11.8236444514958
"(Date(""2025-11-06""), 17)",10.414311570838734
"(Date(""2025-11-07""), 17)",12.663842197588659
"(Date(""2025-11-08""), 17)",12.26804556679622
"(Date(""2025-11-09""), 17)",9.72825131120704
"(Date(""2025-11-10""), 17)",14.550846127936946
"(Date(""2025-11-11""), 17)",8.027190539664968
"(Date(""2025-11-12""), 17)",14.411308327775064
"(Date(""2025-11-13""), 17)",14.409237338206475
"(Date(""2025-11-14""), 17)",13.303107895277218
"(Date(""2025-11-15""), 17)",12.023108462959208
"(Date(""2025-11-16""), 17)",12.108284623542207
"(Date(""2025-11-17""), 17)",8.95513793872268
"(Date(""2025-11-18""), 17)",9.691042146371158
"(Date(""2025-11-19""), 17)",11.627402401943277
"(Date(""2025-11-20""), 17)",18.177759932406858
"(Date(""2025-11-21""), 17)",20.058626469409624
"(Date(""2025-11-22""), 17)",16.447572852449305
"(Date(""2025-11-23""), 17)",21.346672227317026
"(Date(""2025-11-24""), 17)",17.493357962340337
"(Date(""2025-11-25""), 17)",17.917877166699704
"(Date(""2025-11-26""), 17)",17.37010921178756
"(Date(""2025-11-27""), 17)",10.37008363317388
"(Date(""2025-11-28""), 17)",8.881642195681893
"(Date(""2025-11-29""), 17)",9.369518139067626
"(Date(""2025-11-30""), 17)",12.129301144639633
"(Date(""2025-12-01""), 17)",10.484391249639051
"(Date(""2025-12-02""), 17)",13.330988884161972
"(Date(""2025-12-03""), 17)",14.784247773983846
"(Date(""2025-12-04""), 17)",11.57840436572238
"(Date(""2025-12-05""), 17)",15.342730273158972
"(Date(""2025-12-06""), 17)",20.64908142510768
"(Date(""2025-12-07""), 17)",17.821329484172182
"(Date(""2025-12-08""), 17)",13.174848660919128
"(Date(""2025-12-09""), 17)",22.623279164668112
"(Date(""2025-12-10""), 17)",26.289526290081497
"(Date(""2025-12-11""), 17)",13.389345763828883
"(Date(""2025-12-12""), 17)",13.69072539356099
"(Date(""2025-12-13""), 17)",22.925126996235555
"(Date(""2025-12-14""), 17)",17.099032184651502
"(Date(""2025-12-15""), 17)",18.2161246823523
"(Date(""2025-12-16""), 17)",21.086395381585028
"(Date(""2025-12-17""), 17)",17.43942488100051
"(Date(""2025-12-18""), 17)",18.847262127593847
"(Date(""2025-12-19""), 17)",15.548283773089965
"(Date(""2025-12-20""), 17)",13.561918312255543
"(Date(""2025-12-21""), 17)",12.331803838755016
"(Date(""2025-12-22""), 17)",15.624155549319276
"(Date(""2025-12-23""), 17)",16.336009132478402
"(Date(""2025-12-24""), 17)",15.884704722230616
"(Date(""2025-12-25""), 17)",15.118001998843253
"(Date(""2025-12-26""), 17)",13.021314842255663
"(Date(""2025-12-27""), 17)",15.988579748439413
"(Date(""2025-12-28""), 17)",18.717195320026963
"(Date(""2025-12-29""), 17)",16.9006222343019
"(Date(""2025-12-30""), 17)",10.039202452258523
"(Date(""2025-12-31""), 17)",13.474035897625784
"(Date(""2025-01-01""), 31)",56.73306219112542
"(Date(""2025-01-02""), 31)",22.004898924211986
"(Date(""2025-01-03""), 31)",18.53419319311529
"(Date(""2025-01-04""), 31)",21.638857191107043
"(Date(""2025-01-05""), 31)",14.010539817317538
"(Date(""2025-01-06""), 31)",16.97377395657601
"(Date(""2025-01-07""), 31)",15.408193121268313
"(Date(""2025-01-08""), 31)",12.476429388017543
"(Date(""2025-01-09""), 31)",11.773617698217782
"(Date(""2025-01-10""), 31)",12.74267038690116
"(Date(""2025-01-11""), 31)",21.649321715855375
"(Date(""2025-01-12""), 31)",16.341109739384283
"(Date(""2025-01-13""), 31)",27.799119090491548
"(Date(""2025-01-14""), 31)",14.172330978128663
"(Date(""2025-01-15""), 31)",16.52083279072435
"(Date(""2025-01-16""), 31)",23.09315808663106
"(Date(""2025-01-17""), 31)",22.035770979219752
"(Date(""2025-01-18""), 31)",19.404382015920433
"(Date(""2025-01-19""), 31)",16.667903943895528
"(Date(""2025-01-20""), 31)",13.871541221042076
"(Date(""2025-01-21""), 31)",16.105102147213998
"(Date(""2025-01-22""), 31)",16.789545904381644
"(Date(""2025-01-23""), 31)",22.134474351726777
"(Date(""2025-01-24""), 31)",17.56275770414296
"(Date(""2025-01-25""), 31)",23.415098352239642
"(Date(""2025-01-26""), 31)",21.44892201956531
"(Date(""2025-01-27""), 31)",14.709567995526989
"(Date(""2025-01-28""), 31)",13.153225352472415
"(Date(""2025-01-29""), 31)",16.00773236422432
"(Date(""2025-01-30""), 31)",14.104671800458119
"(Date(""2025-01-31""), 31)",22.300425048427645
"(Date(""2025-02-01""), 31)",15.17981687472368
"(Date(""2025-02-02""), 31)",19.120166019937482
"(Date(""2025-02-03""), 31)",34.2109166904396
"(Date(""2025-02-04""), 31)",18.844151479719272
"(Date(""2025-02-05""), 31)",18.04094930493788
"(Date(""2025-02-06""), 31)",29.017007767804444
"(Date(""2025-02-07""), 31)",18.104024194567558
"(Date(""2025-02-08""), 31)",21.08468745738924
"(Date(""2025-02-09""), 31)",22.402499836280104
"(Date(""2025-02-10""), 31)",16.223584358193516
"(Date(""2025-02-11""), 31)",17.04115101107487
"(Date(""2025-02-12""), 31)",13.850983354574005
"(Date(""2025-02-13""), 31)",16.791563622509237
"(Date(""2025-02-14""), 31)",14.438329269227404
"(Date(""2025-02-15""), 31)",16.556423407049902
"(Date(""2025-02-16""), 31)",11.147152336146975
"(Date(""2025-02-17""), 31)",9.352728093299403
"(Date(""2025-02-18""), 31)",8.973835551095318
"(Date(""2025-02-19""), 31)",10.37304303374327
"(Date(""2025-02-20""), 31)",14.668106453200743
"(Date(""2025-02-21""), 31)",13.819597569884692
"(Date(""2025-02-22""), 31)",17.776019756806484
"(Date(""2025-02-23""), 31)",18.52851019528114
"(Date(""2025-02-24""), 31)",18.872325404418632
"(Date(""2025-02-25""), 31)",20.593559170099073
"(Date(""2025-02-26""), 31)",16.27578303089014
"(Date(""2025-02-27""), 31)",19.781564880926524
"(Date(""2025-02-28""), 31)",12.066434348419797
"(Date(""2025-03-01""), 31)",16.780731300851553
"(Date(""2025-03-02""), 31)",10.983679501996283
"(Date(""2025-03-03""), 31)",21.41159107983666
"(Date(""2025-03-04""), 31)",34.70538803617417
"(Date(""2025-03-05""), 31)",26.557613945056087
"(Date(""2025-03-06""), 31)",18.952599154847263
"(Date(""2025-03-07""), 31)",11.910149535541612
"(Date(""2025-03-08""), 31)",12.026055638889757
"(Date(""2025-03-09""), 31)",15.182255867278576
"(Date(""2025-03-10""), 31)",17.140927185854835
"(Date(""2025-03-11""), 31)",17.85281728556086
"(Date(""2025-03-12""), 31)",15.716766217296314
"(Date(""2025-03-13""), 31)",20.296103711256794
"(Date(""2025-03-14""), 31)",29.746283473041828
"(Date(""2025-03-15""), 31)",31.90358068795919
"(Date(""2025-03-16""), 31)",29.370931514047335
"(Date(""2025-03-17""), 31)",21.80980239649578
"(Date(""2025-03-18""), 31)",19.8042417884208
"(Date(""2025-03-19""), 31)",25.55107961097736
"(Date(""2025-03-20""), 31)",21.638062645528656
"(Date(""2025-03-21""), 31)",13.985229437248677
"(Date(""2025-03-22""), 31)",17.633096147732658
"(Date(""2025-03-23""), 31)",13.294888479092235
"(Date(""2025-03-24""), 31)",19.216778533218744
"(Date(""2025-03-25""), 31)",16.805612209370558
"(Date(""2025-03-26""), 31)",13.760198806890136
"(Date(""2025-03-27""), 31)",12.733576894498075
"(Date(""2025-03-28""), 31)",12.197387168758803
"(Date(""2025-03-29""), 31)",11.4296436944735
"(Date(""2025-03-30""), 31)",12.408885248519791
"(Date(""2025-03-31""), 31)",16.7499911562007
"(Date(""2025-04-01""), 31)",8.348307965360217
"(Date(""2025-04-02""), 31)",10.17039871278634
"(Date(""2025-04-03""), 31)",14.679526512167126
"(Date(""2025-04-04""), 31)",11.380749533468563
"(Date(""2025-04-05""), 31)",11.094808245042426
"(Date(""2025-04-06""), 31)",11.192525020593818
"(Date(""2025-04-07""), 31)",9.77656038572435
"(Date(""2025-04-08""), 31)",10.371512410794429
"(Date(""2025-04-09""), 31)",8.94183692262049
"(Date(""2025-04-10""), 31)",12.949156603253893
"(Date(""2025-04-11""), 31)",16.034874539876242
"(Date(""2025-04-12""), 31)",15.654992441414935
"(Date(""2025-04-13""), 31)",15.994324341732096
"(Date(""2025-04-14""), 31)",17.446476577699666
"(Date(""2025-04-15""), 31)",15.65591312648009
"(Date(""2025-04-16""), 31)",9.863032954340023
"(Date(""2025-04-17""), 31)",10.348888333451766
"(Date(""2025-04-18""), 31)",15.798533481332427
"(Date(""2025-04-19""), 31)",18.883462927134126
"(Date(""2025-04-20""), 31)",9.525431819708448
"(Date(""2025-04-21""), 31)",13.81244642361473
"(Date(""2025-04-22""), 31)",14.401240529362239
"(Date(""2025-04-23""), 31)",11.953920850243447
"(Date(""2025-04-24""), 31)",17.047143781399022
"(Date(""2025-04-25""), 31)",16.142078913460022
"(Date(""2025-04-26""), 31)",14.462711522590604
"(Date(""2025-04-27""), 31)",14.622504595278352
"(Date(""2025-04-28""), 31)",14.715523519736658
"(Date(""2025-04-29""), 31)",18.651934471173604
"(Date(""2025-04-30""), 31)",9.846657235087429
"(Date(""2025-05-01""), 31)",13.854414504414631
"(Date(""2025-05-02""), 31)",16.97664918426928
"(Date(""2025-05-03""), 31)",14.528595266962382
"(Date(""2025-05-04""), 31)",15.696728892532107
"(Date(""2025-05-05""), 31)",14.05719122778389
"(Date(""2025-05-06""), 31)",17.449150907757947
"(Date(""2025-05-07""), 31)",15.039530175497768
"(Date(""2025-05-08""), 31)",9.385212647251965
"(Date(""2025-05-09""), 31)",9.54462406803229
"(Date(""2025-05-10""), 31)",13.930488535504576
"(Date(""2025-05-11""), 31)",9.7545734541489
"(Date(""2025-05-12""), 31)",16.904199134753267
"(Date(""2025-05-13""), 31)",18.015371367679858
"(Date(""2025-05-14""), 31)",19.838600396504457
"(Date(""2025-05-15""), 31)",20.1584978265443
"(Date(""2025-05-16""), 31)",18.146429886249276
"(Date(""2025-05-17""), 31)",15.54287291001437
"(Date(""2025-05-18""), 31)",11.766593378027004
"(Date(""2025-05-19""), 31)",8.95158175357294
"(Date(""2025-05-20""), 31)",9.952869594026305
"(Date(""2025-05-21""), 31)",10.779403848255198
"(Date(""2025-05-22""), 31)",10.112418458816636
"(Date(""2025-05-23""), 31)",10.387574848407803
"(Date(""2025-05-24""), 31)",12.516347664203142
"(Date(""2025-05-25""), 31)",12.081303515611333
"(Date(""2025-05-26""), 31)",14.375247578168452
"(Date(""2025-05-27""), 31)",15.13091995129492
"(Date(""2025-05-28""), 31)",18.678068058974244
"(Date(""2025-05-29""), 31)",15.556710276461777
"(Date(""2025-05-30""), 31)",14.094878852657159
"(Date(""2025-05-31""), 31)",11.968064795896167
"(Date(""2025-06-01""), 31)",7.615944034980097
"(Date(""2025-06-02""), 31)",11.47890298421488
"(Date(""2025-06-03""), 31)",16.076143047695638
"(Date(""2025-06-04""), 31)",22.24785927000586
"(Date(""2025-06-05""), 31)",20.592500293672476
"(Date(""2025-06-06""), 31)",23.16116753386093
"(Date(""2025-06-07""), 31)",21.024365761900448
"(Date(""2025-06-08""), 31)",19.490959406417925
"(Date(""2025-06-09""), 31)",16.283365918372066
"(Date(""2025-06-10""), 31)",14.651509782920602
"(Date(""2025-06-11""), 31)",11.47550468090798
"(Date(""2025-06-12""), 31)",11.4977458520804
"(Date(""2025-06-13""), 31)",10.71432372192303
"(Date(""2025-06-14""), 31)",13.40775911930196
"(Date(""2025-06-15""), 31)",17.241793458697185
"(Date(""2025-06-16""), 31)",23.572686868914758
"(Date(""2025-06-17""), 31)",22.526707967200498
"(Date(""2025-06-18""), 31)",23.9317964735409
"(Date(""2025-06-19""), 31)",21.669537923106823
"(Date(""2025-06-20""), 31)",12.29694175382132
"(Date(""2025-06-21""), 31)",16.783563483144366
"(Date(""2025-06-22""), 31)",19.679925090270846
"(Date(""2025-06-23""), 31)",20.68634213116616
"(Date(""2025-06-24""), 31)",18.23186871850097
"(Date(""2025-06-25""), 31)",16.39845970273218
"(Date(""2025-06-26""), 31)",9.630204365444827
"(Date(""2025-06-27""), 31)",11.934068568039935
"(Date(""2025-06-28""), 31)",14.490908749547359
"(Date(""2025-06-29""), 31)",10.70708485048276
"(Date(""2025-06-30""), 31)",15.607408479999165
"(Date(""2025-07-01""), 31)",16.464000395562316
"(Date(""2025-07-02""), 31)",14.120858150797874
"(Date(""2025-07-03""), 31)",13.383488474215932
"(Date(""2025-07-04""), 31)",11.316232088780023
"(Date(""2025-07-05""), 31)",16.05957782740611
"(Date(""2025-07-06""), 31)",18.247181268862793
"(Date(""2025-07-07""), 31)",10.079927954999473
"(Date(""2025-07-08""), 31)",13.45617674707794
"(Date(""2025-07-09""), 31)",17.27670835566905
"(Date(""2025-07-10""), 31)",19.112039133166547
"(Date(""2025-07-11""), 31)",20.89629681050989
"(Date(""2025-07-12""), 31)",26.747498092811316
"(Date(""2025-07-13""), 31)",20.98061071987139
"(Date(""2025-07-14""), 31)",21.041145772933888
"(Date(""2025-07-15""), 31)",20.61900188614374
"(Date(""2025-07-16""), 31)",22.141205090075676
"(Date(""2025-07-17""), 31)",17.148856258254312
"(Date(""2025-07-18""), 31)",11.392094793506335
"(Date(""2025-07-19""), 31)",14.541987193164966
"(Date(""2025-07-20""), 31)",13.815970458439082
"(Date(""2025-07-21""), 31)",9.814272030307025
"(Date(""2025-07-22""), 31)",12.277835050910626
"(Date(""2025-07-23""), 31)",16.293990417473925
"(Date(""2025-07-24""), 31)",21.21251893305031
"(Date(""2025-07-25""), 31)",18.767210996768554
"(Date(""2025-07-26""), 31)",22.897997580868832
"(Date(""2025-07-27""), 31)",23.19254487442635
"(Date(""2025-07-28""), 31)",25.6666830929171
"(Date(""2025-07-29""), 31)",23.399333082340192
"(Date(""2025-07-30""), 31)",20.179398924702685
"(Date(""2025-07-31""), 31)",15.105930048330695
"(Date(""2025-08-01""), 31)",12.374026923567634
"(Date(""2025-08-02""), 31)",15.327364440897806
"(Date(""2025-08-03""), 31)",16.26780262852119
"(Date(""2025-08-04""), 31)",18.13779177264009
"(Date(""2025-08-05""), 31)",13.878250056675954
"(Date(""2025-08-06""), 31)",18.990288356369394
"(Date(""2025-08-07""), 31)",22.996258376904464
"(Date(""2025-08-08""), 31)",25.876629781731893
"(Date(""2025-08-09""), 31)",25.905348426049706
"(Date(""2025-08-10""), 31)",25.504470080247142
"(Date(""2025-08-11""), 31)",26.10194678641144
"(Date(""2025-08-12""), 31)",27.171728974619068
"(Date(""2025-08-13""), 31)",21.75106089552723
"(Date(""2025-08-14""), 31)",20.19390279999881
"(Date(""2025-08-15""), 31)",15.85560604240346
"(Date(""2025-08-16""), 31)",20.53982420647524
"(Date(""2025-08-17""), 31)",14.580006302939658
"(Date(""2025-08-18""), 31)",11.783145852845145
"(Date(""2025-08-19""), 31)",15.011152781177094
"(Date(""2025-08-20""), 31)",15.47941016271187
"(Date(""2025-08-21""), 31)",15.922757740693832
"(Date(""2025-08-22""), 31)",17.794324404592455
"(Date(""2025-08-23""), 31)",17.63828192459552
"(Date(""2025-08-24""), 31)",15.060579717049889
"(Date(""2025-08-25""), 31)",11.906242791788385
"(Date(""2025-08-26""), 31)",9.238136523377014
"(Date(""2025-08-27""), 31)",10.612475787304643
"(Date(""2025-08-28""), 31)",10.97360876575598
"(Date(""2025-08-29""), 31)",10.923651905233212
"(Date(""2025-08-30""), 31)",10.57521171424749
"(Date(""2025-08-31""), 31)",13.641634202315757
"(Date(""2025-09-01""), 31)",14.76101451402729
"(Date(""2025-09-02""), 31)",15.332609113805972
"(Date(""2025-09-03""), 31)",15.96714693240604
"(Date(""2025-09-04""), 31)",13.303554138877427
"(Date(""2025-09-05""), 31)",12.848625927101583
"(Date(""2025-09-06""), 31)",11.668798302675281
"(Date(""2025-09-07""), 31)",10.797226998888497
"(Date(""2025-09-08""), 31)",9.86345307132346
"(Date(""2025-09-09""), 31)",12.877334361200857
"(Date(""2025-09-10""), 31)",15.709224344899056
"(Date(""2025-09-11""), 31)",14.963148910780408
"(Date(""2025-09-12""), 31)",13.74533231396353
"(Date(""2025-09-13""), 31)",19.18298171093765
"(Date(""2025-09-14""), 31)",18.131036798177767
"(Date(""2025-09-15""), 31)",14.088723903537172
"(Date(""2025-09-16""), 31)",17.0017225915386
"(Date(""2025-09-17""), 31)",20.630158967737728
"(Date(""2025-09-18""), 31)",16.610798878047635
"(Date(""2025-09-19""), 31)",12.238958118543955
"(Date(""2025-09-20""), 31)",12.359096602736434
"(Date(""2025-09-21""), 31)",14.605003801506973
"(Date(""2025-09-22""), 31)",16.688039503191792
"(Date(""2025-09-23""), 31)",21.26914145667717
"(Date(""2025-09-24""), 31)",12.530654401708423
"(Date(""2025-09-25""), 31)",14.699924253902948
"(Date(""2025-09-26""), 31)",12.711345264723635
"(Date(""2025-09-27""), 31)",12.017490648970277
"(Date(""2025-09-28""), 31)",14.07664004101243
"(Date(""2025-09-29""), 31)",12.322976340058919
"(Date(""2025-09-30""), 31)",10.412419483534258
"(Date(""2025-10-01""), 31)",10.220694431083903
"(Date(""2025-10-02""), 31)",13.266483168820619
"(Date(""2025-10-03""), 31)",16.46255377451932
"(Date(""2025-10-04""), 31)",19.405063471992722
"(Date(""2025-10-05""), 31)",20.86900376050057
"(Date(""2025-10-06""), 31)",20.676916960325137
"(Date(""2025-10-07""), 31)",19.487421194068926
"(Date(""2025-10-08""), 31)",14.514992216695505
"(Date(""2025-10-09""), 31)",12.145351546064221
"(Date(""2025-10-10""), 31)",16.940815428322082
"(Date(""2025-10-11""), 31)",19.523280912713574
"(Date(""2025-10-12""), 31)",16.02442895347518
"(Date(""2025-10-13""), 31)",15.148903083617883
"(Date(""2025-10-14""), 31)",16.605002528164057
"(Date(""2025-10-15""), 31)",11.038781853299797
"(Date(""2025-10-16""), 31)",11.134724543089662
"(Date(""2025-10-17""), 31)",13.6311014710808
"(Date(""2025-10-18""), 31)",15.954244739548674
"(Date(""2025-10-19""), 31)",16.541736398905613
"(Date(""2025-10-20""), 31)",17.14473070594462
"(Date(""2025-10-21""), 31)",12.398336279355712
"(Date(""2025-10-22""), 31)",11.331657263526688
"(Date(""2025-10-23""), 31)",12.216673824576874
"(Date(""2025-10-24""), 31)",12.744942224612858
"(Date(""2025-10-25""), 31)",10.757856826495665
"(Date(""2025-10-26""), 31)",11.356755323419028
"(Date(""2025-10-27""), 31)",13.206615741663931
"(Date(""2025-10-28""), 31)",12.487705410447155
"(Date(""2025-10-29""), 31)",12.203703477151707
"(Date(""2025-10-30""), 31)",13.287207689067309
"(Date(""2025-10-31""), 31)",10.44696169887215
"(Date(""2025-11-01""), 31)",10.055536774324827
"(Date(""2025-11-02""), 31)",10.747484860935227
"(Date(""2025-11-03""), 31)",11.394469970435171
"(Date(""2025-11-04""), 31)",9.764942188408229
"(Date(""2025-11-05""), 31)",12.211582529092244
"(Date(""2025-11-06""), 31)",10.952630826413362
"(Date(""2025-11-07""), 31)",13.318233946732896
"(Date(""2025-11-08""), 31)",12.954717164476817
"(Date(""2025-11-09""), 31)",10.106660781444106
"(Date(""2025-11-10""), 31)",15.130506654225314
"(Date(""2025-11-11""), 31)",8.330203068370087
"(Date(""2025-11-12""), 31)",14.754399277653837
"(Date(""2025-11-13""), 31)",14.586190117894485
"(Date(""2025-11-14""), 31)",13.148285211974631
"(Date(""2025-11-15""), 31)",11.98563739753614
"(Date(""2025-11-16""), 31)",11.986500551401248
"(Date(""2025-11-17""), 31)",8.93042306463414
"(Date(""2025-11-18""), 31)",9.772178661178367
"(Date(""2025-11-19""), 31)",11.8483200286071
"(Date(""2025-11-20""), 31)",18.377172497440064
"(Date(""2025-11-21""), 31)",19.14798484709724
"(Date(""2025-11-22""), 31)",15.559268362118026
"(Date(""2025-11-23""), 31)",19.900389295300254
"(Date(""2025-11-24""), 31)",16.895455673943715
"(Date(""2025-11-25""), 31)",17.005040895704802
"(Date(""2025-11-26""), 31)",16.890789752487
"(Date(""2025-11-27""), 31)",10.257797324940078
"(Date(""2025-11-28""), 31)",8.989355040587098
"(Date(""2025-11-29""), 31)",9.490279191418557
"(Date(""2025-11-30""), 31)",12.00274697749336
"(Date(""2025-12-01""), 31)",10.190735886244745
"(Date(""2025-12-02""), 31)",12.922331298771761
"(Date(""2025-12-03""), 31)",14.698825963474524
"(Date(""2025-12-04""), 31)",11.58507253762607
"(Date(""2025-12-05""), 31)",15.554011530967468
"(Date(""2025-12-06""), 31)",20.626841022546042
"(Date(""2025-12-07""), 31)",17.514793399406646
"(Date(""2025-12-08""), 31)",12.80544001490401
"(Date(""2025-12-09""), 31)",21.8539180169861
"(Date(""2025-12-10""), 31)",26.05246471315516
"(Date(""2025-12-11""), 31)",13.315908916616655
"(Date(""2025-12-12""), 31)",13.925208737861757
"(Date(""2025-12-13""), 31)",22.828904765824465
"(Date(""2025-12-14""), 31)",17.136885021567345
"(Date(""2025-12-15""), 31)",18.624582199531904
"(Date(""2025-12-16""), 31)",21.71570878217385
"(Date(""2025-12-17""), 31)",18.08902252708369
"(Date(""2025-12-18""), 31)",18.54295957824511
"(Date(""2025-12-19""), 31)",15.504155967705808
"(Date(""2025-12-20""), 31)",12.873241353173974
"(Date(""2025-12-21""), 31)",12.400447004485619
"(Date(""2025-12-22""), 31)",14.845346382192517
"(Date(""2025-12-23""), 31)",15.54852810701797
"(Date(""2025-12-24""), 31)",15.730623929387901
"(Date(""2025-12-25""), 31)",14.643200567120696
"(Date(""2025-12-26""), 31)",12.587615620679639
"(Date(""2025-12-27""), 31)",15.689692073936024
"(Date(""2025-12-28""), 31)",18.486791081611603
"(Date(""2025-12-29""), 31)",16.561952179788452
"(Date(""2025-12-30""), 31)",9.754958047444633
"(Date(""2025-12-31""), 31)",12.432041192732699
"(Date(""2025-01-01""), 66)",41.85969481887316
"(Date(""2025-01-02""), 66)",17.71002077497092
"(Date(""2025-01-03""), 66)",15.168088400491603
"(Date(""2025-01-04""), 66)",16.327809872942627
"(Date(""2025-01-05""), 66)",12.20866391056122
"(Date(""2025-01-06""), 66)",14.607354094120767
"(Date(""2025-01-07""), 66)",13.539775471791557
"(Date(""2025-01-08""), 66)",11.525756209247323
"(Date(""2025-01-09""), 66)",10.97657366052862
"(Date(""2025-01-10""), 66)",12.123506732920637
"(Date(""2025-01-11""), 66)",20.930917604575292
"(Date(""2025-01-12""), 66)",15.383557664091125
"(Date(""2025-01-13""), 66)",26.50017996862333
"(Date(""2025-01-14""), 66)",13.424840319597129
"(Date(""2025-01-15""), 66)",16.34735831587279
"(Date(""2025-01-16""), 66)",22.690029768051645
"(Date(""2025-01-17""), 66)",21.763002240647975
"(Date(""2025-01-18""), 66)",19.646313293998826
"(Date(""2025-01-19""), 66)",16.854069777255493
"(Date(""2025-01-20""), 66)",14.598165153175792
"(Date(""2025-01-21""), 66)",16.703452278756032
"(Date(""2025-01-22""), 66)",17.706998707222095
"(Date(""2025-01-23""), 66)",22.53405254182406
"(Date(""2025-01-24""), 66)",17.749190230450978
"(Date(""2025-01-25""), 66)",23.3615670398215
"(Date(""2025-01-26""), 66)",22.28245017909324
"(Date(""2025-01-27""), 66)",15.04189656522184
"(Date(""2025-01-28""), 66)",13.715443267351489
"(Date(""2025-01-29""), 66)",16.433041961323465
"(Date(""2025-01-30""), 66)",14.428167961935124
"(Date(""2025-01-31""), 66)",22.374047365225046
"(Date(""2025-02-01""), 66)",15.180990905766684
"(Date(""2025-02-02""), 66)",19.030244753958822
"(Date(""2025-02-03""), 66)",33.90765502947476
"(Date(""2025-02-04""), 66)",18.63177381346033
"(Date(""2025-02-05""), 66)",17.40535815115429
"(Date(""2025-02-06""), 66)",28.53240798448673
"(Date(""2025-02-07""), 66)",17.89572384661003
"(Date(""2025-02-08""), 66)",21.620883776556866
"(Date(""2025-02-09""), 66)",23.33606862495665
"(Date(""2025-02-10""), 66)",16.9749499367656
"(Date(""2025-02-11""), 66)",18.10880812103212
"(Date(""2025-02-12""), 66)",14.472909159858123
"(Date(""2025-02-13""), 66)",17.3913459828243
"(Date(""2025-02-14""), 66)",14.93206420215936
"(Date(""2025-02-15""), 66)",17.53593348296909
"(Date(""2025-02-16""), 66)",11.927149671449824
"(Date(""2025-02-17""), 66)",9.65385693728658
"(Date(""2025-02-18""), 66)",9.105888469359254
"(Date(""2025-02-19""), 66)",10.097876934324061
"(Date(""2025-02-20""), 66)",14.605531138254864
"(Date(""2025-02-21""), 66)",13.371301809197861
"(Date(""2025-02-22""), 66)",17.875136273544676
"(Date(""2025-02-23""), 66)",19.160876425092553
"(Date(""2025-02-24""), 66)",20.365098165423532
"(Date(""2025-02-25""), 66)",22.093340251155453
"(Date(""2025-02-26""), 66)",17.63200984086388
"(Date(""2025-02-27""), 66)",21.23430516410137
"(Date(""2025-02-28""), 66)",13.226250707579224
"(Date(""2025-03-01""), 66)",17.262085854959878
"(Date(""2025-03-02""), 66)",10.927816398774803
"(Date(""2025-03-03""), 66)",20.40190532498283
"(Date(""2025-03-04""), 66)",32.88991874555841
"(Date(""2025-03-05""), 66)",25.408387043140728
"(Date(""2025-03-06""), 66)",18.05240879593457
"(Date(""2025-03-07""), 66)",11.544414670544882
"(Date(""2025-03-08""), 66)",11.68505456822519
"(Date(""2025-03-09""), 66)",15.543975833681033
"(Date(""2025-03-10""), 66)",17.680731595268373
"(Date(""2025-03-11""), 66)",18.40976960247309
"(Date(""2025-03-12""), 66)",15.431500230772874
"(Date(""2025-03-13""), 66)",19.785386413710047
"(Date(""2025-03-14""), 66)",28.69024664177947
"(Date(""2025-03-15""), 66)",29.446118325975895
"(Date(""2025-03-16""), 66)",27.36562271132613
"(Date(""2025-03-17""), 66)",19.973844695215163
"(Date(""2025-03-18""), 66)",19.018865775462345
"(Date(""2025-03-19""), 66)",24.50758445975167
"(Date(""2025-03-20""), 66)",20.883314499325987
"(Date(""2025-03-21""), 66)",13.49475165609347
"(Date(""2025-03-22""), 66)",17.0301919874653
"(Date(""2025-03-23""), 66)",13.478497281762495
"(Date(""2025-03-24""), 66)",19.914787114067668
"(Date(""2025-03-25""), 66)",17.942569221732846
"(Date(""2025-03-26""), 66)",14.969221670682108
"(Date(""2025-03-27""), 66)",13.615024495928443
"(Date(""2025-03-28""), 66)",12.735576343028274
"(Date(""2025-03-29""), 66)",11.527076845305265
"(Date(""2025-03-30""), 66)",12.269029333414236
"(Date(""2025-03-31""), 66)",16.38757253206235
"(Date(""2025-04-01""), 66)",8.165216446103386
"(Date(""2025-04-02""), 66)",9.991777117936884
"(Date(""2025-04-03""), 66)",14.272500067730165
"(Date(""2025-04-04""), 66)",11.442223593684151
"(Date(""2025-04-05""), 66)",11.003395493569938
"(Date(""2025-04-06""), 66)",11.255483712782336
"(Date(""2025-04-07""), 66)",9.981669268532313
"(Date(""2025-04-08""), 66)",10.813268017858451
"(Date(""2025-04-09""), 66)",9.367697748481115
"(Date(""2025-04-10""), 66)",13.06627688810876
"(Date(""2025-04-11""), 66)",15.737105859084403
"(Date(""2025-04-12""), 66)",15.139422348441048
"(Date(""2025-04-13""), 66)",15.314774991548605
"(Date(""2025-04-14""), 66)",17.253664039111726
"(Date(""2025-04-15""), 66)",15.718891425222255
"(Date(""2025-04-16""), 66)",9.949675246166365
"(Date(""2025-04-17""), 66)",10.43932720144056
"(Date(""2025-04-18""), 66)",16.32398560870981
"(Date(""2025-04-19""), 66)",19.71069215574141
"(Date(""2025-04-20""), 66)",10.132286873489296
"(Date(""2025-04-21""), 66)",14.515336248070852
"(Date(""2025-04-22""), 66)",14.994385778918996
"(Date(""2025-04-23""), 66)",12.175222711631399
"(Date(""2025-04-24""), 66)",17.88994002510042
"(Date(""2025-04-25""), 66)",17.00303149675641
"(Date(""2025-04-26""), 66)",15.291895790206544
"(Date(""2025-04-27""), 66)",14.893887382571126
"(Date(""2025-04-28""), 66)",15.14060016880248
"(Date(""2025-04-29""), 66)",18.273584238891882
"(Date(""2025-04-30""), 66)",10.050909050735498
"(Date(""2025-05-01""), 66)",13.863291875292111
"(Date(""2025-05-02""), 66)",17.284665531256728
"(Date(""2025-05-03""), 66)",15.027369672178999
"(Date(""2025-05-04""), 66)",16.090830382996838
"(Date(""2025-05-05""), 66)",14.510749294104388
"(Date(""2025-05-06""), 66)",17.663401022674318
"(Date(""2025-05-07""), 66)",15.061157557409127
"(Date(""2025-05-08""), 66)",9.375097795434405
"(Date(""2025-05-09""), 66)",9.475604944007737
"(Date(""2025-05-10""), 66)",14.370086266001621
"(Date(""2025-05-11""), 66)",10.058019333423344
"(Date(""2025-05-12""), 66)",17.876792780130188
"(Date(""2025-05-13""), 66)",18.760796421909987
"(Date(""2025-05-14""), 66)",20.805679533630077
"(Date(""2025-05-15""), 66)",21.482620062082727
"(Date(""2025-05-16""), 66)",18.95517048466493
"(Date(""2025-05-17""), 66)",16.2053280992129
"(Date(""2025-05-18""), 66)",11.873673381282229
"(Date(""2025-05-19""), 66)",9.04583469990935
"(Date(""2025-05-20""), 66)",10.16948853931185
"(Date(""2025-05-21""), 66)",11.039535700575021
"(Date(""2025-05-22""), 66)",10.265010010273835
"(Date(""2025-05-23""), 66)",10.45803507985072
"(Date(""2025-05-24""), 66)",12.329746258217801
"(Date(""2025-05-25""), 66)",12.374149987018791
"(Date(""2025-05-26""), 66)",15.108612539602435
"(Date(""2025-05-27""), 66)",16.784134886707886
"(Date(""2025-05-28""), 66)",20.125160012613872
"(Date(""2025-05-29""), 66)",16.745510432258644
"(Date(""2025-05-30""), 66)",14.864489872078492
"(Date(""2025-05-31""), 66)",12.944498315381407
"(Date(""2025-06-01""), 66)",8.18368225146034
"(Date(""2025-06-02""), 66)",12.393110450631319
"(Date(""2025-06-03""), 66)",16.758953176780096
"(Date(""2025-06-04""), 66)",23.627592158202017
"(Date(""2025-06-05""), 66)",21.470882557019895
"(Date(""2025-06-06""), 66)",25.799974473438898
"(Date(""2025-06-07""), 66)",22.11629671359118
"(Date(""2025-06-08""), 66)",20.86169517975609
"(Date(""2025-06-09""), 66)",16.79226198070499
"(Date(""2025-06-10""), 66)",15.1584140245824
"(Date(""2025-06-11""), 66)",12.157030750058029
"(Date(""2025-06-12""), 66)",11.785347552694176
"(Date(""2025-06-13""), 66)",11.127023895790357
"(Date(""2025-06-14""), 66)",13.449791223265192
"(Date(""2025-06-15""), 66)",17.40795585350799
"(Date(""2025-06-16""), 66)",24.197943333959486
"(Date(""2025-06-17""), 66)",22.589671861777955
"(Date(""2025-06-18""), 66)",24.432118266090313
"(Date(""2025-06-19""), 66)",21.436114922865794
"(Date(""2025-06-20""), 66)",12.78669230434257
"(Date(""2025-06-21""), 66)",17.191542209753333
"(Date(""2025-06-22""), 66)",20.56250315551297
"(Date(""2025-06-23""), 66)",20.939210703685994
"(Date(""2025-06-24""), 66)",18.55581184123181
"(Date(""2025-06-25""), 66)",16.31944658870408
"(Date(""2025-06-26""), 66)",9.556473675169276
"(Date(""2025-06-27""), 66)",11.365734301880126
"(Date(""2025-06-28""), 66)",14.610107827233405
"(Date(""2025-06-29""), 66)",10.835680999205806
"(Date(""2025-06-30""), 66)",15.994566851436929
"(Date(""2025-07-01""), 66)",17.383368885516877
"(Date(""2025-07-02""), 66)",14.971886026691159
"(Date(""2025-07-03""), 66)",14.349444391152257
"(Date(""2025-07-04""), 66)",12.095876204971459
"(Date(""2025-07-05""), 66)",16.976752478433095
"(Date(""2025-07-06""), 66)",19.459036059097908
"(Date(""2025-07-07""), 66)",10.883779815817288
"(Date(""2025-07-08""), 66)",14.59224540876924
"(Date(""2025-07-09""), 66)",18.308689493183667
"(Date(""2025-07-10""), 66)",20.02362369339421
"(Date(""2025-07-11""), 66)",21.519024382608393
"(Date(""2025-07-12""), 66)",26.644482861239773
"(Date(""2025-07-13""), 66)",19.860747441162967
"(Date(""2025-07-14""), 66)",20.353067390805013
"(Date(""2025-07-15""), 66)",21.114862319187793
"(Date(""2025-07-16""), 66)",23.180265488674962
"(Date(""2025-07-17""), 66)",17.813361809203673
"(Date(""2025-07-18""), 66)",11.640572598607498
"(Date(""2025-07-19""), 66)",14.888535741510792
"(Date(""2025-07-20""), 66)",14.136942097109348
"(Date(""2025-07-21""), 66)",10.21695740267349
"(Date(""2025-07-22""), 66)",12.785148315777024
"(Date(""2025-07-23""), 66)",16.967738156383998
"(Date(""2025-07-24""), 66)",21.692572196451646
"(Date(""2025-07-25""), 66)",19.46151654302568
"(Date(""2025-07-26""), 66)",24.208947964055508
"(Date(""2025-07-27""), 66)",25.02183518264058
"(Date(""2025-07-28""), 66)",27.99279767277596
"(Date(""2025-07-29""), 66)",25.91996398954083
"(Date(""2025-07-30""), 66)",22.44972584978709
"(Date(""2025-07-31""), 66)",16.650001451476246
"(Date(""2025-08-01""), 66)",13.78761137059243
"(Date(""2025-08-02""), 66)",16.826315047882932
"(Date(""2025-08-03""), 66)",18.191061381613185
"(Date(""2025-08-04""), 66)",19.45398000676958
"(Date(""2025-08-05""), 66)",15.318188483825024
"(Date(""2025-08-06""), 66)",19.252507035728332
"(Date(""2025-08-07""), 66)",26.248286257187587
"(Date(""2025-08-08""), 66)",27.276884873342542
"(Date(""2025-08-09""), 66)",29.118448152113498
"(Date(""2025-08-10""), 66)",27.693937127609484
"(Date(""2025-08-11""), 66)",28.896950125126864
"(Date(""2025-08-12""), 66)",29.797196075434908
"(Date(""2025-08-13""), 66)",23.737203043305353
"(Date(""2025-08-14""), 66)",22.853874581527116
"(Date(""2025-08-15""), 66)",18.322729778531517
"(Date(""2025-08-16""), 66)",23.232926871592866
"(Date(""2025-08-17""), 66)",16.30116068415796
"(Date(""2025-08-18""), 66)",12.931246048915309
"(Date(""2025-08-19""), 66)",16.78791415526913
"(Date(""2025-08-20""), 66)",16.602997823780143
"(Date(""2025-08-21""), 66)",17.26494346867506
"(Date(""2025-08-22""), 66)",18.701353698562343
"(Date(""2025-08-23""), 66)",18.99744696035035
"(Date(""2025-08-24""), 66)",15.855704583628935
"(Date(""2025-08-25""), 66)",12.548469387875604
"(Date(""2025-08-26""), 66)",9.629323600400735
"(Date(""2025-08-27""), 66)",10.944867829855022
"(Date(""2025-08-28""), 66)",11.134779122483817
"(Date(""2025-08-29""), 66)",10.806432411114981
"(Date(""2025-08-30""), 66)",10.64948715649768
"(Date(""2025-08-31""), 66)",14.22477015900161
"(Date(""2025-09-01""), 66)",15.84941142678327
"(Date(""2025-09-02""), 66)",16.283404454053823
"(Date(""2025-09-03""), 66)",16.505451509603382
"(Date(""2025-09-04""), 66)",13.26815493397176
"(Date(""2025-09-05""), 66)",12.716585550503469
"(Date(""2025-09-06""), 66)",11.5085932167515
"(Date(""2025-09-07""), 66)",11.233649473394268
"(Date(""2025-09-08""), 66)",10.465418270997036
"(Date(""2025-09-09""), 66)",14.481626536493904
"(Date(""2025-09-10""), 66)",18.190873496782988
"(Date(""2025-09-11""), 66)",17.974430820013346
"(Date(""2025-09-12""), 66)",16.95841633402387
"(Date(""2025-09-13""), 66)",22.85694536049554
"(Date(""2025-09-14""), 66)",20.966410447877912
"(Date(""2025-09-15""), 66)",16.141795878943793
"(Date(""2025-09-16""), 66)",19.351962288495656
"(Date(""2025-09-17""), 66)",22.945873315534435
"(Date(""2025-09-18""), 66)",17.822861054384553
"(Date(""2025-09-19""), 66)",13.198929307550364
"(Date(""2025-09-20""), 66)",12.983076305904424
"(Date(""2025-09-21""), 66)",15.519857252477665
"(Date(""2025-09-22""), 66)",17.58274213239347
"(Date(""2025-09-23""), 66)",23.066700698808358
"(Date(""2025-09-24""), 66)",13.53319044441431
"(Date(""2025-09-25""), 66)",16.057576163914415
"(Date(""2025-09-26""), 66)",13.77480352219716
"(Date(""2025-09-27""), 66)",12.814041223290447
"(Date(""2025-09-28""), 66)",15.011980205296119
"(Date(""2025-09-29""), 66)",13.04700247578169
"(Date(""2025-09-30""), 66)",10.897732522506619
"(Date(""2025-10-01""), 66)",10.799972963912346
"(Date(""2025-10-02""), 66)",13.772934559885153
"(Date(""2025-10-03""), 66)",17.223151638990142
"(Date(""2025-10-04""), 66)",20.713309672639138
"(Date(""2025-10-05""), 66)",22.77855903123697
"(Date(""2025-10-06""), 66)",22.587122765477382
"(Date(""2025-10-07""), 66)",20.983175400264575
"(Date(""2025-10-08""), 66)",15.617598681024509
"(Date(""2025-10-09""), 66)",12.87040625260295
"(Date(""2025-10-10""), 66)",17.376615326288967
"(Date(""2025-10-11""), 66)",19.613958744647437
"(Date(""2025-10-12""), 66)",16.61804388285219
"(Date(""2025-10-13""), 66)",15.735196521471432
"(Date(""2025-10-14""), 66)",17.63670827099853
"(Date(""2025-10-15""), 66)",11.341861533098552
"(Date(""2025-10-16""), 66)",11.391534910523644
"(Date(""2025-10-17""), 66)",13.602340515105022
"(Date(""2025-10-18""), 66)",15.591723632911101
"(Date(""2025-10-19""), 66)",16.258518676399785
"(Date(""2025-10-20""), 66)",16.880335250128994
"(Date(""2025-10-21""), 66)",12.676021179614493
"(Date(""2025-10-22""), 66)",11.602983619528226
"(Date(""2025-10-23""), 66)",12.346619749449488
"(Date(""2025-10-24""), 66)",12.57910044468961
"(Date(""2025-10-25""), 66)",10.593916036603323
"(Date(""2025-10-26""), 66)",11.232815693834123
"(Date(""2025-10-27""), 66)",13.146136946398453
"(Date(""2025-10-28""), 66)",12.308868291102247
"(Date(""2025-10-29""), 66)",12.04615859654578
"(Date(""2025-10-30""), 66)",13.106690587622397
"(Date(""2025-10-31""), 66)",10.397281126679209
"(Date(""2025-11-01""), 66)",9.901856865477658
"(Date(""2025-11-02""), 66)",10.712583514436696
"(Date(""2025-11-03""), 66)",11.243510660352724
"(Date(""2025-11-04""), 66)",9.738744947120178
"(Date(""2025-11-05""), 66)",11.928624601522213
"(Date(""2025-11-06""), 66)",10.69806789738455
"(Date(""2025-11-07""), 66)",12.855379243091605
"(Date(""2025-11-08""), 66)",12.59401695899136
"(Date(""2025-11-09""), 66)",10.110490226995033
"(Date(""2025-11-10""), 66)",14.959380015601885
"(Date(""2025-11-11""), 66)",8.287241495294799
"(Date(""2025-11-12""), 66)",14.420697285111594
"(Date(""2025-11-13""), 66)",14.246975936069893
"(Date(""2025-11-14""), 66)",12.811258917695096
"(Date(""2025-11-15""), 66)",11.749856089108174
"(Date(""2025-11-16""), 66)",11.997846532785225
"(Date(""2025-11-17""), 66)",8.952328899905691
"(Date(""2025-11-18""), 66)",9.844753840738525
"(Date(""2025-11-19""), 66)",12.23026636700471
"(Date(""2025-11-20""), 66)",18.968799976887542
"(Date(""2025-11-21""), 66)",19.860020567531
"(Date(""2025-11-22""), 66)",15.931054222925841
"(Date(""2025-11-23""), 66)",20.668962502255443
"(Date(""2025-11-24""), 66)",17.323345131088203
"(Date(""2025-11-25""), 66)",17.62766696936099
"(Date(""2025-11-26""), 66)",17.345410120576833
"(Date(""2025-11-27""), 66)",10.97425335981686
"(Date(""2025-11-28""), 66)",9.526881386054113
"(Date(""2025-11-29""), 66)",10.392430506049788
"(Date(""2025-11-30""), 66)",13.1359430323274
"(Date(""2025-12-01""), 66)",11.552359367541518
"(Date(""2025-12-02""), 66)",14.586420216486424
"(Date(""2025-12-03""), 66)",15.849493515469517
"(Date(""2025-12-04""), 66)",12.213968985433636
"(Date(""2025-12-05""), 66)",15.361760655946448
"(Date(""2025-12-06""), 66)",20.919278199549257
"(Date(""2025-12-07""), 66)",17.79960515059561
"(Date(""2025-12-08""), 66)",13.644747859683818
"(Date(""2025-12-09""), 66)",22.92813204662206
"(Date(""2025-12-10""), 66)",27.25192874644702
"(Date(""2025-12-11""), 66)",13.816321139747364
"(Date(""2025-12-12""), 66)",14.370928974461291
"(Date(""2025-12-13""), 66)",23.358886755208335
"(Date(""2025-12-14""), 66)",17.537629195097395
"(Date(""2025-12-15""), 66)",19.25998568454801
"(Date(""2025-12-16""), 66)",22.21290059248897
"(Date(""2025-12-17""), 66)",18.34653474077734
"(Date(""2025-12-18""), 66)",18.64162405419599
"(Date(""2025-12-19""), 66)",15.827329617697
"(Date(""2025-12-20""), 66)",13.345388734342276
"(Date(""2025-12-21""), 66)",13.137679708224118
"(Date(""2025-12-22""), 66)",15.637115891417093
"(Date(""2025-12-23""), 66)",16.468820531325953
"(Date(""2025-12-24""), 66)",16.56439117766353
"(Date(""2025-12-25""), 66)",15.461809643505925
"(Date(""2025-12-26""), 66)",13.584423829939828
"(Date(""2025-12-27""), 66)",16.719062307623908
"(Date(""2025-12-28""), 66)",19.732381981479964
"(Date(""2025-12-29""), 66)",17.378324342508318
"(Date(""2025-12-30""), 66)",10.291407587204688
"(Date(""2025-12-31""), 66)",13.475193987537049
"(Date(""2025-01-01""), 80)",53.64458972641357
"(Date(""2025-01-02""), 80)",19.408282393187307
"(Date(""2025-01-03""), 80)",16.651893744175933
"(Date(""2025-01-04""), 80)",19.63255076375387
"(Date(""2025-01-05""), 80)",12.762643159316086
"(Date(""2025-01-06""), 80)",15.766071660482519
"(Date(""2025-01-07""), 80)",14.581132740650027
"(Date(""2025-01-08""), 80)",11.929998973394458
"(Date(""2025-01-09""), 80)",11.204530924833412
"(Date(""2025-01-10""), 80)",12.11653356713287
"(Date(""2025-01-11""), 80)",20.68977273076991
"(Date(""2025-01-12""), 80)",15.430661043383505
"(Date(""2025-01-13""), 80)",26.14941462835205
"(Date(""2025-01-14""), 80)",13.251041033340204
"(Date(""2025-01-15""), 80)",16.11391990348455
"(Date(""2025-01-16""), 80)",22.757345145003082
"(Date(""2025-01-17""), 80)",22.08317880891254
"(Date(""2025-01-18""), 80)",19.015504740168094
"(Date(""2025-01-19""), 80)",16.43373730857496
"(Date(""2025-01-20""), 80)",13.806052098511664
"(Date(""2025-01-21""), 80)",16.297373145487402
"(Date(""2025-01-22""), 80)",16.891846658338626
"(Date(""2025-01-23""), 80)",21.73073191243821
"(Date(""2025-01-24""), 80)",16.58867141514697
"(Date(""2025-01-25""), 80)",21.95652604258086
"(Date(""2025-01-26""), 80)",20.42562832908824
"(Date(""2025-01-27""), 80)",13.932802408654771
"(Date(""2025-01-28""), 80)",12.574708625581401
"(Date(""2025-01-29""), 80)",15.29949543384749
"(Date(""2025-01-30""), 80)",13.419955529483369
"(Date(""2025-01-31""), 80)",20.83956116500552
"(Date(""2025-02-01""), 80)",13.999964834189305
"(Date(""2025-02-02""), 80)",17.65045377724478
"(Date(""2025-02-03""), 80)",31.43060951083309
"(Date(""2025-02-04""), 80)",17.631145609948373
"(Date(""2025-02-05""), 80)",16.17556203686572
"(Date(""2025-02-06""), 80)",26.429823559703934
"(Date(""2025-02-07""), 80)",16.83679677108726
"(Date(""2025-02-08""), 80)",19.848235453474512
"(Date(""2025-02-09""), 80)",21.050844599389645
"(Date(""2025-02-10""), 80)",15.200474304787715
"(Date(""2025-02-11""), 80)",15.788404208866506
"(Date(""2025-02-12""), 80)",12.992098130789618
"(Date(""2025-02-13""), 80)",15.623130127542916
"(Date(""2025-02-14""), 80)",13.59508057255069
"(Date(""2025-02-15""), 80)",15.615412838773988
"(Date(""2025-02-16""), 80)",10.498444938663114
"(Date(""2025-02-17""), 80)",8.734529369810616
"(Date(""2025-02-18""), 80)",8.584591862359117
"(Date(""2025-02-19""), 80)",9.974884497363904
"(Date(""2025-02-20""), 80)",14.170477127496605
"(Date(""2025-02-21""), 80)",12.980474995262979
"(Date(""2025-02-22""), 80)",16.859275487675035
"(Date(""2025-02-23""), 80)",17.828172572858787
"(Date(""2025-02-24""), 80)",18.426053726921406
"(Date(""2025-02-25""), 80)",20.35085886359542
"(Date(""2025-02-26""), 80)",16.02130353314068
"(Date(""2025-02-27""), 80)",19.39992671660293
"(Date(""2025-02-28""), 80)",11.858438341679006
"(Date(""2025-03-01""), 80)",15.806654666229106
"(Date(""2025-03-02""), 80)",10.22579198906547
"(Date(""2025-03-03""), 80)",19.240791693040407
"(Date(""2025-03-04""), 80)",32.276228036727694
"(Date(""2025-03-05""), 80)",24.288054788548198
"(Date(""2025-03-06""), 80)",17.620276965240055
"(Date(""2025-03-07""), 80)",11.032258869605188
"(Date(""2025-03-08""), 80)",11.432806149511228
"(Date(""2025-03-09""), 80)",14.426244840419058
"(Date(""2025-03-10""), 80)",16.459832407491746
"(Date(""2025-03-11""), 80)",16.827215254933474
"(Date(""2025-03-12""), 80)",14.638398420738735
"(Date(""2025-03-13""), 80)",18.474537362994102
"(Date(""2025-03-14""), 80)",27.51641858948005
"(Date(""2025-03-15""), 80)",28.345331775585795
"(Date(""2025-03-16""), 80)",26.468547927561744
"(Date(""2025-03-17""), 80)",19.365710098867414
"(Date(""2025-03-18""), 80)",18.32119579215212
"(Date(""2025-03-19""), 80)",23.304044512254464
"(Date(""2025-03-20""), 80)",19.905092723012647
"(Date(""2025-03-21""), 80)",12.873184185085252
"(Date(""2025-03-22""), 80)",16.02955050680059
"(Date(""2025-03-23""), 80)",12.131420055991978
"(Date(""2025-03-24""), 80)",17.602170066632205
"(Date(""2025-03-25""), 80)",15.691075534811617
"(Date(""2025-03-26""), 80)",13.239201618640376
"(Date(""2025-03-27""), 80)",12.129972164860487
"(Date(""2025-03-28""), 80)",11.92108738036761
"(Date(""2025-03-29""), 80)",11.016568701870941
"(Date(""2025-03-30""), 80)",12.004478984902946
"(Date(""2025-03-31""), 80)",16.091928922587368
"(Date(""2025-04-01""), 80)",7.986893199413863
"(Date(""2025-04-02""), 80)",9.70440455709434
"(Date(""2025-04-03""), 80)",13.889889876469107
"(Date(""2025-04-04""), 80)",10.78666708256847
"(Date(""2025-04-05""), 80)",10.450683709692886
"(Date(""2025-04-06""), 80)",10.635506653127065
"(Date(""2025-04-07""), 80)",9.503798915553611
"(Date(""2025-04-08""), 80)",10.088895197118877
"(Date(""2025-04-09""), 80)",8.464313070688112
"(Date(""2025-04-10""), 80)",11.823356078047906
"(Date(""2025-04-11""), 80)",13.742760622996226
"(Date(""2025-04-12""), 80)",14.69817149950562
"(Date(""2025-04-13""), 80)",14.495375221300424
"(Date(""2025-04-14""), 80)",15.85663442582946
"(Date(""2025-04-15""), 80)",13.940047300804556
"(Date(""2025-04-16""), 80)",9.043650328239906
"(Date(""2025-04-17""), 80)",9.66637297938442
"(Date(""2025-04-18""), 80)",15.25636673132711
"(Date(""2025-04-19""), 80)",17.945991007851653
"(Date(""2025-04-20""), 80)",9.260970452838745
"(Date(""2025-04-21""), 80)",13.531457031658142
"(Date(""2025-04-22""), 80)",14.310135978579412
"(Date(""2025-04-23""), 80)",11.987146657772795
"(Date(""2025-04-24""), 80)",17.309343362650242
"(Date(""2025-04-25""), 80)",16.461891498845045
"(Date(""2025-04-26""), 80)",14.823392492685318
"(Date(""2025-04-27""), 80)",15.279610084858204
"(Date(""2025-04-28""), 80)",15.397258338847925
"(Date(""2025-04-29""), 80)",18.438892286847146
"(Date(""2025-04-30""), 80)",10.143157148099032
"(Date(""2025-05-01""), 80)",14.089177675962011
"(Date(""2025-05-02""), 80)",17.522973705926386
"(Date(""2025-05-03""), 80)",14.939285253188832
"(Date(""2025-05-04""), 80)",16.02929118852174
"(Date(""2025-05-05""), 80)",14.54099027730684
"(Date(""2025-05-06""), 80)",17.62725088558458
"(Date(""2025-05-07""), 80)",15.524860855686425
"(Date(""2025-05-08""), 80)",9.88542539164966
"(Date(""2025-05-09""), 80)",10.267487643974736
"(Date(""2025-05-10""), 80)",15.020572580652988
"(Date(""2025-05-11""), 80)",10.354540418405058
"(Date(""2025-05-12""), 80)",17.50633786360198
"(Date(""2025-05-13""), 80)",17.522787132419836
"(Date(""2025-05-14""), 80)",18.97858804413132
"(Date(""2025-05-15""), 80)",19.389183516006533
"(Date(""2025-05-16""), 80)",17.634345465549952
"(Date(""2025-05-17""), 80)",15.042670083632085
"(Date(""2025-05-18""), 80)",11.678124511377991
"(Date(""2025-05-19""), 80)",9.405739727856668
"(Date(""2025-05-20""), 80)",10.852742597876034
"(Date(""2025-05-21""), 80)",11.781910951921951
"(Date(""2025-05-22""), 80)",10.865928335793239
"(Date(""2025-05-23""), 80)",11.129243902448366
"(Date(""2025-05-24""), 80)",13.369406810102763
"(Date(""2025-05-25""), 80)",13.12925491508778
"(Date(""2025-05-26""), 80)",15.469039290611429
"(Date(""2025-05-27""), 80)",16.180996912193688
"(Date(""2025-05-28""), 80)",19.230710662133696
"(Date(""2025-05-29""), 80)",16.187060775260843
"(Date(""2025-05-30""), 80)",14.710540894095114
"(Date(""2025-05-31""), 80)",12.816964886910469
"(Date(""2025-06-01""), 80)",8.365879996379423
"(Date(""2025-06-02""), 80)",12.473304731376603
"(Date(""2025-06-03""), 80)",17.116784051770875
"(Date(""2025-06-04""), 80)",23.007971874524973
"(Date(""2025-06-05""), 80)",21.382832149177165
"(Date(""2025-06-06""), 80)",23.96961301266307
"(Date(""2025-06-07""), 80)",21.255204369655463
"(Date(""2025-06-08""), 80)",19.52073629825081
"(Date(""2025-06-09""), 80)",16.686907311050543
"(Date(""2025-06-10""), 80)",15.164111512655472
"(Date(""2025-06-11""), 80)",12.291062084381364
"(Date(""2025-06-12""), 80)",12.269820805027035
"(Date(""2025-06-13""), 80)",11.625465832321197
"(Date(""2025-06-14""), 80)",13.992308253984351
"(Date(""2025-06-15""), 80)",17.46486436078527
"(Date(""2025-06-16""), 80)",23.10715861293455
"(Date(""2025-06-17""), 80)",22.32133818609489
"(Date(""2025-06-18""), 80)",23.85382702837441
"(Date(""2025-06-19""), 80)",21.69077891822906
"(Date(""2025-06-20""), 80)",12.50564833665315
"(Date(""2025-06-21""), 80)",17.290801278429996
"(Date(""2025-06-22""), 80)",20.76346235633207
"(Date(""2025-06-23""), 80)",21.528470667073048
"(Date(""2025-06-24""), 80)",19.20650281634686
"(Date(""2025-06-25""), 80)",17.359541763176576
"(Date(""2025-06-26""), 80)",10.419260275636576
"(Date(""2025-06-27""), 80)",12.650411772693653
"(Date(""2025-06-28""), 80)",14.998796740419733
"(Date(""2025-06-29""), 80)",11.169280772763045
"(Date(""2025-06-30""), 80)",16.36665538038567
"(Date(""2025-07-01""), 80)",17.555873431025944
"(Date(""2025-07-02""), 80)",15.118417335985411
"(Date(""2025-07-03""), 80)",14.457997330648752
"(Date(""2025-07-04""), 80)",12.150042162141
"(Date(""2025-07-05""), 80)",17.036199375749682
"(Date(""2025-07-06""), 80)",19.502148681844844
"(Date(""2025-07-07""), 80)",10.901258450488273
"(Date(""2025-07-08""), 80)",14.612958411699589
"(Date(""2025-07-09""), 80)",18.323831615530665
"(Date(""2025-07-10""), 80)",20.03401255388454
"(Date(""2025-07-11""), 80)",21.52947449815596
"(Date(""2025-07-12""), 80)",26.388805414759062
"(Date(""2025-07-13""), 80)",20.581272925676245
"(Date(""2025-07-14""), 80)",20.698358125537784
"(Date(""2025-07-15""), 80)",21.035060512831095
"(Date(""2025-07-16""), 80)",22.818830972244793
"(Date(""2025-07-17""), 80)",17.697636003727297
"(Date(""2025-07-18""), 80)",12.061775015681487
"(Date(""2025-07-19""), 80)",15.409997279242534
"(Date(""2025-07-20""), 80)",14.792938363537022
"(Date(""2025-07-21""), 80)",10.799983624147524
"(Date(""2025-07-22""), 80)",13.406574181830713
"(Date(""2025-07-23""), 80)",17.61270591538549
"(Date(""2025-07-24""), 80)",21.828038839188743
"(Date(""2025-07-25""), 80)",19.40330837922138
"(Date(""2025-07-26""), 80)",23.036557086304
"(Date(""2025-07-27""), 80)",23.58774943443783
"(Date(""2025-07-28""), 80)",26.195575903053523
"(Date(""2025-07-29""), 80)",24.77895973534654
"(Date(""2025-07-30""), 80)",21.926625128744742
"(Date(""2025-07-31""), 80)",16.828787308717583
"(Date(""2025-08-01""), 80)",13.896082578762938
"(Date(""2025-08-02""), 80)",17.09176249110753
"(Date(""2025-08-03""), 80)",18.077940023381355
"(Date(""2025-08-04""), 80)",19.952715508757326
"(Date(""2025-08-05""), 80)",15.35010433602168
"(Date(""2025-08-06""), 80)",20.3570419269558
"(Date(""2025-08-07""), 80)",24.280512540899256
"(Date(""2025-08-08""), 80)",26.088355501356574
"(Date(""2025-08-09""), 80)",26.314147591301776
"(Date(""2025-08-10""), 80)",26.283815847122295
"(Date(""2025-08-11""), 80)",27.391804552056257
"(Date(""2025-08-12""), 80)",27.883760464543204
"(Date(""2025-08-13""), 80)",21.9229371474545
"(Date(""2025-08-14""), 80)",20.750406668842324
"(Date(""2025-08-15""), 80)",16.54862384127134
"(Date(""2025-08-16""), 80)",21.380195788171388
"(Date(""2025-08-17""), 80)",15.297388258681563
"(Date(""2025-08-18""), 80)",12.550817609135295
"(Date(""2025-08-19""), 80)",15.978001496548723
"(Date(""2025-08-20""), 80)",16.125209103990187
"(Date(""2025-08-21""), 80)",16.306772065502226
"(Date(""2025-08-22""), 80)",18.190685165515116
"(Date(""2025-08-23""), 80)",18.255242843832942
"(Date(""2025-08-24""), 80)",15.859916742125652
"(Date(""2025-08-25""), 80)",12.853478363559471
"(Date(""2025-08-26""), 80)",10.046990107746764
"(Date(""2025-08-27""), 80)",11.463180796830688
"(Date(""2025-08-28""), 80)",11.607366311919035
"(Date(""2025-08-29""), 80)",11.300184230707549
"(Date(""2025-08-30""), 80)",11.145301023690827
"(Date(""2025-08-31""), 80)",14.715754831824727
"(Date(""2025-09-01""), 80)",15.902990165946669
"(Date(""2025-09-02""), 80)",16.007562358610866
"(Date(""2025-09-03""), 80)",16.12790351568473
"(Date(""2025-09-04""), 80)",13.227346373975179
"(Date(""2025-09-05""), 80)",12.999361308858324
"(Date(""2025-09-06""), 80)",12.054038764709249
"(Date(""2025-09-07""), 80)",11.510239634952402
"(Date(""2025-09-08""), 80)",10.477961334087592
"(Date(""2025-09-09""), 80)",13.488030208543167
"(Date(""2025-09-10""), 80)",15.998582498781063
"(Date(""2025-09-11""), 80)",15.062974362699512
"(Date(""2025-09-12""), 80)",13.918155131412417
"(Date(""2025-09-13""), 80)",19.284831009086062
"(Date(""2025-09-14""), 80)",18.57167109165285
"(Date(""2025-09-15""), 80)",14.142241081377717
"(Date(""2025-09-16""), 80)",16.955003117172097
"(Date(""2025-09-17""), 80)",19.947129819677116
"(Date(""2025-09-18""), 80)",16.2770997233468
"(Date(""2025-09-19""), 80)",12.369418890027656
"(Date(""2025-09-20""), 80)",12.570410061585367
"(Date(""2025-09-21""), 80)",15.019677186435505
"(Date(""2025-09-22""), 80)",16.766225548999188
"(Date(""2025-09-23""), 80)",21.23535867559002
"(Date(""2025-09-24""), 80)",12.357763270623263
"(Date(""2025-09-25""), 80)",14.709057122312895
"(Date(""2025-09-26""), 80)",13.211264788936065
"(Date(""2025-09-27""), 80)",12.629882019204329
"(Date(""2025-09-28""), 80)",14.923980917559831
"(Date(""2025-09-29""), 80)",12.911687373700198
"(Date(""2025-09-30""), 80)",10.97056116510072
"(Date(""2025-10-01""), 80)",10.765864234659098
"(Date(""2025-10-02""), 80)",13.761003655271795
"(Date(""2025-10-03""), 80)",16.71352716020379
"(Date(""2025-10-04""), 80)",19.287278329084568
"(Date(""2025-10-05""), 80)",20.4529689566152
"(Date(""2025-10-06""), 80)",19.496541354431503
"(Date(""2025-10-07""), 80)",18.021842627897644
"(Date(""2025-10-08""), 80)",13.765915555261195
"(Date(""2025-10-09""), 80)",11.825714562693992
"(Date(""2025-10-10""), 80)",16.602335298300723
"(Date(""2025-10-11""), 80)",18.105953672952356
"(Date(""2025-10-12""), 80)",15.087932375711762
"(Date(""2025-10-13""), 80)",14.485509871369661
"(Date(""2025-10-14""), 80)",16.576997715318157
"(Date(""2025-10-15""), 80)",11.137273311750892
"(Date(""2025-10-16""), 80)",11.260192276864599
"(Date(""2025-10-17""), 80)",13.644394235846386
"(Date(""2025-10-18""), 80)",15.679392982946931
"(Date(""2025-10-19""), 80)",16.23851678781598
"(Date(""2025-10-20""), 80)",17.258420016329552
"(Date(""2025-10-21""), 80)",12.687816427484508
"(Date(""2025-10-22""), 80)",11.540312122505279
"(Date(""2025-10-23""), 80)",12.414210528960291
"(Date(""2025-10-24""), 80)",12.967547666302762
"(Date(""2025-10-25""), 80)",11.28356114892627
"(Date(""2025-10-26""), 80)",12.162297106774133
"(Date(""2025-10-27""), 80)",14.197040564945821
"(Date(""2025-10-28""), 80)",12.988361414242847
"(Date(""2025-10-29""), 80)",12.384737526493339
"(Date(""2025-10-30""), 80)",13.288054536937425
"(Date(""2025-10-31""), 80)",10.66012098733372
"(Date(""2025-11-01""), 80)",10.406061687645666
"(Date(""2025-11-02""), 80)",11.242159071559842
"(Date(""2025-11-03""), 80)",11.850695262492305
"(Date(""2025-11-04""), 80)",10.201967881556554
"(Date(""2025-11-05""), 80)",12.634947364774394
"(Date(""2025-11-06""), 80)",11.326452869857325
"(Date(""2025-11-07""), 80)",13.339818359247078
"(Date(""2025-11-08""), 80)",13.235840621137742
"(Date(""2025-11-09""), 80)",10.490507611400112
"(Date(""2025-11-10""), 80)",15.991756586986922
"(Date(""2025-11-11""), 80)",8.87440747314985
"(Date(""2025-11-12""), 80)",15.321248544156651
"(Date(""2025-11-13""), 80)",15.180540730245953
"(Date(""2025-11-14""), 80)",13.491782726545024
"(Date(""2025-11-15""), 80)",12.568286997997973
"(Date(""2025-11-16""), 80)",12.660688381000643
"(Date(""2025-11-17""), 80)",9.647275661485304
"(Date(""2025-11-18""), 80)",10.488271763921105
"(Date(""2025-11-19""), 80)",12.464638695039401
"(Date(""2025-11-20""), 80)",18.550635091009973
"(Date(""2025-11-21""), 80)",19.107824039297938
"(Date(""2025-11-22""), 80)",15.569331003376679
"(Date(""2025-11-23""), 80)",19.93649327568674
"(Date(""2025-11-24""), 80)",16.888457362132282
"(Date(""2025-11-25""), 80)",16.672430231026564
"(Date(""2025-11-26""), 80)",16.55662520610233
"(Date(""2025-11-27""), 80)",10.20853408800714
"(Date(""2025-11-28""), 80)",9.193527781194387
"(Date(""2025-11-29""), 80)",9.84781840948439
"(Date(""2025-11-30""), 80)",12.281836729649177
"(Date(""2025-12-01""), 80)",10.491346948583288
"(Date(""2025-12-02""), 80)",13.173152409353818
"(Date(""2025-12-03""), 80)",14.515504098254494
"(Date(""2025-12-04""), 80)",11.43376165528407
"(Date(""2025-12-05""), 80)",14.639128324506142
"(Date(""2025-12-06""), 80)",19.921342193904554
"(Date(""2025-12-07""), 80)",16.40362711629152
"(Date(""2025-12-08""), 80)",12.389860887944565
"(Date(""2025-12-09""), 80)",20.687702726823694
"(Date(""2025-12-10""), 80)",25.270007194768585
"(Date(""2025-12-11""), 80)",12.431687755077037
"(Date(""2025-12-12""), 80)",13.276353911446158
"(Date(""2025-12-13""), 80)",22.320655758676583
"(Date(""2025-12-14""), 80)",17.126172526380984
"(Date(""2025-12-15""), 80)",18.519625636867467
"(Date(""2025-12-16""), 80)",21.563642238072458
"(Date(""2025-12-17""), 80)",17.878036102160202
"(Date(""2025-12-18""), 80)",18.66649675564125
"(Date(""2025-12-19""), 80)",15.90774881600451
"(Date(""2025-12-20""), 80)",13.126582621287907
"(Date(""2025-12-21""), 80)",12.887251500446855
"(Date(""2025-12-22""), 80)",14.98043469603074
"(Date(""2025-12-23""), 80)",16.03246803559048
"(Date(""2025-12-24""), 80)",15.865606063322023
"(Date(""2025-12-25""), 80)",14.921494095317495
"(Date(""2025-12-26""), 80)",12.565659593125789
"(Date(""2025-12-27""), 80)",15.618593732909947
"(Date(""2025-12-28""), 80)",18.364416250352566
"(Date(""2025-12-29""), 80)",16.54088180858063
"(Date(""2025-12-30""), 80)",9.728053020799953
"(Date(""2025-12-31""), 80)",12.667632096520906
"(Date(""2025-01-01""), 103)",50.562380579169606
"(Date(""2025-01-02""), 103)",18.888781402358724
"(Date(""2025-01-03""), 103)",16.40024578034381
"(Date(""2025-01-04""), 103)",19.46515800414469
"(Date(""2025-01-05""), 103)",13.160631241150318
"(Date(""2025-01-06""), 103)",16.16344294683402
"(Date(""2025-01-07""), 103)",15.240697953279582
"(Date(""2025-01-08""), 103)",12.707399871240415
"(Date(""2025-01-09""), 103)",12.10767769079655
"(Date(""2025-01-10""), 103)",12.753799175545376
"(Date(""2025-01-11""), 103)",21.380785277188995
"(Date(""2025-01-12""), 103)",15.441820547768973
"(Date(""2025-01-13""), 103)",26.355971089451675
"(Date(""2025-01-14""), 103)",13.381111440308517
"(Date(""2025-01-15""), 103)",16.32808925220378
"(Date(""2025-01-16""), 103)",22.63245831469561
"(Date(""2025-01-17""), 103)",21.964392679364927
"(Date(""2025-01-18""), 103)",18.28214866993338
"(Date(""2025-01-19""), 103)",16.04803691976511
"(Date(""2025-01-20""), 103)",13.785351793277913
"(Date(""2025-01-21""), 103)",16.547812227280218
"(Date(""2025-01-22""), 103)",17.31899995437548
"(Date(""2025-01-23""), 103)",20.727239423444473
"(Date(""2025-01-24""), 103)",16.406153597144737
"(Date(""2025-01-25""), 103)",21.351672800195796
"(Date(""2025-01-26""), 103)",20.303539074175003
"(Date(""2025-01-27""), 103)",13.49964220735809
"(Date(""2025-01-28""), 103)",12.191416528841726
"(Date(""2025-01-29""), 103)",15.02797741332537
"(Date(""2025-01-30""), 103)",13.131802851525615
"(Date(""2025-01-31""), 103)",20.44800758062022
"(Date(""2025-02-01""), 103)",14.181213213231295
"(Date(""2025-02-02""), 103)",18.02829918784212
"(Date(""2025-02-03""), 103)",32.28913622953834
"(Date(""2025-02-04""), 103)",18.13055904053204
"(Date(""2025-02-05""), 103)",16.963582482082117
"(Date(""2025-02-06""), 103)",27.73320236416398
"(Date(""2025-02-07""), 103)",17.311136848171245
"(Date(""2025-02-08""), 103)",20.011963221911238
"(Date(""2025-02-09""), 103)",21.78241736804791
"(Date(""2025-02-10""), 103)",15.81283235138288
"(Date(""2025-02-11""), 103)",16.99317000443801
"(Date(""2025-02-12""), 103)",13.938805266032308
"(Date(""2025-02-13""), 103)",17.02977188160746
"(Date(""2025-02-14""), 103)",15.52236103306103
"(Date(""2025-02-15""), 103)",18.2247748849425
"(Date(""2025-02-16""), 103)",12.217080647907324
"(Date(""2025-02-17""), 103)",9.831694386814535
"(Date(""2025-02-18""), 103)",9.333687427653137
"(Date(""2025-02-19""), 103)",10.492207760941476
"(Date(""2025-02-20""), 103)",14.687492801212553
"(Date(""2025-02-21""), 103)",13.627584871190926
"(Date(""2025-02-22""), 103)",17.45135727584089
"(Date(""2025-02-23""), 103)",18.673531015864686
"(Date(""2025-02-24""), 103)",18.36345151861324
"(Date(""2025-02-25""), 103)",20.543793719748848
"(Date(""2025-02-26""), 103)",16.360847958861548
"(Date(""2025-02-27""), 103)",20.03257770159699
"(Date(""2025-02-28""), 103)",12.326286079789146
"(Date(""2025-03-01""), 103)",16.51773590711183
"(Date(""2025-03-02""), 103)",10.947827396458546
"(Date(""2025-03-03""), 103)",20.773045752593625
"(Date(""2025-03-04""), 103)",32.25153923073591
"(Date(""2025-03-05""), 103)",23.81422065672623
"(Date(""2025-03-06""), 103)",17.095845456363353
"(Date(""2025-03-07""), 103)",11.070650834225706
"(Date(""2025-03-08""), 103)",11.754668914270503
"(Date(""2025-03-09""), 103)",14.93076153986009
"(Date(""2025-03-10""), 103)",16.710744516551454
"(Date(""2025-03-11""), 103)",16.846309613709042
"(Date(""2025-03-12""), 103)",14.640906726134158
"(Date(""2025-03-13""), 103)",18.73170038002789
"(Date(""2025-03-14""), 103)",26.712510551564836
"(Date(""2025-03-15""), 103)",27.883846034250404
"(Date(""2025-03-16""), 103)",24.994062539290706
"(Date(""2025-03-17""), 103)",19.2295151755277
"(Date(""2025-03-18""), 103)",17.662461145107212
"(Date(""2025-03-19""), 103)",23.265427584429318
"(Date(""2025-03-20""), 103)",19.691015054458354
"(Date(""2025-03-21""), 103)",12.881497807556352
"(Date(""2025-03-22""), 103)",15.973906900859003
"(Date(""2025-03-23""), 103)",12.350973312917407
"(Date(""2025-03-24""), 103)",17.590617943360947
"(Date(""2025-03-25""), 103)",15.726550662698632
"(Date(""2025-03-26""), 103)",12.87134310571742
"(Date(""2025-03-27""), 103)",12.389426344934916
"(Date(""2025-03-28""), 103)",12.37028331225925
"(Date(""2025-03-29""), 103)",11.470350183525051
"(Date(""2025-03-30""), 103)",12.25104161551534
"(Date(""2025-03-31""), 103)",16.127219940703565
"(Date(""2025-04-01""), 103)",8.334356153796834
"(Date(""2025-04-02""), 103)",10.058048262756198
"(Date(""2025-04-03""), 103)",14.401919408977113
"(Date(""2025-04-04""), 103)",11.242279927318037
"(Date(""2025-04-05""), 103)",10.918708627474476
"(Date(""2025-04-06""), 103)",11.244334615133091
"(Date(""2025-04-07""), 103)",9.941268886301698
"(Date(""2025-04-08""), 103)",10.462920925520478
"(Date(""2025-04-09""), 103)",9.26170006467143
"(Date(""2025-04-10""), 103)",13.13064580465431
"(Date(""2025-04-11""), 103)",16.125730098173825
"(Date(""2025-04-12""), 103)",15.443910787233172
"(Date(""2025-04-13""), 103)",15.72944356615866
"(Date(""2025-04-14""), 103)",17.775831032597626
"(Date(""2025-04-15""), 103)",15.874997305270659
"(Date(""2025-04-16""), 103)",9.977133393100594
"(Date(""2025-04-17""), 103)",10.76447249205211
"(Date(""2025-04-18""), 103)",16.198719828035784
"(Date(""2025-04-19""), 103)",19.60634697045278
"(Date(""2025-04-20""), 103)",9.636929066187221
"(Date(""2025-04-21""), 103)",14.029394010667174
"(Date(""2025-04-22""), 103)",14.419353955176078
"(Date(""2025-04-23""), 103)",11.884554787478615
"(Date(""2025-04-24""), 103)",17.632369030619568
"(Date(""2025-04-25""), 103)",16.632020394116733
"(Date(""2025-04-26""), 103)",15.021951527039992
"(Date(""2025-04-27""), 103)",14.765189615983788
"(Date(""2025-04-28""), 103)",15.476055930603206
"(Date(""2025-04-29""), 103)",18.926459099100445
"(Date(""2025-04-30""), 103)",10.626372350463253
"(Date(""2025-05-01""), 103)",14.199982572629423
"(Date(""2025-05-02""), 103)",17.0490217941886
"(Date(""2025-05-03""), 103)",14.308178708544357
"(Date(""2025-05-04""), 103)",15.309821779229623
"(Date(""2025-05-05""), 103)",13.742123125999194
"(Date(""2025-05-06""), 103)",17.129546824204898
"(Date(""2025-05-07""), 103)",14.894568244909296
"(Date(""2025-05-08""), 103)",9.601921297458578
"(Date(""2025-05-09""), 103)",9.68494529970821
"(Date(""2025-05-10""), 103)",14.234663235295193
"(Date(""2025-05-11""), 103)",9.908752098154046
"(Date(""2025-05-12""), 103)",17.181561038077486
"(Date(""2025-05-13""), 103)",17.94520899071811
"(Date(""2025-05-14""), 103)",19.359185634571986
"(Date(""2025-05-15""), 103)",19.41469070038731
"(Date(""2025-05-16""), 103)",17.293371288397214
"(Date(""2025-05-17""), 103)",14.66858841649544
"(Date(""2025-05-18""), 103)",11.149869844196477
"(Date(""2025-05-19""), 103)",8.731663228160139
"(Date(""2025-05-20""), 103)",9.9522467640545
"(Date(""2025-05-21""), 103)",10.878877166676046
"(Date(""2025-05-22""), 103)",9.974576391295862
"(Date(""2025-05-23""), 103)",10.293034605375496
"(Date(""2025-05-24""), 103)",12.380313755821025
"(Date(""2025-05-25""), 103)",12.553812267032411
"(Date(""2025-05-26""), 103)",15.084649223381408
"(Date(""2025-05-27""), 103)",16.497274820841973
"(Date(""2025-05-28""), 103)",19.965324522643233
"(Date(""2025-05-29""), 103)",16.67432915880635
"(Date(""2025-05-30""), 103)",14.62198138618907
"(Date(""2025-05-31""), 103)",12.507380547690731
"(Date(""2025-06-01""), 103)",7.88634746107862
"(Date(""2025-06-02""), 103)",11.774639826723343
"(Date(""2025-06-03""), 103)",15.927057177109528
"(Date(""2025-06-04""), 103)",21.752710636252186
"(Date(""2025-06-05""), 103)",20.221604992391192
"(Date(""2025-06-06""), 103)",23.192424917084963
"(Date(""2025-06-07""), 103)",20.363597766125434
"(Date(""2025-06-08""), 103)",18.63123598649158
"(Date(""2025-06-09""), 103)",15.338334662641604
"(Date(""2025-06-10""), 103)",13.767423913388685
"(Date(""2025-06-11""), 103)",10.955409429126407
"(Date(""2025-06-12""), 103)",11.088540079962812
"(Date(""2025-06-13""), 103)",10.726919886015885
"(Date(""2025-06-14""), 103)",13.23539603672233
"(Date(""2025-06-15""), 103)",16.974668519756673
"(Date(""2025-06-16""), 103)",22.824402701317016
"(Date(""2025-06-17""), 103)",21.72820599095154
"(Date(""2025-06-18""), 103)",22.677749693456978
"(Date(""2025-06-19""), 103)",20.382000258018568
"(Date(""2025-06-20""), 103)",12.200373740448182
"(Date(""2025-06-21""), 103)",17.584724465002502
"(Date(""2025-06-22""), 103)",21.149323196300838
"(Date(""2025-06-23""), 103)",21.742613328450968
"(Date(""2025-06-24""), 103)",18.241465977407955
"(Date(""2025-06-25""), 103)",16.63429865951908
"(Date(""2025-06-26""), 103)",9.674652250182474
"(Date(""2025-06-27""), 103)",12.484351201555164
"(Date(""2025-06-28""), 103)",14.697233962064036
"(Date(""2025-06-29""), 103)",10.911573894713136
"(Date(""2025-06-30""), 103)",15.1375913720192
"(Date(""2025-07-01""), 103)",16.057899246833884
"(Date(""2025-07-02""), 103)",13.781999333985674
"(Date(""2025-07-03""), 103)",13.221431920262727
"(Date(""2025-07-04""), 103)",11.315992810952167
"(Date(""2025-07-05""), 103)",15.949269253346856
"(Date(""2025-07-06""), 103)",18.206849607191796
"(Date(""2025-07-07""), 103)",10.171066643174496
"(Date(""2025-07-08""), 103)",13.708294574094616
"(Date(""2025-07-09""), 103)",17.46538731182049
"(Date(""2025-07-10""), 103)",19.396817425596723
"(Date(""2025-07-11""), 103)",21.02141385035634
"(Date(""2025-07-12""), 103)",26.123657315847908
"(Date(""2025-07-13""), 103)",19.858472707929675
"(Date(""2025-07-14""), 103)",19.47367928780106
"(Date(""2025-07-15""), 103)",19.338836242270393
"(Date(""2025-07-16""), 103)",20.714173125925118
"(Date(""2025-07-17""), 103)",15.994961610096547
"(Date(""2025-07-18""), 103)",10.851099549896526
"(Date(""2025-07-19""), 103)",13.887461200456443
"(Date(""2025-07-20""), 103)",13.49466572259538
"(Date(""2025-07-21""), 103)",9.648257703563669
"(Date(""2025-07-22""), 103)",12.237939959355915
"(Date(""2025-07-23""), 103)",16.35137252937842
"(Date(""2025-07-24""), 103)",20.31687617522339
"(Date(""2025-07-25""), 103)",18.025810525179
"(Date(""2025-07-26""), 103)",21.748028864069983
"(Date(""2025-07-27""), 103)",22.23461550192829
"(Date(""2025-07-28""), 103)",25.02237884611053
"(Date(""2025-07-29""), 103)",23.20419306823697
"(Date(""2025-07-30""), 103)",20.7670397812144
"(Date(""2025-07-31""), 103)",15.556560700237519
"(Date(""2025-08-01""), 103)",12.571916626754433
"(Date(""2025-08-02""), 103)",15.548263123218389
"(Date(""2025-08-03""), 103)",16.081395280333325
"(Date(""2025-08-04""), 103)",18.42804360265549
"(Date(""2025-08-05""), 103)",14.173952102400893
"(Date(""2025-08-06""), 103)",19.40590633269405
"(Date(""2025-08-07""), 103)",22.94713295664494
"(Date(""2025-08-08""), 103)",24.851293717696915
"(Date(""2025-08-09""), 103)",24.517834611719973
"(Date(""2025-08-10""), 103)",23.91177463859185
"(Date(""2025-08-11""), 103)",24.522280196264813
"(Date(""2025-08-12""), 103)",25.335481703278514
"(Date(""2025-08-13""), 103)",20.01232349369648
"(Date(""2025-08-14""), 103)",19.474154435530885
"(Date(""2025-08-15""), 103)",15.56478132430001
"(Date(""2025-08-16""), 103)",20.68377165377787
"(Date(""2025-08-17""), 103)",14.377349991494325
"(Date(""2025-08-18""), 103)",12.006863327184691
"(Date(""2025-08-19""), 103)",15.309714419286438
"(Date(""2025-08-20""), 103)",15.804006748824289
"(Date(""2025-08-21""), 103)",16.202125008722195
"(Date(""2025-08-22""), 103)",18.314550187602002
"(Date(""2025-08-23""), 103)",18.14925431568574
"(Date(""2025-08-24""), 103)",15.227440759544217
"(Date(""2025-08-25""), 103)",11.830372929150876
"(Date(""2025-08-26""), 103)",9.131573433514616
"(Date(""2025-08-27""), 103)",10.514882794024482
"(Date(""2025-08-28""), 103)",10.8310092703563
"(Date(""2025-08-29""), 103)",10.665564904855769
"(Date(""2025-08-30""), 103)",10.428873822073834
"(Date(""2025-08-31""), 103)",13.848957454407628
"(Date(""2025-09-01""), 103)",15.293762548878183
"(Date(""2025-09-02""), 103)",15.503219281970349
"(Date(""2025-09-03""), 103)",15.643015472027276
"(Date(""2025-09-04""), 103)",12.624869340322793
"(Date(""2025-09-05""), 103)",12.29961612736615
"(Date(""2025-09-06""), 103)",11.14976360722677
"(Date(""2025-09-07""), 103)",10.72363473608403
"(Date(""2025-09-08""), 103)",9.922440433352287
"(Date(""2025-09-09""), 103)",13.449938047643121
"(Date(""2025-09-10""), 103)",16.869665222871227
"(Date(""2025-09-11""), 103)",16.549352752835187
"(Date(""2025-09-12""), 103)",15.129743513408133
"(Date(""2025-09-13""), 103)",20.114923145190886
"(Date(""2025-09-14""), 103)",18.501739267838467
"(Date(""2025-09-15""), 103)",13.960948753356746
"(Date(""2025-09-16""), 103)",16.95911874665555
"(Date(""2025-09-17""), 103)",20.284776786285562
"(Date(""2025-09-18""), 103)",16.403942145175677
"(Date(""2025-09-19""), 103)",12.172707014561121
"(Date(""2025-09-20""), 103)",12.13691546354189
"(Date(""2025-09-21""), 103)",14.852182743922537
"(Date(""2025-09-22""), 103)",16.96433045124585
"(Date(""2025-09-23""), 103)",21.928517001113548
"(Date(""2025-09-24""), 103)",12.887043495088554
"(Date(""2025-09-25""), 103)",15.199880940352617
"(Date(""2025-09-26""), 103)",13.299514340921933
"(Date(""2025-09-27""), 103)",12.41811870801098
"(Date(""2025-09-28""), 103)",15.199096777108538
"(Date(""2025-09-29""), 103)",13.159184540187773
"(Date(""2025-09-30""), 103)",11.331138943464525
"(Date(""2025-10-01""), 103)",10.732173558086172
"(Date(""2025-10-02""), 103)",13.877722073927785
"(Date(""2025-10-03""), 103)",16.788595361027532
"(Date(""2025-10-04""), 103)",19.505404385377968
"(Date(""2025-10-05""), 103)",20.50614201636917
"(Date(""2025-10-06""), 103)",19.574473512483305
"(Date(""2025-10-07""), 103)",17.905944528434166
"(Date(""2025-10-08""), 103)",13.509152452298446
"(Date(""2025-10-09""), 103)",11.8195338082642
"(Date(""2025-10-10""), 103)",16.857967715890588
"(Date(""2025-10-11""), 103)",19.564402292002626
"(Date(""2025-10-12""), 103)",16.098272042170656
"(Date(""2025-10-13""), 103)",15.296184883233993
"(Date(""2025-10-14""), 103)",16.97371654484901
"(Date(""2025-10-15""), 103)",11.426722697778926
"(Date(""2025-10-16""), 103)",11.695240125474452
"(Date(""2025-10-17""), 103)",14.354608322261218
"(Date(""2025-10-18""), 103)",15.998955718445165
"(Date(""2025-10-19""), 103)",16.495887897988656
"(Date(""2025-10-20""), 103)",16.634240545819768
"(Date(""2025-10-21""), 103)",12.270094363949932
"(Date(""2025-10-22""), 103)",11.125948375188859
"(Date(""2025-10-23""), 103)",11.982379502579908
"(Date(""2025-10-24""), 103)",12.685746834405622
"(Date(""2025-10-25""), 103)",10.804109295101185
"(Date(""2025-10-26""), 103)",11.670373672918457
"(Date(""2025-10-27""), 103)",13.62005900957006
"(Date(""2025-10-28""), 103)",12.55050075111153
"(Date(""2025-10-29""), 103)",12.074538022555547
"(Date(""2025-10-30""), 103)",12.832885117613493
"(Date(""2025-10-31""), 103)",10.327799700430234
"(Date(""2025-11-01""), 103)",10.078446481959585
"(Date(""2025-11-02""), 103)",10.773290672778892
"(Date(""2025-11-03""), 103)",11.260477426205863
"(Date(""2025-11-04""), 103)",9.668640442782648
"(Date(""2025-11-05""), 103)",11.941670337091816
"(Date(""2025-11-06""), 103)",10.803039607840004
"(Date(""2025-11-07""), 103)",12.581201116668936
"(Date(""2025-11-08""), 103)",12.484574581598729
"(Date(""2025-11-09""), 103)",9.667634499355712
"(Date(""2025-11-10""), 103)",15.034094950500338
"(Date(""2025-11-11""), 103)",8.310178856707816
"(Date(""2025-11-12""), 103)",14.645545306399937
"(Date(""2025-11-13""), 103)",14.562769150928872
"(Date(""2025-11-14""), 103)",12.855484961252637
"(Date(""2025-11-15""), 103)",11.963554526255493
"(Date(""2025-11-16""), 103)",11.68692480751456
"(Date(""2025-11-17""), 103)",8.985744420375244
"(Date(""2025-11-18""), 103)",9.883328555616146
"(Date(""2025-11-19""), 103)",12.50374362409412
"(Date(""2025-11-20""), 103)",18.60626143117944
"(Date(""2025-11-21""), 103)",19.348824324636404
"(Date(""2025-11-22""), 103)",15.911862610910697
"(Date(""2025-11-23""), 103)",20.632318929300475
"(Date(""2025-11-24""), 103)",17.551537116227657
"(Date(""2025-11-25""), 103)",17.43579626395181
"(Date(""2025-11-26""), 103)",17.214996161972206
"(Date(""2025-11-27""), 103)",10.199618617339548
"(Date(""2025-11-28""), 103)",8.800497697250698
"(Date(""2025-11-29""), 103)",9.628333111395541
"(Date(""2025-11-30""), 103)",12.212988436851644
"(Date(""2025-12-01""), 103)",10.622102196587502
"(Date(""2025-12-02""), 103)",12.98504410257775
"(Date(""2025-12-03""), 103)",14.982825438430446
"(Date(""2025-12-04""), 103)",11.911822458425767
"(Date(""2025-12-05""), 103)",15.31136583590912
"(Date(""2025-12-06""), 103)",19.774858818411865
"(Date(""2025-12-07""), 103)",16.495767401154204
"(Date(""2025-12-08""), 103)",12.611637311066811
"(Date(""2025-12-09""), 103)",22.182267260626556
"(Date(""2025-12-10""), 103)",26.147994634898467
"(Date(""2025-12-11""), 103)",13.340823738834663
"(Date(""2025-12-12""), 103)",14.152449270220792
"(Date(""2025-12-13""), 103)",23.09664568241229
"(Date(""2025-12-14""), 103)",17.549582241435562
"(Date(""2025-12-15""), 103)",18.374031555358425
"(Date(""2025-12-16""), 103)",21.48017953101052
"(Date(""2025-12-17""), 103)",17.056213532130702
"(Date(""2025-12-18""), 103)",17.687797778266436
"(Date(""2025-12-19""), 103)",14.622788175546706
"(Date(""2025-12-20""), 103)",12.153380727938076
"(Date(""2025-12-21""), 103)",11.608082628831783
"(Date(""2025-12-22""), 103)",14.078997236504936
"(Date(""2025-12-23""), 103)",15.072663798777484
"(Date(""2025-12-24""), 103)",15.555108112164584
"(Date(""2025-12-25""), 103)",14.542493233899041
"(Date(""2025-12-26""), 103)",12.473528093949708
"(Date(""2025-12-27""), 103)",15.156980950310224
"(Date(""2025-12-28""), 103)",18.06265336476141
"(Date(""2025-12-29""), 103)",15.920200738047095
"(Date(""2025-12-30""), 103)",9.521042695235094
"(Date(""2025-12-31""), 103)",12.37610733968366
