ID,PM
"(Date(""2025-01-01""), 3)",41.24323628480454
"(Date(""2025-01-02""), 3)",23.722494520029237
"(Date(""2025-01-03""), 3)",16.72167616951838
"(Date(""2025-01-04""), 3)",20.258750788826706
"(Date(""2025-01-05""), 3)",15.416107163549261
"(Date(""2025-01-06""), 3)",16.961987056089058
"(Date(""2025-01-07""), 3)",16.5881067359316
"(Date(""2025-01-08""), 3)",13.704644146772004
"(Date(""2025-01-09""), 3)",13.650297709583933
"(Date(""2025-01-10""), 3)",14.473964348660706
"(Date(""2025-01-11""), 3)",23.343476573757826
"(Date(""2025-01-12""), 3)",17.722151878388676
"(Date(""2025-01-13""), 3)",28.992600612379277
"(Date(""2025-01-14""), 3)",15.81117704456108
"(Date(""2025-01-15""), 3)",18.912083239959202
"(Date(""2025-01-16""), 3)",25.17109269014676
"(Date(""2025-01-17""), 3)",23.888350264073946
"(Date(""2025-01-18""), 3)",22.966066323006295
"(Date(""2025-01-19""), 3)",19.215067818762783
"(Date(""2025-01-20""), 3)",17.359152386205256
"(Date(""2025-01-21""), 3)",19.13676489916652
"(Date(""2025-01-22""), 3)",18.247034640182072
"(Date(""2025-01-23""), 3)",22.605260337626007
"(Date(""2025-01-24""), 3)",18.209504970364982
"(Date(""2025-01-25""), 3)",23.856515393427433
"(Date(""2025-01-26""), 3)",22.45374674269491
"(Date(""2025-01-27""), 3)",16.3572874772106
"(Date(""2025-01-28""), 3)",14.828548068430855
"(Date(""2025-01-29""), 3)",18.468890361089194
"(Date(""2025-01-30""), 3)",15.36040559159901
"(Date(""2025-01-31""), 3)",22.75902113562361
"(Date(""2025-02-01""), 3)",15.418414349434455
"(Date(""2025-02-02""), 3)",19.905816838592397
"(Date(""2025-02-03""), 3)",30.536303054456987
"(Date(""2025-02-04""), 3)",19.789585971123174
"(Date(""2025-02-05""), 3)",18.790947593516876
"(Date(""2025-02-06""), 3)",27.22458220477739
"(Date(""2025-02-07""), 3)",18.721877068300266
"(Date(""2025-02-08""), 3)",20.75007416221093
"(Date(""2025-02-09""), 3)",22.48045142000865
"(Date(""2025-02-10""), 3)",16.96031496924117
"(Date(""2025-02-11""), 3)",18.132744778883282
"(Date(""2025-02-12""), 3)",14.62505302564
"(Date(""2025-02-13""), 3)",17.160004153780186
"(Date(""2025-02-14""), 3)",14.952016896784723
"(Date(""2025-02-15""), 3)",17.39464028979089
"(Date(""2025-02-16""), 3)",10.67526425256042
"(Date(""2025-02-17""), 3)",8.379743984120887
"(Date(""2025-02-18""), 3)",8.52219830292498
"(Date(""2025-02-19""), 3)",10.30300212356952
"(Date(""2025-02-20""), 3)",15.57266445123909
"(Date(""2025-02-21""), 3)",14.715168171222059
"(Date(""2025-02-22""), 3)",19.09069271511969
"(Date(""2025-02-23""), 3)",20.127182315949643
"(Date(""2025-02-24""), 3)",20.833139630521302
"(Date(""2025-02-25""), 3)",24.071138286600224
"(Date(""2025-02-26""), 3)",20.429002974185796
"(Date(""2025-02-27""), 3)",25.57511229087791
"(Date(""2025-02-28""), 3)",15.344242532731018
"(Date(""2025-03-01""), 3)",19.487104660365517
"(Date(""2025-03-02""), 3)",11.609946883067918
"(Date(""2025-03-03""), 3)",20.53331847429818
"(Date(""2025-03-04""), 3)",28.852104747399455
"(Date(""2025-03-05""), 3)",23.063655248037392
"(Date(""2025-03-06""), 3)",17.880839888364665
"(Date(""2025-03-07""), 3)",11.732043011455273
"(Date(""2025-03-08""), 3)",14.246392005351055
"(Date(""2025-03-09""), 3)",17.63627928219817
"(Date(""2025-03-10""), 3)",19.217207252426537
"(Date(""2025-03-11""), 3)",18.814151569075158
"(Date(""2025-03-12""), 3)",16.722975284917723
"(Date(""2025-03-13""), 3)",18.99505236495454
"(Date(""2025-03-14""), 3)",25.632409605162657
"(Date(""2025-03-15""), 3)",25.39243096505865
"(Date(""2025-03-16""), 3)",24.846393702526527
"(Date(""2025-03-17""), 3)",20.1871023124961
"(Date(""2025-03-18""), 3)",18.96243047063251
"(Date(""2025-03-19""), 3)",22.180412789383254
"(Date(""2025-03-20""), 3)",20.800916078492204
"(Date(""2025-03-21""), 3)",14.593470678064264
"(Date(""2025-03-22""), 3)",17.77646583101372
"(Date(""2025-03-23""), 3)",13.253752671691595
"(Date(""2025-03-24""), 3)",18.548400643455125
"(Date(""2025-03-25""), 3)",16.95307879050536
"(Date(""2025-03-26""), 3)",14.474279312673136
"(Date(""2025-03-27""), 3)",13.882251231342842
"(Date(""2025-03-28""), 3)",13.353179061954927
"(Date(""2025-03-29""), 3)",12.070817940304403
"(Date(""2025-03-30""), 3)",12.982629809712952
"(Date(""2025-03-31""), 3)",17.269104008545067
"(Date(""2025-04-01""), 3)",7.496752358662831
"(Date(""2025-04-02""), 3)",10.298722195462409
"(Date(""2025-04-03""), 3)",15.213204081234025
"(Date(""2025-04-04""), 3)",11.388263528177454
"(Date(""2025-04-05""), 3)",11.69543105531796
"(Date(""2025-04-06""), 3)",11.872869196456259
"(Date(""2025-04-07""), 3)",9.605435169783805
"(Date(""2025-04-08""), 3)",10.894882743688582
"(Date(""2025-04-09""), 3)",8.533932693939487
"(Date(""2025-04-10""), 3)",13.983385215905965
"(Date(""2025-04-11""), 3)",17.17212409652541
"(Date(""2025-04-12""), 3)",16.40794353551624
"(Date(""2025-04-13""), 3)",16.808099658282618
"(Date(""2025-04-14""), 3)",17.877630944674603
"(Date(""2025-04-15""), 3)",15.961032518444044
"(Date(""2025-04-16""), 3)",9.996183176936887
"(Date(""2025-04-17""), 3)",10.816026427020846
"(Date(""2025-04-18""), 3)",17.378900407712244
"(Date(""2025-04-19""), 3)",19.217576111782666
"(Date(""2025-04-20""), 3)",9.94528548925367
"(Date(""2025-04-21""), 3)",14.479006579653252
"(Date(""2025-04-22""), 3)",15.025269302522823
"(Date(""2025-04-23""), 3)",12.429142634524014
"(Date(""2025-04-24""), 3)",18.480137490312746
"(Date(""2025-04-25""), 3)",17.358896446832325
"(Date(""2025-04-26""), 3)",15.92985227501676
"(Date(""2025-04-27""), 3)",16.52527590652873
"(Date(""2025-04-28""), 3)",16.880187812838102
"(Date(""2025-04-29""), 3)",20.74993970446817
"(Date(""2025-04-30""), 3)",11.821282226798779
"(Date(""2025-05-01""), 3)",16.155223604100907
"(Date(""2025-05-02""), 3)",18.607650482451827
"(Date(""2025-05-03""), 3)",16.90193005550156
"(Date(""2025-05-04""), 3)",17.94605124549466
"(Date(""2025-05-05""), 3)",16.209087183805384
"(Date(""2025-05-06""), 3)",19.69574719922623
"(Date(""2025-05-07""), 3)",17.996754782380492
"(Date(""2025-05-08""), 3)",11.320275579783324
"(Date(""2025-05-09""), 3)",11.405759899353816
"(Date(""2025-05-10""), 3)",16.370326465154992
"(Date(""2025-05-11""), 3)",10.895582804884112
"(Date(""2025-05-12""), 3)",19.056045351554683
"(Date(""2025-05-13""), 3)",18.726287234280917
"(Date(""2025-05-14""), 3)",20.26353165831647
"(Date(""2025-05-15""), 3)",21.338183600000214
"(Date(""2025-05-16""), 3)",21.287641195563552
"(Date(""2025-05-17""), 3)",19.700986095246847
"(Date(""2025-05-18""), 3)",14.977275040685933
"(Date(""2025-05-19""), 3)",10.884007407410989
"(Date(""2025-05-20""), 3)",12.152230377706994
"(Date(""2025-05-21""), 3)",12.443116272963454
"(Date(""2025-05-22""), 3)",10.97596609139293
"(Date(""2025-05-23""), 3)",10.94644411307989
"(Date(""2025-05-24""), 3)",13.303137700483637
"(Date(""2025-05-25""), 3)",12.503735537324353
"(Date(""2025-05-26""), 3)",15.616564384324592
"(Date(""2025-05-27""), 3)",16.479233432128726
"(Date(""2025-05-28""), 3)",20.35949759799027
"(Date(""2025-05-29""), 3)",18.638417060087626
"(Date(""2025-05-30""), 3)",16.812465104270792
"(Date(""2025-05-31""), 3)",15.058922140821696
"(Date(""2025-06-01""), 3)",8.28520415438589
"(Date(""2025-06-02""), 3)",14.12134008298112
"(Date(""2025-06-03""), 3)",18.43522021816237
"(Date(""2025-06-04""), 3)",22.953763439279705
"(Date(""2025-06-05""), 3)",22.075298316897705
"(Date(""2025-06-06""), 3)",25.344025652127378
"(Date(""2025-06-07""), 3)",22.95824581259302
"(Date(""2025-06-08""), 3)",21.43801109402799
"(Date(""2025-06-09""), 3)",18.855556404879987
"(Date(""2025-06-10""), 3)",16.743954769494874
"(Date(""2025-06-11""), 3)",13.47739673603555
"(Date(""2025-06-12""), 3)",13.4174085560752
"(Date(""2025-06-13""), 3)",12.120978464436202
"(Date(""2025-06-14""), 3)",14.650416825861122
"(Date(""2025-06-15""), 3)",18.013032653391125
"(Date(""2025-06-16""), 3)",23.346699084147
"(Date(""2025-06-17""), 3)",23.27356885045453
"(Date(""2025-06-18""), 3)",24.973548698741364
"(Date(""2025-06-19""), 3)",24.55806618995245
"(Date(""2025-06-20""), 3)",16.00692106459702
"(Date(""2025-06-21""), 3)",21.200239571253334
"(Date(""2025-06-22""), 3)",22.747421458573765
"(Date(""2025-06-23""), 3)",23.165330425600786
"(Date(""2025-06-24""), 3)",20.894091241739204
"(Date(""2025-06-25""), 3)",19.695395302450166
"(Date(""2025-06-26""), 3)",11.387415167296163
"(Date(""2025-06-27""), 3)",14.374781261524896
"(Date(""2025-06-28""), 3)",16.767717079298457
"(Date(""2025-06-29""), 3)",11.625689002696392
"(Date(""2025-06-30""), 3)",17.52755487834441
"(Date(""2025-07-01""), 3)",19.176172834054885
"(Date(""2025-07-02""), 3)",16.63164294042471
"(Date(""2025-07-03""), 3)",16.44360609256842
"(Date(""2025-07-04""), 3)",12.851444061447275
"(Date(""2025-07-05""), 3)",17.818928569998903
"(Date(""2025-07-06""), 3)",19.93713250071284
"(Date(""2025-07-07""), 3)",11.698811078129207
"(Date(""2025-07-08""), 3)",15.525712252705052
"(Date(""2025-07-09""), 3)",18.25447046858262
"(Date(""2025-07-10""), 3)",20.683722290446134
"(Date(""2025-07-11""), 3)",21.82491107669418
"(Date(""2025-07-12""), 3)",24.93859415642459
"(Date(""2025-07-13""), 3)",21.51825844274786
"(Date(""2025-07-14""), 3)",21.607128301930327
"(Date(""2025-07-15""), 3)",21.757264837458305
"(Date(""2025-07-16""), 3)",23.200223418298656
"(Date(""2025-07-17""), 3)",19.401712404010915
"(Date(""2025-07-18""), 3)",13.43732575204696
"(Date(""2025-07-19""), 3)",16.187941258811737
"(Date(""2025-07-20""), 3)",15.458661594886326
"(Date(""2025-07-21""), 3)",10.917242593208092
"(Date(""2025-07-22""), 3)",13.904378014818775
"(Date(""2025-07-23""), 3)",17.609165242755417
"(Date(""2025-07-24""), 3)",20.722642546593054
"(Date(""2025-07-25""), 3)",19.934219893067286
"(Date(""2025-07-26""), 3)",23.251772966991478
"(Date(""2025-07-27""), 3)",23.28757477814988
"(Date(""2025-07-28""), 3)",24.533131049314814
"(Date(""2025-07-29""), 3)",23.82716887549454
"(Date(""2025-07-30""), 3)",22.462802170964586
"(Date(""2025-07-31""), 3)",18.988407790664322
"(Date(""2025-08-01""), 3)",15.572354947075894
"(Date(""2025-08-02""), 3)",19.02155586190479
"(Date(""2025-08-03""), 3)",19.16884202392935
"(Date(""2025-08-04""), 3)",21.03597310630958
"(Date(""2025-08-05""), 3)",16.573182947311878
"(Date(""2025-08-06""), 3)",20.809643593596988
"(Date(""2025-08-07""), 3)",23.161254653077883
"(Date(""2025-08-08""), 3)",25.931126455166105
"(Date(""2025-08-09""), 3)",25.5105806652465
"(Date(""2025-08-10""), 3)",25.41986651805966
"(Date(""2025-08-11""), 3)",26.704129130925292
"(Date(""2025-08-12""), 3)",26.774275444375544
"(Date(""2025-08-13""), 3)",24.58744107261804
"(Date(""2025-08-14""), 3)",23.652270657750375
"(Date(""2025-08-15""), 3)",19.54727365581504
"(Date(""2025-08-16""), 3)",23.08087217938637
"(Date(""2025-08-17""), 3)",19.675235182226352
"(Date(""2025-08-18""), 3)",15.724946359072877
"(Date(""2025-08-19""), 3)",18.825599832811037
"(Date(""2025-08-20""), 3)",18.38039930430924
"(Date(""2025-08-21""), 3)",18.200925574433413
"(Date(""2025-08-22""), 3)",19.42595037938661
"(Date(""2025-08-23""), 3)",19.280357257898768
"(Date(""2025-08-24""), 3)",17.301607034163077
"(Date(""2025-08-25""), 3)",14.210795571784942
"(Date(""2025-08-26""), 3)",10.36398241643913
"(Date(""2025-08-27""), 3)",12.175900496925134
"(Date(""2025-08-28""), 3)",11.926196480680185
"(Date(""2025-08-29""), 3)",11.917480093797055
"(Date(""2025-08-30""), 3)",11.90946117566432
"(Date(""2025-08-31""), 3)",15.465363252171917
"(Date(""2025-09-01""), 3)",17.00620000760594
"(Date(""2025-09-02""), 3)",17.77395174096769
"(Date(""2025-09-03""), 3)",18.161415309745383
"(Date(""2025-09-04""), 3)",15.535841957034075
"(Date(""2025-09-05""), 3)",15.156264743272287
"(Date(""2025-09-06""), 3)",14.416392192879131
"(Date(""2025-09-07""), 3)",12.98386812901862
"(Date(""2025-09-08""), 3)",11.562828493395413
"(Date(""2025-09-09""), 3)",14.634884017914999
"(Date(""2025-09-10""), 3)",16.475970717631352
"(Date(""2025-09-11""), 3)",15.338411650374841
"(Date(""2025-09-12""), 3)",15.727522931116479
"(Date(""2025-09-13""), 3)",20.868204283517763
"(Date(""2025-09-14""), 3)",20.356979163890937
"(Date(""2025-09-15""), 3)",16.364575033595326
"(Date(""2025-09-16""), 3)",18.092588438164768
"(Date(""2025-09-17""), 3)",21.68307815815034
"(Date(""2025-09-18""), 3)",17.94941681376191
"(Date(""2025-09-19""), 3)",14.299393585097791
"(Date(""2025-09-20""), 3)",14.38795111570825
"(Date(""2025-09-21""), 3)",16.07446927781743
"(Date(""2025-09-22""), 3)",17.697558898737483
"(Date(""2025-09-23""), 3)",22.121683752332938
"(Date(""2025-09-24""), 3)",13.437565859467986
"(Date(""2025-09-25""), 3)",16.126736686805373
"(Date(""2025-09-26""), 3)",14.04691958016175
"(Date(""2025-09-27""), 3)",13.709796586416356
"(Date(""2025-09-28""), 3)",16.166014005981037
"(Date(""2025-09-29""), 3)",14.175092708121403
"(Date(""2025-09-30""), 3)",12.013268578123755
"(Date(""2025-10-01""), 3)",11.41467708270493
"(Date(""2025-10-02""), 3)",14.717691732808538
"(Date(""2025-10-03""), 3)",17.642852157640323
"(Date(""2025-10-04""), 3)",20.09568825012123
"(Date(""2025-10-05""), 3)",21.732286258318574
"(Date(""2025-10-06""), 3)",21.248539394944217
"(Date(""2025-10-07""), 3)",20.035689039120278
"(Date(""2025-10-08""), 3)",15.776513709503774
"(Date(""2025-10-09""), 3)",13.179304101996415
"(Date(""2025-10-10""), 3)",17.72962094878418
"(Date(""2025-10-11""), 3)",18.65706155668561
"(Date(""2025-10-12""), 3)",15.997132280025271
"(Date(""2025-10-13""), 3)",15.133262268847107
"(Date(""2025-10-14""), 3)",17.2949867935787
"(Date(""2025-10-15""), 3)",11.529607877419938
"(Date(""2025-10-16""), 3)",12.09982787924336
"(Date(""2025-10-17""), 3)",14.823046892533773
"(Date(""2025-10-18""), 3)",16.962990495597573
"(Date(""2025-10-19""), 3)",17.559054815810633
"(Date(""2025-10-20""), 3)",18.265714072062593
"(Date(""2025-10-21""), 3)",13.370146186149684
"(Date(""2025-10-22""), 3)",12.281821147389769
"(Date(""2025-10-23""), 3)",13.067270901224406
"(Date(""2025-10-24""), 3)",13.933064825480944
"(Date(""2025-10-25""), 3)",11.416877452821367
"(Date(""2025-10-26""), 3)",12.428374356352201
"(Date(""2025-10-27""), 3)",14.840591942385387
"(Date(""2025-10-28""), 3)",13.447663213563331
"(Date(""2025-10-29""), 3)",13.013852026688884
"(Date(""2025-10-30""), 3)",14.60118850565408
"(Date(""2025-10-31""), 3)",10.914273461124305
"(Date(""2025-11-01""), 3)",11.260272663046857
"(Date(""2025-11-02""), 3)",12.423781116195931
"(Date(""2025-11-03""), 3)",13.230263198995019
"(Date(""2025-11-04""), 3)",11.355920465672973
"(Date(""2025-11-05""), 3)",14.458898042805204
"(Date(""2025-11-06""), 3)",12.991730374720925
"(Date(""2025-11-07""), 3)",15.461400035883571
"(Date(""2025-11-08""), 3)",15.476828347864034
"(Date(""2025-11-09""), 3)",11.853266621734763
"(Date(""2025-11-10""), 3)",18.47129648048916
"(Date(""2025-11-11""), 3)",8.86284431389461
"(Date(""2025-11-12""), 3)",18.0382195647278
"(Date(""2025-11-13""), 3)",17.634842044340626
"(Date(""2025-11-14""), 3)",15.793837173986999
"(Date(""2025-11-15""), 3)",14.996251712854907
"(Date(""2025-11-16""), 3)",14.664909271019544
"(Date(""2025-11-17""), 3)",10.641259280921146
"(Date(""2025-11-18""), 3)",11.65932324817286
"(Date(""2025-11-19""), 3)",14.43634666622252
"(Date(""2025-11-20""), 3)",21.483929553551764
"(Date(""2025-11-21""), 3)",22.137610605156205
"(Date(""2025-11-22""), 3)",18.845276911113583
"(Date(""2025-11-23""), 3)",25.01251388546885
"(Date(""2025-11-24""), 3)",20.857856335772695
"(Date(""2025-11-25""), 3)",20.756064276776367
"(Date(""2025-11-26""), 3)",21.747327987197245
"(Date(""2025-11-27""), 3)",12.468479296834753
"(Date(""2025-11-28""), 3)",11.005248349147257
"(Date(""2025-11-29""), 3)",11.149720735572506
"(Date(""2025-11-30""), 3)",13.677066563369005
"(Date(""2025-12-01""), 3)",10.50212454117737
"(Date(""2025-12-02""), 3)",13.930036524020709
"(Date(""2025-12-03""), 3)",15.47640903348017
"(Date(""2025-12-04""), 3)",12.09987933372794
"(Date(""2025-12-05""), 3)",15.991729655687866
"(Date(""2025-12-06""), 3)",21.023133550081653
"(Date(""2025-12-07""), 3)",18.405030077751825
"(Date(""2025-12-08""), 3)",14.23234780350886
"(Date(""2025-12-09""), 3)",23.326287339862002
"(Date(""2025-12-10""), 3)",26.45925628201544
"(Date(""2025-12-11""), 3)",15.135062031596895
"(Date(""2025-12-12""), 3)",15.460056904752111
"(Date(""2025-12-13""), 3)",24.246312001110653
"(Date(""2025-12-14""), 3)",19.050268828164175
"(Date(""2025-12-15""), 3)",20.123110372770384
"(Date(""2025-12-16""), 3)",22.613096110222116
"(Date(""2025-12-17""), 3)",19.86973391584113
"(Date(""2025-12-18""), 3)",20.905284655766447
"(Date(""2025-12-19""), 3)",17.609624556362313
"(Date(""2025-12-20""), 3)",15.048281665975857
"(Date(""2025-12-21""), 3)",14.444888128523145
"(Date(""2025-12-22""), 3)",16.748477513185712
"(Date(""2025-12-23""), 3)",17.44197435042932
"(Date(""2025-12-24""), 3)",17.095227979539057
"(Date(""2025-12-25""), 3)",16.476729954243996
"(Date(""2025-12-26""), 3)",14.05470326901054
"(Date(""2025-12-27""), 3)",17.689779895968066
"(Date(""2025-12-28""), 3)",20.500313573563822
"(Date(""2025-12-29""), 3)",18.49271633839085
"(Date(""2025-12-30""), 3)",10.847274365255085
"(Date(""2025-12-31""), 3)",14.259497588416334
"(Date(""2025-01-01""), 6)",41.4401039840182
"(Date(""2025-01-02""), 6)",25.94186478664068
"(Date(""2025-01-03""), 6)",16.253369192151418
"(Date(""2025-01-04""), 6)",19.844362813649756
"(Date(""2025-01-05""), 6)",15.430841702986244
"(Date(""2025-01-06""), 6)",17.141785527630752
"(Date(""2025-01-07""), 6)",16.685892254479075
"(Date(""2025-01-08""), 6)",13.746277516016063
"(Date(""2025-01-09""), 6)",12.985070197468199
"(Date(""2025-01-10""), 6)",14.144321619395646
"(Date(""2025-01-11""), 6)",23.386884531344762
"(Date(""2025-01-12""), 6)",17.877805472670012
"(Date(""2025-01-13""), 6)",29.156652447055844
"(Date(""2025-01-14""), 6)",15.477557630233527
"(Date(""2025-01-15""), 6)",18.786027282102374
"(Date(""2025-01-16""), 6)",24.884731894400176
"(Date(""2025-01-17""), 6)",23.978035716563923
"(Date(""2025-01-18""), 6)",21.63839370651716
"(Date(""2025-01-19""), 6)",19.380141965272767
"(Date(""2025-01-20""), 6)",16.362590918905283
"(Date(""2025-01-21""), 6)",19.45944698994451
"(Date(""2025-01-22""), 6)",20.331355769494653
"(Date(""2025-01-23""), 6)",24.912414588885984
"(Date(""2025-01-24""), 6)",20.30513718345746
"(Date(""2025-01-25""), 6)",25.944362141888227
"(Date(""2025-01-26""), 6)",23.593510734197263
"(Date(""2025-01-27""), 6)",16.895943709426927
"(Date(""2025-01-28""), 6)",15.406784875836703
"(Date(""2025-01-29""), 6)",18.689103159068697
"(Date(""2025-01-30""), 6)",15.987725255519688
"(Date(""2025-01-31""), 6)",23.37115561173212
"(Date(""2025-02-01""), 6)",16.381026421119607
"(Date(""2025-02-02""), 6)",20.94755763531722
"(Date(""2025-02-03""), 6)",31.663369624738404
"(Date(""2025-02-04""), 6)",20.870091284496162
"(Date(""2025-02-05""), 6)",19.921776547890897
"(Date(""2025-02-06""), 6)",29.811323205550522
"(Date(""2025-02-07""), 6)",20.158894262062702
"(Date(""2025-02-08""), 6)",23.41986471334375
"(Date(""2025-02-09""), 6)",24.67611716406282
"(Date(""2025-02-10""), 6)",18.727129267735208
"(Date(""2025-02-11""), 6)",19.829421237410404
"(Date(""2025-02-12""), 6)",16.334537131488236
"(Date(""2025-02-13""), 6)",18.89247565489176
"(Date(""2025-02-14""), 6)",17.181370733430708
"(Date(""2025-02-15""), 6)",20.068602969516647
"(Date(""2025-02-16""), 6)",13.404175858206974
"(Date(""2025-02-17""), 6)",10.322731875377032
"(Date(""2025-02-18""), 6)",9.632975961840502
"(Date(""2025-02-19""), 6)",10.896253299517294
"(Date(""2025-02-20""), 6)",16.033202472938914
"(Date(""2025-02-21""), 6)",15.437851887710886
"(Date(""2025-02-22""), 6)",20.121238709351623
"(Date(""2025-02-23""), 6)",20.811647772216237
"(Date(""2025-02-24""), 6)",20.264936921544834
"(Date(""2025-02-25""), 6)",22.531693647084044
"(Date(""2025-02-26""), 6)",18.954956203391063
"(Date(""2025-02-27""), 6)",24.284128313425583
"(Date(""2025-02-28""), 6)",14.861733213043799
"(Date(""2025-03-01""), 6)",19.598475285988954
"(Date(""2025-03-02""), 6)",12.148645716030261
"(Date(""2025-03-03""), 6)",21.212720832514638
"(Date(""2025-03-04""), 6)",29.397257111094476
"(Date(""2025-03-05""), 6)",24.408946237268616
"(Date(""2025-03-06""), 6)",18.924949085715323
"(Date(""2025-03-07""), 6)",11.951600379169285
"(Date(""2025-03-08""), 6)",13.283208718563127
"(Date(""2025-03-09""), 6)",17.17141335602696
"(Date(""2025-03-10""), 6)",19.050227084405872
"(Date(""2025-03-11""), 6)",19.43072792671233
"(Date(""2025-03-12""), 6)",17.579783859731737
"(Date(""2025-03-13""), 6)",20.73056861533539
"(Date(""2025-03-14""), 6)",26.899526692283096
"(Date(""2025-03-15""), 6)",26.380834742846744
"(Date(""2025-03-16""), 6)",24.98341594719456
"(Date(""2025-03-17""), 6)",20.873644469820164
"(Date(""2025-03-18""), 6)",20.0741267939817
"(Date(""2025-03-19""), 6)",23.901507566634372
"(Date(""2025-03-20""), 6)",21.914238595098755
"(Date(""2025-03-21""), 6)",15.210671023883874
"(Date(""2025-03-22""), 6)",18.439462778437367
"(Date(""2025-03-23""), 6)",14.00419784912691
"(Date(""2025-03-24""), 6)",19.957389585477443
"(Date(""2025-03-25""), 6)",17.982080524678402
"(Date(""2025-03-26""), 6)",16.09696586052771
"(Date(""2025-03-27""), 6)",14.994530961340752
"(Date(""2025-03-28""), 6)",14.512480295908352
"(Date(""2025-03-29""), 6)",13.027314399169782
"(Date(""2025-03-30""), 6)",13.840482912747543
"(Date(""2025-03-31""), 6)",18.479239295134114
"(Date(""2025-04-01""), 6)",8.793709945996136
"(Date(""2025-04-02""), 6)",12.12366430122987
"(Date(""2025-04-03""), 6)",16.27315578495647
"(Date(""2025-04-04""), 6)",12.40266490041408
"(Date(""2025-04-05""), 6)",12.331371267256944
"(Date(""2025-04-06""), 6)",12.51665392969208
"(Date(""2025-04-07""), 6)",9.959780113501298
"(Date(""2025-04-08""), 6)",11.36905676116458
"(Date(""2025-04-09""), 6)",8.561840157806417
"(Date(""2025-04-10""), 6)",14.352618570834712
"(Date(""2025-04-11""), 6)",17.09481821760886
"(Date(""2025-04-12""), 6)",16.893726203888257
"(Date(""2025-04-13""), 6)",17.07951102212648
"(Date(""2025-04-14""), 6)",18.806061863871854
"(Date(""2025-04-15""), 6)",16.899603429839228
"(Date(""2025-04-16""), 6)",10.64115742574293
"(Date(""2025-04-17""), 6)",11.771566947636204
"(Date(""2025-04-18""), 6)",17.921853721241163
"(Date(""2025-04-19""), 6)",20.86183202512952
"(Date(""2025-04-20""), 6)",11.17210834585581
"(Date(""2025-04-21""), 6)",16.79586162809571
"(Date(""2025-04-22""), 6)",16.589565047836714
"(Date(""2025-04-23""), 6)",13.909592760969588
"(Date(""2025-04-24""), 6)",20.243747774211023
"(Date(""2025-04-25""), 6)",18.970430343750113
"(Date(""2025-04-26""), 6)",17.896710069308813
"(Date(""2025-04-27""), 6)",17.915439571004075
"(Date(""2025-04-28""), 6)",17.843688614404257
"(Date(""2025-04-29""), 6)",20.927834866355212
"(Date(""2025-04-30""), 6)",12.150934036307317
"(Date(""2025-05-01""), 6)",16.231657783069863
"(Date(""2025-05-02""), 6)",18.900751623933946
"(Date(""2025-05-03""), 6)",16.996954111970204
"(Date(""2025-05-04""), 6)",18.452944241055377
"(Date(""2025-05-05""), 6)",16.849238028792957
"(Date(""2025-05-06""), 6)",20.029062541579595
"(Date(""2025-05-07""), 6)",17.879474311806874
"(Date(""2025-05-08""), 6)",11.361056687227808
"(Date(""2025-05-09""), 6)",11.6530141069425
"(Date(""2025-05-10""), 6)",16.924443894614807
"(Date(""2025-05-11""), 6)",11.31701123739704
"(Date(""2025-05-12""), 6)",19.418661021039412
"(Date(""2025-05-13""), 6)",18.931438818913904
"(Date(""2025-05-14""), 6)",20.433060606051733
"(Date(""2025-05-15""), 6)",20.876253169748534
"(Date(""2025-05-16""), 6)",20.497222250527244
"(Date(""2025-05-17""), 6)",18.404535183228088
"(Date(""2025-05-18""), 6)",14.399843698446519
"(Date(""2025-05-19""), 6)",10.385169102932156
"(Date(""2025-05-20""), 6)",11.911610592827737
"(Date(""2025-05-21""), 6)",12.21425960925615
"(Date(""2025-05-22""), 6)",11.002390769255365
"(Date(""2025-05-23""), 6)",11.213418404971616
"(Date(""2025-05-24""), 6)",13.630149981716727
"(Date(""2025-05-25""), 6)",12.746816057742757
"(Date(""2025-05-26""), 6)",15.743551993447749
"(Date(""2025-05-27""), 6)",16.784216011737378
"(Date(""2025-05-28""), 6)",20.06194129541847
"(Date(""2025-05-29""), 6)",18.937715016860484
"(Date(""2025-05-30""), 6)",17.007285879587318
"(Date(""2025-05-31""), 6)",15.699396484912416
"(Date(""2025-06-01""), 6)",8.205625551259496
"(Date(""2025-06-02""), 6)",13.933038570470035
"(Date(""2025-06-03""), 6)",18.00152882283449
"(Date(""2025-06-04""), 6)",22.34522978666238
"(Date(""2025-06-05""), 6)",21.737363271176818
"(Date(""2025-06-06""), 6)",25.472092786654976
"(Date(""2025-06-07""), 6)",23.58453183527945
"(Date(""2025-06-08""), 6)",21.814569045082575
"(Date(""2025-06-09""), 6)",19.26151263363075
"(Date(""2025-06-10""), 6)",17.19564170581592
"(Date(""2025-06-11""), 6)",14.038718556622737
"(Date(""2025-06-12""), 6)",14.196147069123512
"(Date(""2025-06-13""), 6)",12.756073582707831
"(Date(""2025-06-14""), 6)",15.313967411309426
"(Date(""2025-06-15""), 6)",18.32679991075806
"(Date(""2025-06-16""), 6)",23.643067483261884
"(Date(""2025-06-17""), 6)",23.306648661340006
"(Date(""2025-06-18""), 6)",24.714696142832604
"(Date(""2025-06-19""), 6)",23.184809398125566
"(Date(""2025-06-20""), 6)",15.078584314265019
"(Date(""2025-06-21""), 6)",20.392161437680585
"(Date(""2025-06-22""), 6)",22.363991217103518
"(Date(""2025-06-23""), 6)",22.749942620756173
"(Date(""2025-06-24""), 6)",21.200035424453315
"(Date(""2025-06-25""), 6)",20.61376254569145
"(Date(""2025-06-26""), 6)",12.876265041931555
"(Date(""2025-06-27""), 6)",15.765090169894755
"(Date(""2025-06-28""), 6)",18.47906963268768
"(Date(""2025-06-29""), 6)",13.184446911525296
"(Date(""2025-06-30""), 6)",18.880821466695394
"(Date(""2025-07-01""), 6)",19.94629198880408
"(Date(""2025-07-02""), 6)",17.48818046527285
"(Date(""2025-07-03""), 6)",17.878697607697703
"(Date(""2025-07-04""), 6)",14.63696160172443
"(Date(""2025-07-05""), 6)",19.540182322733123
"(Date(""2025-07-06""), 6)",21.43426647097505
"(Date(""2025-07-07""), 6)",12.54678604155465
"(Date(""2025-07-08""), 6)",16.643861902414805
"(Date(""2025-07-09""), 6)",19.64453172468321
"(Date(""2025-07-10""), 6)",21.56945168768456
"(Date(""2025-07-11""), 6)",23.139505185774293
"(Date(""2025-07-12""), 6)",26.045798655952346
"(Date(""2025-07-13""), 6)",22.433827311511045
"(Date(""2025-07-14""), 6)",22.403198820069555
"(Date(""2025-07-15""), 6)",23.098691591832186
"(Date(""2025-07-16""), 6)",24.822601300382715
"(Date(""2025-07-17""), 6)",21.402567574345927
"(Date(""2025-07-18""), 6)",14.905565433037564
"(Date(""2025-07-19""), 6)",17.546039226934838
"(Date(""2025-07-20""), 6)",16.31013516462074
"(Date(""2025-07-21""), 6)",11.372294973013364
"(Date(""2025-07-22""), 6)",14.460826343284415
"(Date(""2025-07-23""), 6)",18.088479867503438
"(Date(""2025-07-24""), 6)",21.298681830824297
"(Date(""2025-07-25""), 6)",19.596735385370547
"(Date(""2025-07-26""), 6)",22.35976157228196
"(Date(""2025-07-27""), 6)",21.592485551470144
"(Date(""2025-07-28""), 6)",25.27627360713075
"(Date(""2025-07-29""), 6)",24.52616400317252
"(Date(""2025-07-30""), 6)",23.39040472132572
"(Date(""2025-07-31""), 6)",20.25703417852804
"(Date(""2025-08-01""), 6)",16.411579919698983
"(Date(""2025-08-02""), 6)",19.94204277664027
"(Date(""2025-08-03""), 6)",20.792277257930362
"(Date(""2025-08-04""), 6)",22.94072679251337
"(Date(""2025-08-05""), 6)",18.778008588422047
"(Date(""2025-08-06""), 6)",22.985577460116183
"(Date(""2025-08-07""), 6)",25.857686977910255
"(Date(""2025-08-08""), 6)",27.143942372007732
"(Date(""2025-08-09""), 6)",26.944107614258858
"(Date(""2025-08-10""), 6)",26.597331178553315
"(Date(""2025-08-11""), 6)",27.608382007249602
"(Date(""2025-08-12""), 6)",28.254866260431697
"(Date(""2025-08-13""), 6)",25.07249582696453
"(Date(""2025-08-14""), 6)",24.63231874470057
"(Date(""2025-08-15""), 6)",21.332648674180533
"(Date(""2025-08-16""), 6)",24.629812130281486
"(Date(""2025-08-17""), 6)",19.96174797836068
"(Date(""2025-08-18""), 6)",16.051463437528195
"(Date(""2025-08-19""), 6)",18.907904533239606
"(Date(""2025-08-20""), 6)",18.9106318776363
"(Date(""2025-08-21""), 6)",18.892123140441097
"(Date(""2025-08-22""), 6)",20.52510765114296
"(Date(""2025-08-23""), 6)",20.293069815073896
"(Date(""2025-08-24""), 6)",17.907979193213855
"(Date(""2025-08-25""), 6)",14.500627531362358
"(Date(""2025-08-26""), 6)",11.104602765909124
"(Date(""2025-08-27""), 6)",13.142448668757437
"(Date(""2025-08-28""), 6)",13.086295055213236
"(Date(""2025-08-29""), 6)",12.841586664337871
"(Date(""2025-08-30""), 6)",12.971820269590106
"(Date(""2025-08-31""), 6)",16.29376787513451
"(Date(""2025-09-01""), 6)",17.815457752613757
"(Date(""2025-09-02""), 6)",18.563354314220856
"(Date(""2025-09-03""), 6)",18.737646778097577
"(Date(""2025-09-04""), 6)",16.068531842646667
"(Date(""2025-09-05""), 6)",15.66086498985168
"(Date(""2025-09-06""), 6)",14.883086766194443
"(Date(""2025-09-07""), 6)",13.401476265995429
"(Date(""2025-09-08""), 6)",12.14938401030536
"(Date(""2025-09-09""), 6)",16.20253340799707
"(Date(""2025-09-10""), 6)",19.055325734732016
"(Date(""2025-09-11""), 6)",18.57804535788509
"(Date(""2025-09-12""), 6)",17.676981690358424
"(Date(""2025-09-13""), 6)",22.53194900907248
"(Date(""2025-09-14""), 6)",20.98088785379096
"(Date(""2025-09-15""), 6)",16.828085719063516
"(Date(""2025-09-16""), 6)",19.64762921052644
"(Date(""2025-09-17""), 6)",23.192262194010816
"(Date(""2025-09-18""), 6)",19.294045702910687
"(Date(""2025-09-19""), 6)",15.598293818224697
"(Date(""2025-09-20""), 6)",16.63233435237663
"(Date(""2025-09-21""), 6)",18.35595440875529
"(Date(""2025-09-22""), 6)",20.131434843297498
"(Date(""2025-09-23""), 6)",24.89331047342001
"(Date(""2025-09-24""), 6)",16.205452365708894
"(Date(""2025-09-25""), 6)",19.048066484715605
"(Date(""2025-09-26""), 6)",16.423821254752564
"(Date(""2025-09-27""), 6)",15.39972285081225
"(Date(""2025-09-28""), 6)",18.030214975446007
"(Date(""2025-09-29""), 6)",15.566961552733524
"(Date(""2025-09-30""), 6)",13.715525598664797
"(Date(""2025-10-01""), 6)",12.831189610374622
"(Date(""2025-10-02""), 6)",16.50470806851595
"(Date(""2025-10-03""), 6)",19.37869203836141
"(Date(""2025-10-04""), 6)",21.856622862074936
"(Date(""2025-10-05""), 6)",22.854099588472888
"(Date(""2025-10-06""), 6)",22.59414730536189
"(Date(""2025-10-07""), 6)",21.272294849078033
"(Date(""2025-10-08""), 6)",17.335603054916703
"(Date(""2025-10-09""), 6)",14.584099794105295
"(Date(""2025-10-10""), 6)",19.393257829896132
"(Date(""2025-10-11""), 6)",20.4445441934179
"(Date(""2025-10-12""), 6)",17.54899774734728
"(Date(""2025-10-13""), 6)",16.642689736123828
"(Date(""2025-10-14""), 6)",18.458929989118854
"(Date(""2025-10-15""), 6)",12.3837279302889
"(Date(""2025-10-16""), 6)",12.87852448969876
"(Date(""2025-10-17""), 6)",15.878840635259655
"(Date(""2025-10-18""), 6)",18.269203287219796
"(Date(""2025-10-19""), 6)",18.83777318752645
"(Date(""2025-10-20""), 6)",19.50917786070427
"(Date(""2025-10-21""), 6)",14.714280939353275
"(Date(""2025-10-22""), 6)",13.797455674712998
"(Date(""2025-10-23""), 6)",14.781746717061525
"(Date(""2025-10-24""), 6)",15.974460607967377
"(Date(""2025-10-25""), 6)",13.067167046911877
"(Date(""2025-10-26""), 6)",14.102149115543863
"(Date(""2025-10-27""), 6)",16.312345891667697
"(Date(""2025-10-28""), 6)",14.929888673856913
"(Date(""2025-10-29""), 6)",14.855921045220919
"(Date(""2025-10-30""), 6)",16.294137780768672
"(Date(""2025-10-31""), 6)",12.541991217213324
"(Date(""2025-11-01""), 6)",12.182578855166724
"(Date(""2025-11-02""), 6)",12.964153537157893
"(Date(""2025-11-03""), 6)",13.58325203832418
"(Date(""2025-11-04""), 6)",11.65900557528668
"(Date(""2025-11-05""), 6)",15.036563769955213
"(Date(""2025-11-06""), 6)",12.946983915182324
"(Date(""2025-11-07""), 6)",15.656298979248673
"(Date(""2025-11-08""), 6)",15.043145423712433
"(Date(""2025-11-09""), 6)",11.703726643053008
"(Date(""2025-11-10""), 6)",18.61184773095092
"(Date(""2025-11-11""), 6)",9.285366035347858
"(Date(""2025-11-12""), 6)",18.63180101126313
"(Date(""2025-11-13""), 6)",17.769183699502264
"(Date(""2025-11-14""), 6)",16.430355955009748
"(Date(""2025-11-15""), 6)",15.594519063219751
"(Date(""2025-11-16""), 6)",15.420688965095838
"(Date(""2025-11-17""), 6)",11.090115014953858
"(Date(""2025-11-18""), 6)",12.326567495651034
"(Date(""2025-11-19""), 6)",15.124468823985547
"(Date(""2025-11-20""), 6)",22.25272051328899
"(Date(""2025-11-21""), 6)",22.932965272720427
"(Date(""2025-11-22""), 6)",19.868128735898196
"(Date(""2025-11-23""), 6)",26.835013713419418
"(Date(""2025-11-24""), 6)",22.122701919369213
"(Date(""2025-11-25""), 6)",22.062252550113257
"(Date(""2025-11-26""), 6)",23.321905815404296
"(Date(""2025-11-27""), 6)",13.618829880698616
"(Date(""2025-11-28""), 6)",12.459277065446656
"(Date(""2025-11-29""), 6)",12.708183886865704
"(Date(""2025-11-30""), 6)",15.558002822425626
"(Date(""2025-12-01""), 6)",12.41925430340811
"(Date(""2025-12-02""), 6)",16.2208746289193
"(Date(""2025-12-03""), 6)",17.46620864825852
"(Date(""2025-12-04""), 6)",13.881628166008591
"(Date(""2025-12-05""), 6)",18.122074966034045
"(Date(""2025-12-06""), 6)",22.609201750728474
"(Date(""2025-12-07""), 6)",20.839019864015263
"(Date(""2025-12-08""), 6)",16.17685579988382
"(Date(""2025-12-09""), 6)",26.67551801550656
"(Date(""2025-12-10""), 6)",29.21135396306619
"(Date(""2025-12-11""), 6)",17.139994511720083
"(Date(""2025-12-12""), 6)",17.732203733842255
"(Date(""2025-12-13""), 6)",26.6252026680892
"(Date(""2025-12-14""), 6)",21.05817389834201
"(Date(""2025-12-15""), 6)",22.596717234805244
"(Date(""2025-12-16""), 6)",25.11080748432551
"(Date(""2025-12-17""), 6)",21.435896726548215
"(Date(""2025-12-18""), 6)",22.372190965383762
"(Date(""2025-12-19""), 6)",18.45452980746494
"(Date(""2025-12-20""), 6)",15.932812044643809
"(Date(""2025-12-21""), 6)",14.930725584781346
"(Date(""2025-12-22""), 6)",17.375845063876902
"(Date(""2025-12-23""), 6)",18.352030721330923
"(Date(""2025-12-24""), 6)",18.338980411982874
"(Date(""2025-12-25""), 6)",17.424732163154307
"(Date(""2025-12-26""), 6)",15.674134908097411
"(Date(""2025-12-27""), 6)",18.887479328555237
"(Date(""2025-12-28""), 6)",21.94565140263003
"(Date(""2025-12-29""), 6)",19.128120644271405
"(Date(""2025-12-30""), 6)",11.226783588039407
"(Date(""2025-12-31""), 6)",14.92684731001716
"(Date(""2025-01-01""), 17)",41.592169953251755
"(Date(""2025-01-02""), 17)",22.30065195180289
"(Date(""2025-01-03""), 17)",16.726171081259864
"(Date(""2025-01-04""), 17)",18.962661717083318
"(Date(""2025-01-05""), 17)",14.55284704423085
"(Date(""2025-01-06""), 17)",16.66990954966604
"(Date(""2025-01-07""), 17)",15.744074181559917
"(Date(""2025-01-08""), 17)",12.908542456640392
"(Date(""2025-01-09""), 17)",12.153890773405527
"(Date(""2025-01-10""), 17)",13.058525678444505
"(Date(""2025-01-11""), 17)",21.721653883984324
"(Date(""2025-01-12""), 17)",15.852163602778749
"(Date(""2025-01-13""), 17)",26.996668027853786
"(Date(""2025-01-14""), 17)",14.29581482200727
"(Date(""2025-01-15""), 17)",17.47344498037919
"(Date(""2025-01-16""), 17)",23.895489822646486
"(Date(""2025-01-17""), 17)",23.49779886010734
"(Date(""2025-01-18""), 17)",21.671598317816127
"(Date(""2025-01-19""), 17)",18.96238979551467
"(Date(""2025-01-20""), 17)",16.24120559729211
"(Date(""2025-01-21""), 17)",19.13925910700812
"(Date(""2025-01-22""), 17)",19.75596811771065
"(Date(""2025-01-23""), 17)",24.336517777676526
"(Date(""2025-01-24""), 17)",19.424451058816977
"(Date(""2025-01-25""), 17)",24.984814714987905
"(Date(""2025-01-26""), 17)",22.591292692776324
"(Date(""2025-01-27""), 17)",16.311061540086673
"(Date(""2025-01-28""), 17)",14.544005798208527
"(Date(""2025-01-29""), 17)",17.893764554379658
"(Date(""2025-01-30""), 17)",15.853114470805751
"(Date(""2025-01-31""), 17)",23.150128477306346
"(Date(""2025-02-01""), 17)",16.357264903159034
"(Date(""2025-02-02""), 17)",20.838578674881976
"(Date(""2025-02-03""), 17)",31.567781869515457
"(Date(""2025-02-04""), 17)",20.63715339322695
"(Date(""2025-02-05""), 17)",19.38469904696723
"(Date(""2025-02-06""), 17)",28.797499399320046
"(Date(""2025-02-07""), 17)",19.416079398984596
"(Date(""2025-02-08""), 17)",22.942922729336214
"(Date(""2025-02-09""), 17)",26.355951350166514
"(Date(""2025-02-10""), 17)",20.629143468260896
"(Date(""2025-02-11""), 17)",21.728574771640908
"(Date(""2025-02-12""), 17)",17.22150923866511
"(Date(""2025-02-13""), 17)",20.386452414378223
"(Date(""2025-02-14""), 17)",17.42517695206503
"(Date(""2025-02-15""), 17)",20.71642899823611
"(Date(""2025-02-16""), 17)",13.989820465834496
"(Date(""2025-02-17""), 17)",11.25003551268603
"(Date(""2025-02-18""), 17)",10.06589308814316
"(Date(""2025-02-19""), 17)",10.666675591880313
"(Date(""2025-02-20""), 17)",15.956406481734122
"(Date(""2025-02-21""), 17)",14.75217651389876
"(Date(""2025-02-22""), 17)",19.072006733945077
"(Date(""2025-02-23""), 17)",20.825108356222962
"(Date(""2025-02-24""), 17)",22.062778370113662
"(Date(""2025-02-25""), 17)",25.011065761645536
"(Date(""2025-02-26""), 17)",20.98686959203157
"(Date(""2025-02-27""), 17)",26.425265174495948
"(Date(""2025-02-28""), 17)",16.836041285782887
"(Date(""2025-03-01""), 17)",21.109263304302093
"(Date(""2025-03-02""), 17)",12.833167396400341
"(Date(""2025-03-03""), 17)",21.03665870459741
"(Date(""2025-03-04""), 17)",29.922140690849538
"(Date(""2025-03-05""), 17)",24.511185919830123
"(Date(""2025-03-06""), 17)",19.394576215508998
"(Date(""2025-03-07""), 17)",11.715944675360833
"(Date(""2025-03-08""), 17)",13.223582959968843
"(Date(""2025-03-09""), 17)",16.663730155816243
"(Date(""2025-03-10""), 17)",18.985201413784317
"(Date(""2025-03-11""), 17)",18.93646054888621
"(Date(""2025-03-12""), 17)",17.432015693050044
"(Date(""2025-03-13""), 17)",20.58756900853425
"(Date(""2025-03-14""), 17)",27.161946953334244
"(Date(""2025-03-15""), 17)",26.50896636231963
"(Date(""2025-03-16""), 17)",25.013360498025577
"(Date(""2025-03-17""), 17)",20.30106392148966
"(Date(""2025-03-18""), 17)",19.141845605281986
"(Date(""2025-03-19""), 17)",22.433446380566377
"(Date(""2025-03-20""), 17)",20.679594144574512
"(Date(""2025-03-21""), 17)",13.948469433753402
"(Date(""2025-03-22""), 17)",17.42575136859887
"(Date(""2025-03-23""), 17)",13.27327659242684
"(Date(""2025-03-24""), 17)",19.450606518771053
"(Date(""2025-03-25""), 17)",17.24560041243028
"(Date(""2025-03-26""), 17)",15.056035706783698
"(Date(""2025-03-27""), 17)",13.583636236040473
"(Date(""2025-03-28""), 17)",13.361310921695985
"(Date(""2025-03-29""), 17)",12.315399085608341
"(Date(""2025-03-30""), 17)",13.65575682570274
"(Date(""2025-03-31""), 17)",17.880142630727015
"(Date(""2025-04-01""), 17)",8.054489812171267
"(Date(""2025-04-02""), 17)",10.973379142566746
"(Date(""2025-04-03""), 17)",15.454207285002518
"(Date(""2025-04-04""), 17)",11.464301441446167
"(Date(""2025-04-05""), 17)",11.710524985939815
"(Date(""2025-04-06""), 17)",11.942542655274792
"(Date(""2025-04-07""), 17)",10.546519823424335
"(Date(""2025-04-08""), 17)",11.663872504989243
"(Date(""2025-04-09""), 17)",9.1123601275109
"(Date(""2025-04-10""), 17)",13.613261585790525
"(Date(""2025-04-11""), 17)",16.527885951877284
"(Date(""2025-04-12""), 17)",16.070632571293164
"(Date(""2025-04-13""), 17)",16.559822427640654
"(Date(""2025-04-14""), 17)",18.8534960413411
"(Date(""2025-04-15""), 17)",17.359075896894613
"(Date(""2025-04-16""), 17)",11.10223904460981
"(Date(""2025-04-17""), 17)",11.510168219986248
"(Date(""2025-04-18""), 17)",17.56357747282917
"(Date(""2025-04-19""), 17)",19.976228657421004
"(Date(""2025-04-20""), 17)",10.311246120974744
"(Date(""2025-04-21""), 17)",15.485694566495667
"(Date(""2025-04-22""), 17)",15.268122172982622
"(Date(""2025-04-23""), 17)",12.536511420052543
"(Date(""2025-04-24""), 17)",18.584893322465852
"(Date(""2025-04-25""), 17)",17.435462891953577
"(Date(""2025-04-26""), 17)",16.173177263671445
"(Date(""2025-04-27""), 17)",16.18278733113862
"(Date(""2025-04-28""), 17)",16.214083801465396
"(Date(""2025-04-29""), 17)",19.62022173990559
"(Date(""2025-04-30""), 17)",10.868571623799834
"(Date(""2025-05-01""), 17)",15.927980383849798
"(Date(""2025-05-02""), 17)",18.529083170380062
"(Date(""2025-05-03""), 17)",17.204333232510763
"(Date(""2025-05-04""), 17)",18.27598121380793
"(Date(""2025-05-05""), 17)",16.6278000802042
"(Date(""2025-05-06""), 17)",19.455146475254818
"(Date(""2025-05-07""), 17)",17.392741382383935
"(Date(""2025-05-08""), 17)",11.167987310788943
"(Date(""2025-05-09""), 17)",12.5815691551253
"(Date(""2025-05-10""), 17)",17.725075672843488
"(Date(""2025-05-11""), 17)",12.01499819147026
"(Date(""2025-05-12""), 17)",19.991404899582463
"(Date(""2025-05-13""), 17)",19.24753249148214
"(Date(""2025-05-14""), 17)",20.149666784912764
"(Date(""2025-05-15""), 17)",20.691052839561102
"(Date(""2025-05-16""), 17)",19.844504085218247
"(Date(""2025-05-17""), 17)",18.48756449969688
"(Date(""2025-05-18""), 17)",14.808980675060992
"(Date(""2025-05-19""), 17)",11.812690241980782
"(Date(""2025-05-20""), 17)",13.762954327560118
"(Date(""2025-05-21""), 17)",14.26048714664301
"(Date(""2025-05-22""), 17)",13.174184977887382
"(Date(""2025-05-23""), 17)",13.53820608833851
"(Date(""2025-05-24""), 17)",16.081371782502796
"(Date(""2025-05-25""), 17)",15.17323819817349
"(Date(""2025-05-26""), 17)",17.711980437945897
"(Date(""2025-05-27""), 17)",18.018647231079637
"(Date(""2025-05-28""), 17)",21.27686559742622
"(Date(""2025-05-29""), 17)",19.30595878941429
"(Date(""2025-05-30""), 17)",16.993414353068907
"(Date(""2025-05-31""), 17)",15.495957520654152
"(Date(""2025-06-01""), 17)",8.097652352538137
"(Date(""2025-06-02""), 17)",14.071703039566263
"(Date(""2025-06-03""), 17)",18.304179465908966
"(Date(""2025-06-04""), 17)",23.272223541281598
"(Date(""2025-06-05""), 17)",22.421729128399395
"(Date(""2025-06-06""), 17)",26.73063304639382
"(Date(""2025-06-07""), 17)",24.12176630538914
"(Date(""2025-06-08""), 17)",22.40096549162118
"(Date(""2025-06-09""), 17)",19.750172144545278
"(Date(""2025-06-10""), 17)",17.278373418960165
"(Date(""2025-06-11""), 17)",14.096808041049446
"(Date(""2025-06-12""), 17)",13.943214101351568
"(Date(""2025-06-13""), 17)",12.79116179593442
"(Date(""2025-06-14""), 17)",15.6441859541804
"(Date(""2025-06-15""), 17)",18.84337406001294
"(Date(""2025-06-16""), 17)",24.110316581789906
"(Date(""2025-06-17""), 17)",23.503123293767764
"(Date(""2025-06-18""), 17)",24.761660000004447
"(Date(""2025-06-19""), 17)",24.394984599168588
"(Date(""2025-06-20""), 17)",15.575838094473673
"(Date(""2025-06-21""), 17)",20.333700061383123
"(Date(""2025-06-22""), 17)",21.39126981563013
"(Date(""2025-06-23""), 17)",21.50406858377519
"(Date(""2025-06-24""), 17)",19.54968108967371
"(Date(""2025-06-25""), 17)",18.330328093109745
"(Date(""2025-06-26""), 17)",10.993048430211086
"(Date(""2025-06-27""), 17)",14.487354358379552
"(Date(""2025-06-28""), 17)",17.5420301787766
"(Date(""2025-06-29""), 17)",12.116477176983897
"(Date(""2025-06-30""), 17)",17.347401397741603
"(Date(""2025-07-01""), 17)",18.317918786945246
"(Date(""2025-07-02""), 17)",15.762377844319014
"(Date(""2025-07-03""), 17)",15.560756171626934
"(Date(""2025-07-04""), 17)",12.253661898866994
"(Date(""2025-07-05""), 17)",17.224461766140394
"(Date(""2025-07-06""), 17)",19.04685707425334
"(Date(""2025-07-07""), 17)",11.03486343561983
"(Date(""2025-07-08""), 17)",14.924428077556685
"(Date(""2025-07-09""), 17)",18.273288191073963
"(Date(""2025-07-10""), 17)",20.57378499789521
"(Date(""2025-07-11""), 17)",22.08713229427563
"(Date(""2025-07-12""), 17)",25.348255238628035
"(Date(""2025-07-13""), 17)",21.791401721225544
"(Date(""2025-07-14""), 17)",21.58905655810854
"(Date(""2025-07-15""), 17)",21.96690973969317
"(Date(""2025-07-16""), 17)",23.27268595645536
"(Date(""2025-07-17""), 17)",19.67479525436609
"(Date(""2025-07-18""), 17)",13.512514153862972
"(Date(""2025-07-19""), 17)",16.68104224035297
"(Date(""2025-07-20""), 17)",15.93780758051603
"(Date(""2025-07-21""), 17)",11.235219771957187
"(Date(""2025-07-22""), 17)",14.146768075949016
"(Date(""2025-07-23""), 17)",17.786382170131905
"(Date(""2025-07-24""), 17)",21.02218026860813
"(Date(""2025-07-25""), 17)",20.030484830113174
"(Date(""2025-07-26""), 17)",23.171134380287203
"(Date(""2025-07-27""), 17)",23.40791462870853
"(Date(""2025-07-28""), 17)",24.756397653808758
"(Date(""2025-07-29""), 17)",23.9587832843627
"(Date(""2025-07-30""), 17)",22.086151466574183
"(Date(""2025-07-31""), 17)",18.150079191701913
"(Date(""2025-08-01""), 17)",14.904918063377975
"(Date(""2025-08-02""), 17)",18.352719091343268
"(Date(""2025-08-03""), 17)",19.02199446604359
"(Date(""2025-08-04""), 17)",20.901941941914753
"(Date(""2025-08-05""), 17)",16.96232009502232
"(Date(""2025-08-06""), 17)",21.230360479372976
"(Date(""2025-08-07""), 17)",24.42452773600472
"(Date(""2025-08-08""), 17)",26.1462016777522
"(Date(""2025-08-09""), 17)",26.208138074812165
"(Date(""2025-08-10""), 17)",25.629588818596385
"(Date(""2025-08-11""), 17)",26.05778977587819
"(Date(""2025-08-12""), 17)",26.595351542767403
"(Date(""2025-08-13""), 17)",23.97934346184852
"(Date(""2025-08-14""), 17)",23.57130174982814
"(Date(""2025-08-15""), 17)",19.905098426597128
"(Date(""2025-08-16""), 17)",23.443480790419482
"(Date(""2025-08-17""), 17)",18.755760943797878
"(Date(""2025-08-18""), 17)",15.278091246434482
"(Date(""2025-08-19""), 17)",18.462417524366632
"(Date(""2025-08-20""), 17)",18.449399989043076
"(Date(""2025-08-21""), 17)",18.399588774897808
"(Date(""2025-08-22""), 17)",20.124231769852102
"(Date(""2025-08-23""), 17)",20.083580814890414
"(Date(""2025-08-24""), 17)",18.0875316104648
"(Date(""2025-08-25""), 17)",14.169928827661382
"(Date(""2025-08-26""), 17)",10.531937427351256
"(Date(""2025-08-27""), 17)",11.965427096987455
"(Date(""2025-08-28""), 17)",11.954798522964676
"(Date(""2025-08-29""), 17)",11.908179268874521
"(Date(""2025-08-30""), 17)",12.057967242861583
"(Date(""2025-08-31""), 17)",15.841637958096412
"(Date(""2025-09-01""), 17)",17.408331434540536
"(Date(""2025-09-02""), 17)",18.449853945494144
"(Date(""2025-09-03""), 17)",18.925656192062736
"(Date(""2025-09-04""), 17)",16.140139897675073
"(Date(""2025-09-05""), 17)",15.677956454323006
"(Date(""2025-09-06""), 17)",14.55038605597738
"(Date(""2025-09-07""), 17)",13.046582579056173
"(Date(""2025-09-08""), 17)",11.706988222111706
"(Date(""2025-09-09""), 17)",15.45291321032622
"(Date(""2025-09-10""), 17)",17.925753940603613
"(Date(""2025-09-11""), 17)",17.385277004420104
"(Date(""2025-09-12""), 17)",16.441487120912978
"(Date(""2025-09-13""), 17)",21.933309190845947
"(Date(""2025-09-14""), 17)",20.80055410568565
"(Date(""2025-09-15""), 17)",16.783955706268795
"(Date(""2025-09-16""), 17)",19.45513626157069
"(Date(""2025-09-17""), 17)",22.510763252614638
"(Date(""2025-09-18""), 17)",18.692368152752557
"(Date(""2025-09-19""), 17)",15.000741870593915
"(Date(""2025-09-20""), 17)",15.841242515141838
"(Date(""2025-09-21""), 17)",17.515376192010134
"(Date(""2025-09-22""), 17)",19.45435293013651
"(Date(""2025-09-23""), 17)",24.251208938740966
"(Date(""2025-09-24""), 17)",15.468525422628712
"(Date(""2025-09-25""), 17)",18.28324151751923
"(Date(""2025-09-26""), 17)",15.72407607996178
"(Date(""2025-09-27""), 17)",14.85353901626351
"(Date(""2025-09-28""), 17)",16.978477947419034
"(Date(""2025-09-29""), 17)",14.581341583397528
"(Date(""2025-09-30""), 17)",12.621209646531923
"(Date(""2025-10-01""), 17)",12.217255529504879
"(Date(""2025-10-02""), 17)",15.674752209687705
"(Date(""2025-10-03""), 17)",18.658873227674718
"(Date(""2025-10-04""), 17)",21.188854757193944
"(Date(""2025-10-05""), 17)",22.520572008206905
"(Date(""2025-10-06""), 17)",22.469936588807037
"(Date(""2025-10-07""), 17)",21.039930564927484
"(Date(""2025-10-08""), 17)",17.224596339153894
"(Date(""2025-10-09""), 17)",13.90213982275138
"(Date(""2025-10-10""), 17)",17.92103236035104
"(Date(""2025-10-11""), 17)",19.418055228487905
"(Date(""2025-10-12""), 17)",17.00532382545438
"(Date(""2025-10-13""), 17)",16.460912141761487
"(Date(""2025-10-14""), 17)",18.478773505798625
"(Date(""2025-10-15""), 17)",12.784090185677892
"(Date(""2025-10-16""), 17)",13.029168164678495
"(Date(""2025-10-17""), 17)",15.587909028252383
"(Date(""2025-10-18""), 17)",17.4475738719988
"(Date(""2025-10-19""), 17)",18.08917088536048
"(Date(""2025-10-20""), 17)",18.900560587175928
"(Date(""2025-10-21""), 17)",14.546470078719926
"(Date(""2025-10-22""), 17)",13.486115185974048
"(Date(""2025-10-23""), 17)",14.413809763739334
"(Date(""2025-10-24""), 17)",14.873645322668978
"(Date(""2025-10-25""), 17)",12.163511897023726
"(Date(""2025-10-26""), 17)",13.157057575611674
"(Date(""2025-10-27""), 17)",15.042019341096793
"(Date(""2025-10-28""), 17)",13.30581806781466
"(Date(""2025-10-29""), 17)",12.84621958470216
"(Date(""2025-10-30""), 17)",15.10056001411267
"(Date(""2025-10-31""), 17)",11.029281908750866
"(Date(""2025-11-01""), 17)",10.966715716962801
"(Date(""2025-11-02""), 17)",11.81858868170232
"(Date(""2025-11-03""), 17)",12.651239497455718
"(Date(""2025-11-04""), 17)",10.630773672517156
"(Date(""2025-11-05""), 17)",13.82358474939842
"(Date(""2025-11-06""), 17)",11.79853525466208
"(Date(""2025-11-07""), 17)",14.609944169073872
"(Date(""2025-11-08""), 17)",14.00985529980669
"(Date(""2025-11-09""), 17)",10.874860448165048
"(Date(""2025-11-10""), 17)",17.327767960517527
"(Date(""2025-11-11""), 17)",8.17007830070758
"(Date(""2025-11-12""), 17)",17.334936582787982
"(Date(""2025-11-13""), 17)",17.005469689020934
"(Date(""2025-11-14""), 17)",15.660246039503898
"(Date(""2025-11-15""), 17)",14.66005888017218
"(Date(""2025-11-16""), 17)",14.68130420125773
"(Date(""2025-11-17""), 17)",10.172783686751636
"(Date(""2025-11-18""), 17)",11.40631306340861
"(Date(""2025-11-19""), 17)",13.742896179519112
"(Date(""2025-11-20""), 17)",21.279832492594423
"(Date(""2025-11-21""), 17)",22.93978732935043
"(Date(""2025-11-22""), 17)",19.863637893561485
"(Date(""2025-11-23""), 17)",27.004833189714628
"(Date(""2025-11-24""), 17)",21.65031331075344
"(Date(""2025-11-25""), 17)",22.349008769530784
"(Date(""2025-11-26""), 17)",23.212875947669218
"(Date(""2025-11-27""), 17)",13.384747979552731
"(Date(""2025-11-28""), 17)",11.719305110105548
"(Date(""2025-11-29""), 17)",11.870268771401125
"(Date(""2025-11-30""), 17)",14.965491153419412
"(Date(""2025-12-01""), 17)",12.08186852046062
"(Date(""2025-12-02""), 17)",15.88969445868621
"(Date(""2025-12-03""), 17)",17.060553539355226
"(Date(""2025-12-04""), 17)",13.37858145479834
"(Date(""2025-12-05""), 17)",17.75431104389256
"(Date(""2025-12-06""), 17)",22.404277638830255
"(Date(""2025-12-07""), 17)",20.602910035007753
"(Date(""2025-12-08""), 17)",15.614726827082192
"(Date(""2025-12-09""), 17)",25.221790639093058
"(Date(""2025-12-10""), 17)",27.524077453210435
"(Date(""2025-12-11""), 17)",15.885141198559605
"(Date(""2025-12-12""), 17)",16.15741310453891
"(Date(""2025-12-13""), 17)",25.572365614242166
"(Date(""2025-12-14""), 17)",20.05223620623867
"(Date(""2025-12-15""), 17)",21.342186413486
"(Date(""2025-12-16""), 17)",23.437446994897275
"(Date(""2025-12-17""), 17)",20.170834248349024
"(Date(""2025-12-18""), 17)",21.620340104786955
"(Date(""2025-12-19""), 17)",18.024207574456145
"(Date(""2025-12-20""), 17)",16.332121596240665
"(Date(""2025-12-21""), 17)",14.496498687026833
"(Date(""2025-12-22""), 17)",18.38860111043197
"(Date(""2025-12-23""), 17)",19.1344133399373
"(Date(""2025-12-24""), 17)",18.679011015247646
"(Date(""2025-12-25""), 17)",18.06443942683588
"(Date(""2025-12-26""), 17)",15.773174979816424
"(Date(""2025-12-27""), 17)",18.943104101083275
"(Date(""2025-12-28""), 17)",21.944970654682106
"(Date(""2025-12-29""), 17)",19.73982914720352
"(Date(""2025-12-30""), 17)",11.788285657623314
"(Date(""2025-12-31""), 17)",16.432206029664858
"(Date(""2025-01-01""), 31)",41.78159035068813
"(Date(""2025-01-02""), 31)",24.105435036042287
"(Date(""2025-01-03""), 31)",16.546647434852762
"(Date(""2025-01-04""), 31)",19.66759806842505
"(Date(""2025-01-05""), 31)",15.277405666227523
"(Date(""2025-01-06""), 31)",17.360607608583823
"(Date(""2025-01-07""), 31)",16.612176569323292
"(Date(""2025-01-08""), 31)",13.760664969048799
"(Date(""2025-01-09""), 31)",13.015165379247547
"(Date(""2025-01-10""), 31)",14.31245339017927
"(Date(""2025-01-11""), 31)",23.609967165453106
"(Date(""2025-01-12""), 31)",18.532677120966742
"(Date(""2025-01-13""), 31)",30.80501893325793
"(Date(""2025-01-14""), 31)",16.812580021845122
"(Date(""2025-01-15""), 31)",20.097514333187505
"(Date(""2025-01-16""), 31)",25.81725413883207
"(Date(""2025-01-17""), 31)",24.750583483138115
"(Date(""2025-01-18""), 31)",22.6131634090496
"(Date(""2025-01-19""), 31)",20.336120252227587
"(Date(""2025-01-20""), 31)",17.06624800277248
"(Date(""2025-01-21""), 31)",19.35125898551987
"(Date(""2025-01-22""), 31)",19.93543935817966
"(Date(""2025-01-23""), 31)",25.09283749640902
"(Date(""2025-01-24""), 31)",20.81746560509213
"(Date(""2025-01-25""), 31)",27.524828696727397
"(Date(""2025-01-26""), 31)",24.205965100494463
"(Date(""2025-01-27""), 31)",18.11096532320965
"(Date(""2025-01-28""), 31)",16.352776468613893
"(Date(""2025-01-29""), 31)",19.36555845383803
"(Date(""2025-01-30""), 31)",16.861907523290416
"(Date(""2025-01-31""), 31)",24.858566552079722
"(Date(""2025-02-01""), 31)",18.127871618678356
"(Date(""2025-02-02""), 31)",22.915685326288198
"(Date(""2025-02-03""), 31)",34.182410399299144
"(Date(""2025-02-04""), 31)",22.02653541433459
"(Date(""2025-02-05""), 31)",21.903685319139868
"(Date(""2025-02-06""), 31)",31.74495846975416
"(Date(""2025-02-07""), 31)",21.079434823906848
"(Date(""2025-02-08""), 31)",24.67928475244445
"(Date(""2025-02-09""), 31)",25.89143730657898
"(Date(""2025-02-10""), 31)",20.066631042159774
"(Date(""2025-02-11""), 31)",20.97958186758394
"(Date(""2025-02-12""), 31)",16.96332918704337
"(Date(""2025-02-13""), 31)",19.86961802956758
"(Date(""2025-02-14""), 31)",17.388831290669163
"(Date(""2025-02-15""), 31)",19.869480383840674
"(Date(""2025-02-16""), 31)",12.916034992646713
"(Date(""2025-02-17""), 31)",10.326325384542018
"(Date(""2025-02-18""), 31)",9.67068199377574
"(Date(""2025-02-19""), 31)",11.155132247350581
"(Date(""2025-02-20""), 31)",16.04098579019492
"(Date(""2025-02-21""), 31)",15.500746759772227
"(Date(""2025-02-22""), 31)",19.59522142228732
"(Date(""2025-02-23""), 31)",20.830370485459696
"(Date(""2025-02-24""), 31)",21.363481695549567
"(Date(""2025-02-25""), 31)",23.751195397400945
"(Date(""2025-02-26""), 31)",19.469615502020545
"(Date(""2025-02-27""), 31)",24.088793296220665
"(Date(""2025-02-28""), 31)",14.68472200673282
"(Date(""2025-03-01""), 31)",20.49983090646304
"(Date(""2025-03-02""), 31)",13.166425872884062
"(Date(""2025-03-03""), 31)",22.93033014569976
"(Date(""2025-03-04""), 31)",30.862991445709945
"(Date(""2025-03-05""), 31)",25.880373904681846
"(Date(""2025-03-06""), 31)",20.057881446381835
"(Date(""2025-03-07""), 31)",12.773252870784793
"(Date(""2025-03-08""), 31)",13.666634701893555
"(Date(""2025-03-09""), 31)",17.229575192184516
"(Date(""2025-03-10""), 31)",19.133100354731425
"(Date(""2025-03-11""), 31)",20.086604702552005
"(Date(""2025-03-12""), 31)",18.659850764445906
"(Date(""2025-03-13""), 31)",22.62391587010027
"(Date(""2025-03-14""), 31)",29.245050327545744
"(Date(""2025-03-15""), 31)",29.97246525683172
"(Date(""2025-03-16""), 31)",28.498818096812748
"(Date(""2025-03-17""), 31)",24.1871127530885
"(Date(""2025-03-18""), 31)",22.495652136196654
"(Date(""2025-03-19""), 31)",25.153289191486376
"(Date(""2025-03-20""), 31)",23.351863375442065
"(Date(""2025-03-21""), 31)",16.216220581777236
"(Date(""2025-03-22""), 31)",19.686054584931483
"(Date(""2025-03-23""), 31)",15.303169263746268
"(Date(""2025-03-24""), 31)",21.040876962009186
"(Date(""2025-03-25""), 31)",18.708478865807983
"(Date(""2025-03-26""), 31)",16.06763938238313
"(Date(""2025-03-27""), 31)",15.028369317541292
"(Date(""2025-03-28""), 31)",14.291255146805561
"(Date(""2025-03-29""), 31)",13.400027569279986
"(Date(""2025-03-30""), 31)",14.541297554673116
"(Date(""2025-03-31""), 31)",19.266165266061652
"(Date(""2025-04-01""), 31)",9.206175702723275
"(Date(""2025-04-02""), 31)",12.285802933800854
"(Date(""2025-04-03""), 31)",16.705835742519344
"(Date(""2025-04-04""), 31)",12.886494213048667
"(Date(""2025-04-05""), 31)",13.219319706056806
"(Date(""2025-04-06""), 31)",13.096136411561604
"(Date(""2025-04-07""), 31)",10.999133866480415
"(Date(""2025-04-08""), 31)",12.271368309176063
"(Date(""2025-04-09""), 31)",9.638667910322642
"(Date(""2025-04-10""), 31)",14.781955466010722
"(Date(""2025-04-11""), 31)",18.129948290630686
"(Date(""2025-04-12""), 31)",18.05619789426489
"(Date(""2025-04-13""), 31)",18.893774231379798
"(Date(""2025-04-14""), 31)",20.26609706290675
"(Date(""2025-04-15""), 31)",18.592227894660994
"(Date(""2025-04-16""), 31)",11.971664740421204
"(Date(""2025-04-17""), 31)",12.648368359900399
"(Date(""2025-04-18""), 31)",18.231760619476418
"(Date(""2025-04-19""), 31)",20.59966533004437
"(Date(""2025-04-20""), 31)",10.877330356358256
"(Date(""2025-04-21""), 31)",16.40343504500458
"(Date(""2025-04-22""), 31)",16.46546882163133
"(Date(""2025-04-23""), 31)",13.762510991687902
"(Date(""2025-04-24""), 31)",19.502081042028315
"(Date(""2025-04-25""), 31)",18.344795406719673
"(Date(""2025-04-26""), 31)",17.077387684368873
"(Date(""2025-04-27""), 31)",17.48460658796448
"(Date(""2025-04-28""), 31)",16.87818594385612
"(Date(""2025-04-29""), 31)",20.748029950641595
"(Date(""2025-04-30""), 31)",11.289634794855154
"(Date(""2025-05-01""), 31)",16.35038225652374
"(Date(""2025-05-02""), 31)",18.860097575072533
"(Date(""2025-05-03""), 31)",17.015326115149136
"(Date(""2025-05-04""), 31)",18.266941764528436
"(Date(""2025-05-05""), 31)",16.473214450651493
"(Date(""2025-05-06""), 31)",19.99064457600032
"(Date(""2025-05-07""), 31)",17.94056745011828
"(Date(""2025-05-08""), 31)",11.457302712773952
"(Date(""2025-05-09""), 31)",11.65820266309184
"(Date(""2025-05-10""), 31)",16.769458561308102
"(Date(""2025-05-11""), 31)",11.157397824286326
"(Date(""2025-05-12""), 31)",19.385925748889502
"(Date(""2025-05-13""), 31)",19.779308879878275
"(Date(""2025-05-14""), 31)",20.94803033454394
"(Date(""2025-05-15""), 31)",21.468493651020434
"(Date(""2025-05-16""), 31)",20.45094742981818
"(Date(""2025-05-17""), 31)",19.2461610689483
"(Date(""2025-05-18""), 31)",14.990418617962689
"(Date(""2025-05-19""), 31)",10.963434430919072
"(Date(""2025-05-20""), 31)",12.241260564509401
"(Date(""2025-05-21""), 31)",12.645988950886515
"(Date(""2025-05-22""), 31)",11.744142112426202
"(Date(""2025-05-23""), 31)",12.112174678554126
"(Date(""2025-05-24""), 31)",14.635318760756581
"(Date(""2025-05-25""), 31)",13.457136593159213
"(Date(""2025-05-26""), 31)",16.152908323547177
"(Date(""2025-05-27""), 31)",16.59950996357194
"(Date(""2025-05-28""), 31)",19.747115796603122
"(Date(""2025-05-29""), 31)",17.626632812566275
"(Date(""2025-05-30""), 31)",15.933140274866524
"(Date(""2025-05-31""), 31)",14.417786916936896
"(Date(""2025-06-01""), 31)",7.867566321490213
"(Date(""2025-06-02""), 31)",13.42029450843293
"(Date(""2025-06-03""), 31)",17.6515718302155
"(Date(""2025-06-04""), 31)",22.347660043189613
"(Date(""2025-06-05""), 31)",21.729610013663176
"(Date(""2025-06-06""), 31)",25.345970402408298
"(Date(""2025-06-07""), 31)",23.34947257418034
"(Date(""2025-06-08""), 31)",22.218137888032157
"(Date(""2025-06-09""), 31)",19.581499493870048
"(Date(""2025-06-10""), 31)",17.6446119143299
"(Date(""2025-06-11""), 31)",14.013683263171567
"(Date(""2025-06-12""), 31)",14.18465607796411
"(Date(""2025-06-13""), 31)",12.860044692819105
"(Date(""2025-06-14""), 31)",15.866338978424865
"(Date(""2025-06-15""), 31)",19.10295992112503
"(Date(""2025-06-16""), 31)",23.98459846025354
"(Date(""2025-06-17""), 31)",23.422159859917617
"(Date(""2025-06-18""), 31)",24.172796396730856
"(Date(""2025-06-19""), 31)",23.577233348392543
"(Date(""2025-06-20""), 31)",14.53819795477719
"(Date(""2025-06-21""), 31)",19.63529706553066
"(Date(""2025-06-22""), 31)",21.334365550798452
"(Date(""2025-06-23""), 31)",21.869525568361663
"(Date(""2025-06-24""), 31)",20.153654332536785
"(Date(""2025-06-25""), 31)",19.308253297719673
"(Date(""2025-06-26""), 31)",11.251918171871937
"(Date(""2025-06-27""), 31)",14.490359945641735
"(Date(""2025-06-28""), 31)",17.456318763289197
"(Date(""2025-06-29""), 31)",12.174004141346776
"(Date(""2025-06-30""), 31)",17.718962948293665
"(Date(""2025-07-01""), 31)",18.50157857695529
"(Date(""2025-07-02""), 31)",16.045655075922156
"(Date(""2025-07-03""), 31)",16.111042484949675
"(Date(""2025-07-04""), 31)",13.136824227816131
"(Date(""2025-07-05""), 31)",18.18318537549846
"(Date(""2025-07-06""), 31)",19.92533796215461
"(Date(""2025-07-07""), 31)",11.853870093536921
"(Date(""2025-07-08""), 31)",15.8327049110143
"(Date(""2025-07-09""), 31)",18.88568653836117
"(Date(""2025-07-10""), 31)",20.795177328605295
"(Date(""2025-07-11""), 31)",22.282281195786513
"(Date(""2025-07-12""), 31)",26.489354386072915
"(Date(""2025-07-13""), 31)",23.33202836127729
"(Date(""2025-07-14""), 31)",23.496314184707458
"(Date(""2025-07-15""), 31)",23.0718678243369
"(Date(""2025-07-16""), 31)",24.071184708621068
"(Date(""2025-07-17""), 31)",20.351199285877904
"(Date(""2025-07-18""), 31)",14.03292013593112
"(Date(""2025-07-19""), 31)",17.27161539375613
"(Date(""2025-07-20""), 31)",16.433114483702575
"(Date(""2025-07-21""), 31)",11.298216618594935
"(Date(""2025-07-22""), 31)",14.626054520204642
"(Date(""2025-07-23""), 31)",17.910058306949797
"(Date(""2025-07-24""), 31)",21.683750642778516
"(Date(""2025-07-25""), 31)",20.36194129640391
"(Date(""2025-07-26""), 31)",24.304087383525513
"(Date(""2025-07-27""), 31)",24.418761597053333
"(Date(""2025-07-28""), 31)",25.868254878067507
"(Date(""2025-07-29""), 31)",24.931313393660574
"(Date(""2025-07-30""), 31)",22.85913797942973
"(Date(""2025-07-31""), 31)",18.60865865242527
"(Date(""2025-08-01""), 31)",14.941510411285533
"(Date(""2025-08-02""), 31)",18.254628410522866
"(Date(""2025-08-03""), 31)",18.945151217403218
"(Date(""2025-08-04""), 31)",21.0868223023839
"(Date(""2025-08-05""), 31)",16.920276623361996
"(Date(""2025-08-06""), 31)",21.650764881741853
"(Date(""2025-08-07""), 31)",24.663615978554876
"(Date(""2025-08-08""), 31)",26.88667215137426
"(Date(""2025-08-09""), 31)",26.62549746039862
"(Date(""2025-08-10""), 31)",25.92112338867786
"(Date(""2025-08-11""), 31)",26.433705022063414
"(Date(""2025-08-12""), 31)",27.60860064780841
"(Date(""2025-08-13""), 31)",25.423643236570676
"(Date(""2025-08-14""), 31)",24.838543237074425
"(Date(""2025-08-15""), 31)",20.3559261687691
"(Date(""2025-08-16""), 31)",23.845627430586283
"(Date(""2025-08-17""), 31)",19.04115035926706
"(Date(""2025-08-18""), 31)",15.305646768110797
"(Date(""2025-08-19""), 31)",18.438124507307375
"(Date(""2025-08-20""), 31)",18.52204454011529
"(Date(""2025-08-21""), 31)",18.597292340475096
"(Date(""2025-08-22""), 31)",19.942639326211165
"(Date(""2025-08-23""), 31)",19.58252551173203
"(Date(""2025-08-24""), 31)",17.511685164105707
"(Date(""2025-08-25""), 31)",14.01669442654226
"(Date(""2025-08-26""), 31)",10.667228586135435
"(Date(""2025-08-27""), 31)",12.558436770307452
"(Date(""2025-08-28""), 31)",12.695321117245655
"(Date(""2025-08-29""), 31)",12.619249665720497
"(Date(""2025-08-30""), 31)",12.552821006296327
"(Date(""2025-08-31""), 31)",15.226141704920186
"(Date(""2025-09-01""), 31)",16.371648885070243
"(Date(""2025-09-02""), 31)",17.119719740131462
"(Date(""2025-09-03""), 31)",17.9610444183015
"(Date(""2025-09-04""), 31)",15.627254197628822
"(Date(""2025-09-05""), 31)",15.151573162860059
"(Date(""2025-09-06""), 31)",14.390108877376187
"(Date(""2025-09-07""), 31)",12.816155257678876
"(Date(""2025-09-08""), 31)",11.556604352161253
"(Date(""2025-09-09""), 31)",15.167858442371806
"(Date(""2025-09-10""), 31)",17.65305029417735
"(Date(""2025-09-11""), 31)",17.105962545400338
"(Date(""2025-09-12""), 31)",16.117874757015077
"(Date(""2025-09-13""), 31)",21.591923479006486
"(Date(""2025-09-14""), 31)",20.46807777630444
"(Date(""2025-09-15""), 31)",16.626822548798707
"(Date(""2025-09-16""), 31)",19.492179376871626
"(Date(""2025-09-17""), 31)",23.0040401332018
"(Date(""2025-09-18""), 31)",19.033647480157647
"(Date(""2025-09-19""), 31)",15.125476937438195
"(Date(""2025-09-20""), 31)",15.646233789820325
"(Date(""2025-09-21""), 31)",17.24287023356979
"(Date(""2025-09-22""), 31)",19.253534390908143
"(Date(""2025-09-23""), 31)",23.924151118472057
"(Date(""2025-09-24""), 31)",15.55158600948218
"(Date(""2025-09-25""), 31)",18.351364473605656
"(Date(""2025-09-26""), 31)",15.668149194715625
"(Date(""2025-09-27""), 31)",14.889027656475758
"(Date(""2025-09-28""), 31)",16.980960920211942
"(Date(""2025-09-29""), 31)",14.940237897016932
"(Date(""2025-09-30""), 31)",12.813782770158898
"(Date(""2025-10-01""), 31)",12.293418750522019
"(Date(""2025-10-02""), 31)",15.609559005118406
"(Date(""2025-10-03""), 31)",18.534069095084195
"(Date(""2025-10-04""), 31)",20.827336820384534
"(Date(""2025-10-05""), 31)",22.29630420969504
"(Date(""2025-10-06""), 31)",22.360681151711308
"(Date(""2025-10-07""), 31)",21.29296075360389
"(Date(""2025-10-08""), 31)",17.14305108966955
"(Date(""2025-10-09""), 31)",14.531769270496302
"(Date(""2025-10-10""), 31)",19.350224275255183
"(Date(""2025-10-11""), 31)",21.346824929574346
"(Date(""2025-10-12""), 31)",18.442351638987983
"(Date(""2025-10-13""), 31)",17.981899145830212
"(Date(""2025-10-14""), 31)",19.28634465212209
"(Date(""2025-10-15""), 31)",13.257682241227606
"(Date(""2025-10-16""), 31)",13.55681933116185
"(Date(""2025-10-17""), 31)",16.290548948974198
"(Date(""2025-10-18""), 31)",18.241308557352884
"(Date(""2025-10-19""), 31)",18.884193340843236
"(Date(""2025-10-20""), 31)",19.592693152065692
"(Date(""2025-10-21""), 31)",14.91087806973248
"(Date(""2025-10-22""), 31)",13.826915244765853
"(Date(""2025-10-23""), 31)",14.846217379548937
"(Date(""2025-10-24""), 31)",15.632555031261465
"(Date(""2025-10-25""), 31)",12.710841437424872
"(Date(""2025-10-26""), 31)",13.638389127274035
"(Date(""2025-10-27""), 31)",15.942708892932279
"(Date(""2025-10-28""), 31)",14.934906579028135
"(Date(""2025-10-29""), 31)",14.855151432729222
"(Date(""2025-10-30""), 31)",16.807193962559623
"(Date(""2025-10-31""), 31)",12.541086440159107
"(Date(""2025-11-01""), 31)",12.291418583702958
"(Date(""2025-11-02""), 31)",12.890286348060275
"(Date(""2025-11-03""), 31)",13.42440394233614
"(Date(""2025-11-04""), 31)",11.305839706388193
"(Date(""2025-11-05""), 31)",14.607061110655996
"(Date(""2025-11-06""), 31)",12.838281515968648
"(Date(""2025-11-07""), 31)",15.670490318570796
"(Date(""2025-11-08""), 31)",15.111675612192878
"(Date(""2025-11-09""), 31)",11.683248633743311
"(Date(""2025-11-10""), 31)",18.235142484920953
"(Date(""2025-11-11""), 31)",8.932616311779059
"(Date(""2025-11-12""), 31)",17.939386335809864
"(Date(""2025-11-13""), 31)",17.399094820642514
"(Date(""2025-11-14""), 31)",15.59267804015177
"(Date(""2025-11-15""), 31)",14.70851876499522
"(Date(""2025-11-16""), 31)",14.565126296758033
"(Date(""2025-11-17""), 31)",10.169117058550912
"(Date(""2025-11-18""), 31)",11.576589472824839
"(Date(""2025-11-19""), 31)",14.103830722533186
"(Date(""2025-11-20""), 31)",21.54374396606907
"(Date(""2025-11-21""), 31)",22.026721406553825
"(Date(""2025-11-22""), 31)",18.774112973155045
"(Date(""2025-11-23""), 31)",24.991675399869482
"(Date(""2025-11-24""), 31)",20.803327290432282
"(Date(""2025-11-25""), 31)",20.952935811212207
"(Date(""2025-11-26""), 31)",22.210337513530305
"(Date(""2025-11-27""), 31)",13.066202607533944
"(Date(""2025-11-28""), 31)",11.73443795583604
"(Date(""2025-11-29""), 31)",11.949566662615123
"(Date(""2025-11-30""), 31)",14.710400246554622
"(Date(""2025-12-01""), 31)",11.553125916450016
"(Date(""2025-12-02""), 31)",15.27896925219154
"(Date(""2025-12-03""), 31)",16.8830369406574
"(Date(""2025-12-04""), 31)",13.321009385753834
"(Date(""2025-12-05""), 31)",17.9562387590026
"(Date(""2025-12-06""), 31)",22.350536952226708
"(Date(""2025-12-07""), 31)",20.223834433258006
"(Date(""2025-12-08""), 31)",15.041935850867352
"(Date(""2025-12-09""), 31)",24.33337911787961
"(Date(""2025-12-10""), 31)",27.232117422919465
"(Date(""2025-12-11""), 31)",15.73875313042107
"(Date(""2025-12-12""), 31)",16.465698793717472
"(Date(""2025-12-13""), 31)",25.423219521994547
"(Date(""2025-12-14""), 31)",20.096350002783048
"(Date(""2025-12-15""), 31)",21.83604159649284
"(Date(""2025-12-16""), 31)",24.051691948714627
"(Date(""2025-12-17""), 31)",20.857413282087077
"(Date(""2025-12-18""), 31)",21.28039799212357
"(Date(""2025-12-19""), 31)",17.93347627782229
"(Date(""2025-12-20""), 31)",15.357267529896564
"(Date(""2025-12-21""), 31)",14.59132024862873
"(Date(""2025-12-22""), 31)",17.3032615440327
"(Date(""2025-12-23""), 31)",18.13192785848272
"(Date(""2025-12-24""), 31)",18.436781747828558
"(Date(""2025-12-25""), 31)",17.353596761914957
"(Date(""2025-12-26""), 31)",15.003138235683052
"(Date(""2025-12-27""), 31)",18.474717793757588
"(Date(""2025-12-28""), 31)",21.485928571756023
"(Date(""2025-12-29""), 31)",19.26298415287967
"(Date(""2025-12-30""), 31)",11.222761574975742
"(Date(""2025-12-31""), 31)",14.851626218203428
"(Date(""2025-01-01""), 66)",41.345836656347124
"(Date(""2025-01-02""), 66)",20.259514366970116
"(Date(""2025-01-03""), 66)",16.493666296938596
"(Date(""2025-01-04""), 66)",18.205503234474094
"(Date(""2025-01-05""), 66)",13.879747204320102
"(Date(""2025-01-06""), 66)",16.448134814297077
"(Date(""2025-01-07""), 66)",15.434751532327748
"(Date(""2025-01-08""), 66)",12.901740328980296
"(Date(""2025-01-09""), 66)",12.404366404293791
"(Date(""2025-01-10""), 66)",13.713051817127438
"(Date(""2025-01-11""), 66)",23.0089005926515
"(Date(""2025-01-12""), 66)",17.43172867870054
"(Date(""2025-01-13""), 66)",29.38184348343996
"(Date(""2025-01-14""), 66)",15.858524564152829
"(Date(""2025-01-15""), 66)",19.808822456044837
"(Date(""2025-01-16""), 66)",25.307174487540163
"(Date(""2025-01-17""), 66)",24.38305743298253
"(Date(""2025-01-18""), 66)",22.819954724242525
"(Date(""2025-01-19""), 66)",20.529184153265568
"(Date(""2025-01-20""), 66)",18.130056449434075
"(Date(""2025-01-21""), 66)",20.122754026871085
"(Date(""2025-01-22""), 66)",21.17437564892078
"(Date(""2025-01-23""), 66)",25.666431107968513
"(Date(""2025-01-24""), 66)",21.166430615321076
"(Date(""2025-01-25""), 66)",27.71110432927803
"(Date(""2025-01-26""), 66)",25.122411957641095
"(Date(""2025-01-27""), 66)",18.60920241868016
"(Date(""2025-01-28""), 66)",17.257071633922692
"(Date(""2025-01-29""), 66)",19.95350584927664
"(Date(""2025-01-30""), 66)",17.38156255037286
"(Date(""2025-01-31""), 66)",25.05952870536703
"(Date(""2025-02-01""), 66)",18.202668806589504
"(Date(""2025-02-02""), 66)",22.918727708214085
"(Date(""2025-02-03""), 66)",34.00283752391249
"(Date(""2025-02-04""), 66)",21.838956931200762
"(Date(""2025-02-05""), 66)",21.078679932916636
"(Date(""2025-02-06""), 66)",31.259566062514384
"(Date(""2025-02-07""), 66)",20.84133063965894
"(Date(""2025-02-08""), 66)",25.247612178148746
"(Date(""2025-02-09""), 66)",26.95180368482282
"(Date(""2025-02-10""), 66)",21.127101452169374
"(Date(""2025-02-11""), 66)",22.412452833075157
"(Date(""2025-02-12""), 66)",17.9155842090864
"(Date(""2025-02-13""), 66)",20.67776736487693
"(Date(""2025-02-14""), 66)",18.120369420513313
"(Date(""2025-02-15""), 66)",21.21091536526801
"(Date(""2025-02-16""), 66)",14.216975418486786
"(Date(""2025-02-17""), 66)",10.95332114262541
"(Date(""2025-02-18""), 66)",10.036537521072347
"(Date(""2025-02-19""), 66)",10.831586607034048
"(Date(""2025-02-20""), 66)",16.069663563723243
"(Date(""2025-02-21""), 66)",14.962482034128344
"(Date(""2025-02-22""), 66)",19.722190454341856
"(Date(""2025-02-23""), 66)",21.50849328645045
"(Date(""2025-02-24""), 66)",22.922554098169144
"(Date(""2025-02-25""), 66)",25.467705851772564
"(Date(""2025-02-26""), 66)",21.219275337269806
"(Date(""2025-02-27""), 66)",26.118079499693824
"(Date(""2025-02-28""), 66)",16.417335274627906
"(Date(""2025-03-01""), 66)",21.30321299921203
"(Date(""2025-03-02""), 66)",13.229994713231786
"(Date(""2025-03-03""), 66)",22.145748460659362
"(Date(""2025-03-04""), 66)",29.86153070515325
"(Date(""2025-03-05""), 66)",25.1856073542723
"(Date(""2025-03-06""), 66)",19.441830061635155
"(Date(""2025-03-07""), 66)",12.590216945887173
"(Date(""2025-03-08""), 66)",13.378573199326482
"(Date(""2025-03-09""), 66)",17.803638054032383
"(Date(""2025-03-10""), 66)",19.786987380502605
"(Date(""2025-03-11""), 66)",20.710479212621298
"(Date(""2025-03-12""), 66)",18.35912592179922
"(Date(""2025-03-13""), 66)",22.10755000666598
"(Date(""2025-03-14""), 66)",28.401944929965193
"(Date(""2025-03-15""), 66)",28.30318321128702
"(Date(""2025-03-16""), 66)",27.004606363723163
"(Date(""2025-03-17""), 66)",22.23506145488978
"(Date(""2025-03-18""), 66)",21.783492876747626
"(Date(""2025-03-19""), 66)",24.50741169542007
"(Date(""2025-03-20""), 66)",22.76527127252546
"(Date(""2025-03-21""), 66)",15.722818251355694
"(Date(""2025-03-22""), 66)",19.18280331335581
"(Date(""2025-03-23""), 66)",15.629691036304457
"(Date(""2025-03-24""), 66)",21.774965078466007
"(Date(""2025-03-25""), 66)",19.97045487226624
"(Date(""2025-03-26""), 66)",17.682890520483618
"(Date(""2025-03-27""), 66)",16.26750016970745
"(Date(""2025-03-28""), 66)",15.14557025200789
"(Date(""2025-03-29""), 66)",13.65405293066978
"(Date(""2025-03-30""), 66)",14.442956057082473
"(Date(""2025-03-31""), 66)",18.948313206432037
"(Date(""2025-04-01""), 66)",8.872747972919468
"(Date(""2025-04-02""), 66)",11.989851498875048
"(Date(""2025-04-03""), 66)",16.207033195650595
"(Date(""2025-04-04""), 66)",12.937315585459656
"(Date(""2025-04-05""), 66)",13.038640555756414
"(Date(""2025-04-06""), 66)",13.184426582777723
"(Date(""2025-04-07""), 66)",11.343122773087126
"(Date(""2025-04-08""), 66)",13.018488184988932
"(Date(""2025-04-09""), 66)",10.467873568002812
"(Date(""2025-04-10""), 66)",15.02513254864439
"(Date(""2025-04-11""), 66)",17.91685268853079
"(Date(""2025-04-12""), 66)",17.520796518587154
"(Date(""2025-04-13""), 66)",18.06967520030183
"(Date(""2025-04-14""), 66)",20.0520734185945
"(Date(""2025-04-15""), 66)",18.657037414009114
"(Date(""2025-04-16""), 66)",12.114181818744026
"(Date(""2025-04-17""), 66)",12.802164645032311
"(Date(""2025-04-18""), 66)",18.856903356549285
"(Date(""2025-04-19""), 66)",21.413716600187268
"(Date(""2025-04-20""), 66)",11.962014159901635
"(Date(""2025-04-21""), 66)",17.387812951602278
"(Date(""2025-04-22""), 66)",17.2728720023124
"(Date(""2025-04-23""), 66)",14.204953702446856
"(Date(""2025-04-24""), 66)",20.578497876702222
"(Date(""2025-04-25""), 66)",19.383697353120144
"(Date(""2025-04-26""), 66)",18.259123873931603
"(Date(""2025-04-27""), 66)",17.90068101227514
"(Date(""2025-04-28""), 66)",17.45567476191003
"(Date(""2025-04-29""), 66)",20.445977818522948
"(Date(""2025-04-30""), 66)",11.692405146295792
"(Date(""2025-05-01""), 66)",16.415148173201928
"(Date(""2025-05-02""), 66)",19.25018098516684
"(Date(""2025-05-03""), 66)",17.709745243144244
"(Date(""2025-05-04""), 66)",18.801199347395684
"(Date(""2025-05-05""), 66)",17.08233146059606
"(Date(""2025-05-06""), 66)",20.27948811574747
"(Date(""2025-05-07""), 66)",18.020204077852704
"(Date(""2025-05-08""), 66)",11.479827318554031
"(Date(""2025-05-09""), 66)",11.550264112548627
"(Date(""2025-05-10""), 66)",17.369345855333236
"(Date(""2025-05-11""), 66)",11.682147835001043
"(Date(""2025-05-12""), 66)",20.434360746641488
"(Date(""2025-05-13""), 66)",20.567623808050506
"(Date(""2025-05-14""), 66)",21.85600367106307
"(Date(""2025-05-15""), 66)",22.730417295482233
"(Date(""2025-05-16""), 66)",21.424477651474568
"(Date(""2025-05-17""), 66)",20.26565737164199
"(Date(""2025-05-18""), 66)",15.210467749017258
"(Date(""2025-05-19""), 66)",11.252449679616259
"(Date(""2025-05-20""), 66)",12.72480955314772
"(Date(""2025-05-21""), 66)",13.121142741856124
"(Date(""2025-05-22""), 66)",12.092130171636747
"(Date(""2025-05-23""), 66)",12.31861276494827
"(Date(""2025-05-24""), 66)",14.441352161850753
"(Date(""2025-05-25""), 66)",13.943274863961742
"(Date(""2025-05-26""), 66)",17.082356002136155
"(Date(""2025-05-27""), 66)",18.508361732810545
"(Date(""2025-05-28""), 66)",21.22336846164432
"(Date(""2025-05-29""), 66)",19.07321807519419
"(Date(""2025-05-30""), 66)",16.90094765841874
"(Date(""2025-05-31""), 66)",16.066644840839007
"(Date(""2025-06-01""), 66)",9.154692201571349
"(Date(""2025-06-02""), 66)",14.921239568698226
"(Date(""2025-06-03""), 66)",18.658720751692947
"(Date(""2025-06-04""), 66)",23.686172678937908
"(Date(""2025-06-05""), 66)",22.70844455783874
"(Date(""2025-06-06""), 66)",28.465509651042158
"(Date(""2025-06-07""), 66)",24.613358070952792
"(Date(""2025-06-08""), 66)",24.005789782338084
"(Date(""2025-06-09""), 66)",20.382203473491423
"(Date(""2025-06-10""), 66)",18.452135692086472
"(Date(""2025-06-11""), 66)",15.211690031770825
"(Date(""2025-06-12""), 66)",14.765738101995955
"(Date(""2025-06-13""), 66)",13.763712987375307
"(Date(""2025-06-14""), 66)",16.07355389219831
"(Date(""2025-06-15""), 66)",19.442852954260548
"(Date(""2025-06-16""), 66)",24.63200371852092
"(Date(""2025-06-17""), 66)",23.548919253667805
"(Date(""2025-06-18""), 66)",24.635554641728152
"(Date(""2025-06-19""), 66)",23.344191071178923
"(Date(""2025-06-20""), 66)",15.338165536624864
"(Date(""2025-06-21""), 66)",20.180514107523962
"(Date(""2025-06-22""), 66)",22.26890976700231
"(Date(""2025-06-23""), 66)",22.17974811007609
"(Date(""2025-06-24""), 66)",20.518379383666748
"(Date(""2025-06-25""), 66)",19.236798434856482
"(Date(""2025-06-26""), 66)",11.120410602095065
"(Date(""2025-06-27""), 66)",13.545057120341724
"(Date(""2025-06-28""), 66)",17.61188096301457
"(Date(""2025-06-29""), 66)",12.308812448260063
"(Date(""2025-06-30""), 66)",18.118038532982652
"(Date(""2025-07-01""), 66)",19.532726480276068
"(Date(""2025-07-02""), 66)",17.11068512276246
"(Date(""2025-07-03""), 66)",17.544901932905585
"(Date(""2025-07-04""), 66)",14.437861162132693
"(Date(""2025-07-05""), 66)",19.365868288127494
"(Date(""2025-07-06""), 66)",21.309972736130177
"(Date(""2025-07-07""), 66)",13.458828073759808
"(Date(""2025-07-08""), 66)",17.673710901342773
"(Date(""2025-07-09""), 66)",20.26319866636356
"(Date(""2025-07-10""), 66)",22.06847188775857
"(Date(""2025-07-11""), 66)",23.170325060800295
"(Date(""2025-07-12""), 66)",26.62016510260084
"(Date(""2025-07-13""), 66)",22.251042083357188
"(Date(""2025-07-14""), 66)",22.857232183899786
"(Date(""2025-07-15""), 66)",23.718529949618148
"(Date(""2025-07-16""), 66)",25.140257290955503
"(Date(""2025-07-17""), 66)",21.280248224135605
"(Date(""2025-07-18""), 66)",14.520325301176573
"(Date(""2025-07-19""), 66)",17.81208597905969
"(Date(""2025-07-20""), 66)",16.994822408938298
"(Date(""2025-07-21""), 66)",12.112824279163954
"(Date(""2025-07-22""), 66)",15.535879322202415
"(Date(""2025-07-23""), 66)",18.78948006080119
"(Date(""2025-07-24""), 66)",22.23076922271367
"(Date(""2025-07-25""), 66)",21.175875747250473
"(Date(""2025-07-26""), 66)",25.713923345257644
"(Date(""2025-07-27""), 66)",26.373760289637538
"(Date(""2025-07-28""), 66)",28.052945929305384
"(Date(""2025-07-29""), 66)",27.85702738043841
"(Date(""2025-07-30""), 66)",26.036037420603208
"(Date(""2025-07-31""), 66)",21.366611188885546
"(Date(""2025-08-01""), 66)",17.44877585828749
"(Date(""2025-08-02""), 66)",20.47972099803961
"(Date(""2025-08-03""), 66)",21.495098814060402
"(Date(""2025-08-04""), 66)",22.95036305259212
"(Date(""2025-08-05""), 66)",19.099605239130035
"(Date(""2025-08-06""), 66)",22.146556018741833
"(Date(""2025-08-07""), 66)",27.822375150509995
"(Date(""2025-08-08""), 66)",28.33207134178184
"(Date(""2025-08-09""), 66)",29.499969800837032
"(Date(""2025-08-10""), 66)",27.88834525665893
"(Date(""2025-08-11""), 66)",29.02242760651591
"(Date(""2025-08-12""), 66)",30.170774659326486
"(Date(""2025-08-13""), 66)",28.35841928653172
"(Date(""2025-08-14""), 66)",29.605074136534707
"(Date(""2025-08-15""), 66)",25.680906622743457
"(Date(""2025-08-16""), 66)",28.454621242186708
"(Date(""2025-08-17""), 66)",23.672009870099792
"(Date(""2025-08-18""), 66)",19.1441419469901
"(Date(""2025-08-19""), 66)",22.463593171115427
"(Date(""2025-08-20""), 66)",21.187552397897495
"(Date(""2025-08-21""), 66)",21.446667324940332
"(Date(""2025-08-22""), 66)",21.70511447642506
"(Date(""2025-08-23""), 66)",21.56575949296175
"(Date(""2025-08-24""), 66)",18.99684612651436
"(Date(""2025-08-25""), 66)",15.260991957462553
"(Date(""2025-08-26""), 66)",11.644145064644551
"(Date(""2025-08-27""), 66)",13.380489269009127
"(Date(""2025-08-28""), 66)",13.188597792099229
"(Date(""2025-08-29""), 66)",12.639486912326936
"(Date(""2025-08-30""), 66)",12.858990163848622
"(Date(""2025-08-31""), 66)",16.08444409945552
"(Date(""2025-09-01""), 66)",17.746194783852857
"(Date(""2025-09-02""), 66)",18.304006479070246
"(Date(""2025-09-03""), 66)",18.672448200930013
"(Date(""2025-09-04""), 66)",15.62484324548953
"(Date(""2025-09-05""), 66)",15.012287223582637
"(Date(""2025-09-06""), 66)",14.169143338739044
"(Date(""2025-09-07""), 66)",13.535335720054107
"(Date(""2025-09-08""), 66)",12.595385966532254
"(Date(""2025-09-09""), 66)",17.45375307097947
"(Date(""2025-09-10""), 66)",20.544351517387152
"(Date(""2025-09-11""), 66)",20.672725601925894
"(Date(""2025-09-12""), 66)",20.44793764667962
"(Date(""2025-09-13""), 66)",25.51348592719937
"(Date(""2025-09-14""), 66)",23.592995254594392
"(Date(""2025-09-15""), 66)",19.50366910061129
"(Date(""2025-09-16""), 66)",22.150310814376972
"(Date(""2025-09-17""), 66)",25.564512507631644
"(Date(""2025-09-18""), 66)",20.402473404185642
"(Date(""2025-09-19""), 66)",16.604837417604582
"(Date(""2025-09-20""), 66)",16.7692814465958
"(Date(""2025-09-21""), 66)",18.45906286060048
"(Date(""2025-09-22""), 66)",20.384688792413584
"(Date(""2025-09-23""), 66)",25.817719141842083
"(Date(""2025-09-24""), 66)",17.06926073305831
"(Date(""2025-09-25""), 66)",20.234647911471313
"(Date(""2025-09-26""), 66)",17.23267724642031
"(Date(""2025-09-27""), 66)",16.289319072966926
"(Date(""2025-09-28""), 66)",18.27590265741233
"(Date(""2025-09-29""), 66)",16.10820094707406
"(Date(""2025-09-30""), 66)",13.779219498521242
"(Date(""2025-10-01""), 66)",13.36787601778717
"(Date(""2025-10-02""), 66)",16.450156512638017
"(Date(""2025-10-03""), 66)",19.50568798152739
"(Date(""2025-10-04""), 66)",22.141592285101225
"(Date(""2025-10-05""), 66)",23.986661183571606
"(Date(""2025-10-06""), 66)",24.032875630683428
"(Date(""2025-10-07""), 66)",22.592750673392572
"(Date(""2025-10-08""), 66)",18.378612244437164
"(Date(""2025-10-09""), 66)",15.48643625295595
"(Date(""2025-10-10""), 66)",19.79047164097818
"(Date(""2025-10-11""), 66)",21.47053788139475
"(Date(""2025-10-12""), 66)",19.110160379270628
"(Date(""2025-10-13""), 66)",18.694059135165947
"(Date(""2025-10-14""), 66)",20.49866449182055
"(Date(""2025-10-15""), 66)",13.759317876907156
"(Date(""2025-10-16""), 66)",14.00064736824246
"(Date(""2025-10-17""), 66)",16.314415596540176
"(Date(""2025-10-18""), 66)",17.88555905476402
"(Date(""2025-10-19""), 66)",18.62134509895503
"(Date(""2025-10-20""), 66)",19.335829552649535
"(Date(""2025-10-21""), 66)",15.347257153340758
"(Date(""2025-10-22""), 66)",14.282381387233862
"(Date(""2025-10-23""), 66)",15.078690466426117
"(Date(""2025-10-24""), 66)",15.453955498010826
"(Date(""2025-10-25""), 66)",12.488586890556753
"(Date(""2025-10-26""), 66)",13.454857189671891
"(Date(""2025-10-27""), 66)",15.845440875383634
"(Date(""2025-10-28""), 66)",14.655587679893676
"(Date(""2025-10-29""), 66)",14.600170410496046
"(Date(""2025-10-30""), 66)",16.510893938591607
"(Date(""2025-10-31""), 66)",12.426029429166887
"(Date(""2025-11-01""), 66)",11.992340833619828
"(Date(""2025-11-02""), 66)",12.800302461271317
"(Date(""2025-11-03""), 66)",13.155807469178727
"(Date(""2025-11-04""), 66)",11.225959074742377
"(Date(""2025-11-05""), 66)",14.150930114066464
"(Date(""2025-11-06""), 66)",12.397976997780537
"(Date(""2025-11-07""), 66)",14.994624783582235
"(Date(""2025-11-08""), 66)",14.56386744282964
"(Date(""2025-11-09""), 66)",11.629867058850337
"(Date(""2025-11-10""), 66)",17.938938281414572
"(Date(""2025-11-11""), 66)",8.806697231119946
"(Date(""2025-11-12""), 66)",17.462914400186275
"(Date(""2025-11-13""), 66)",16.91066693310782
"(Date(""2025-11-14""), 66)",15.065513045870512
"(Date(""2025-11-15""), 66)",14.267546285236218
"(Date(""2025-11-16""), 66)",14.524214051843577
"(Date(""2025-11-17""), 66)",10.14517289409482
"(Date(""2025-11-18""), 66)",11.6568932127457
"(Date(""2025-11-19""), 66)",14.67704734636557
"(Date(""2025-11-20""), 66)",22.22045810674367
"(Date(""2025-11-21""), 66)",22.83764226355165
"(Date(""2025-11-22""), 66)",19.312686026630193
"(Date(""2025-11-23""), 66)",26.18291491030897
"(Date(""2025-11-24""), 66)",21.44450080729247
"(Date(""2025-11-25""), 66)",21.924341433322137
"(Date(""2025-11-26""), 66)",23.0997419893129
"(Date(""2025-11-27""), 66)",14.39327933896923
"(Date(""2025-11-28""), 66)",12.962753775056688
"(Date(""2025-11-29""), 66)",13.801625687288906
"(Date(""2025-11-30""), 66)",16.60914922165095
"(Date(""2025-12-01""), 66)",14.062116326956248
"(Date(""2025-12-02""), 66)",17.908583467687503
"(Date(""2025-12-03""), 66)",18.6858543451695
"(Date(""2025-12-04""), 66)",14.584410942896257
"(Date(""2025-12-05""), 66)",18.034472885454047
"(Date(""2025-12-06""), 66)",22.85874496336403
"(Date(""2025-12-07""), 66)",20.79516971470861
"(Date(""2025-12-08""), 66)",16.42883150562832
"(Date(""2025-12-09""), 66)",25.70724978796924
"(Date(""2025-12-10""), 66)",28.55125711642421
"(Date(""2025-12-11""), 66)",16.576401045227236
"(Date(""2025-12-12""), 66)",17.121269021708606
"(Date(""2025-12-13""), 66)",26.177736053429598
"(Date(""2025-12-14""), 66)",20.722599621232696
"(Date(""2025-12-15""), 66)",22.72912171719158
"(Date(""2025-12-16""), 66)",24.659857648453354
"(Date(""2025-12-17""), 66)",21.19919331945826
"(Date(""2025-12-18""), 66)",21.45253721540013
"(Date(""2025-12-19""), 66)",18.31389542661502
"(Date(""2025-12-20""), 66)",16.04961837306726
"(Date(""2025-12-21""), 66)",15.618735043313558
"(Date(""2025-12-22""), 66)",18.388568434435822
"(Date(""2025-12-23""), 66)",19.34385096659232
"(Date(""2025-12-24""), 66)",19.569240925271775
"(Date(""2025-12-25""), 66)",18.51822832020299
"(Date(""2025-12-26""), 66)",16.752821986280093
"(Date(""2025-12-27""), 66)",19.972069400262438
"(Date(""2025-12-28""), 66)",23.379803590433788
"(Date(""2025-12-29""), 66)",20.403714848233452
"(Date(""2025-12-30""), 66)",12.320572979738738
"(Date(""2025-12-31""), 66)",16.545384353156877
"(Date(""2025-01-01""), 80)",41.94150202718958
"(Date(""2025-01-02""), 80)",22.048761467991522
"(Date(""2025-01-03""), 80)",15.54778993348924
"(Date(""2025-01-04""), 80)",18.787721411721876
"(Date(""2025-01-05""), 80)",14.059199193303728
"(Date(""2025-01-06""), 80)",16.554749792368874
"(Date(""2025-01-07""), 80)",15.969126973844313
"(Date(""2025-01-08""), 80)",13.14410926496633
"(Date(""2025-01-09""), 80)",12.355995089936817
"(Date(""2025-01-10""), 80)",13.513260481713353
"(Date(""2025-01-11""), 80)",22.646523319722256
"(Date(""2025-01-12""), 80)",17.37250084875691
"(Date(""2025-01-13""), 80)",28.86575743711085
"(Date(""2025-01-14""), 80)",15.576932350352784
"(Date(""2025-01-15""), 80)",19.427268075043752
"(Date(""2025-01-16""), 80)",25.295892407538418
"(Date(""2025-01-17""), 80)",24.63868690521027
"(Date(""2025-01-18""), 80)",22.102988725197275
"(Date(""2025-01-19""), 80)",19.917496640593708
"(Date(""2025-01-20""), 80)",16.889688986579618
"(Date(""2025-01-21""), 80)",19.52347255610267
"(Date(""2025-01-22""), 80)",19.984002339369688
"(Date(""2025-01-23""), 80)",24.640769962190106
"(Date(""2025-01-24""), 80)",19.586841681312464
"(Date(""2025-01-25""), 80)",25.706115321152083
"(Date(""2025-01-26""), 80)",23.12202262581329
"(Date(""2025-01-27""), 80)",17.059651400382673
"(Date(""2025-01-28""), 80)",15.431693464957213
"(Date(""2025-01-29""), 80)",18.40924654789409
"(Date(""2025-01-30""), 80)",15.84188706247119
"(Date(""2025-01-31""), 80)",23.30542637305861
"(Date(""2025-02-01""), 80)",16.474887729872208
"(Date(""2025-02-02""), 80)",20.882634523522515
"(Date(""2025-02-03""), 80)",31.403071655076126
"(Date(""2025-02-04""), 80)",20.478043492790288
"(Date(""2025-02-05""), 80)",19.114263744102217
"(Date(""2025-02-06""), 80)",28.66488201889093
"(Date(""2025-02-07""), 80)",19.50877200099297
"(Date(""2025-02-08""), 80)",22.82124243897369
"(Date(""2025-02-09""), 80)",24.096383524174485
"(Date(""2025-02-10""), 80)",18.369850013139697
"(Date(""2025-02-11""), 80)",19.085596024184113
"(Date(""2025-02-12""), 80)",15.52116441610992
"(Date(""2025-02-13""), 80)",18.257376158782133
"(Date(""2025-02-14""), 80)",16.090264178252788
"(Date(""2025-02-15""), 80)",18.47112915826279
"(Date(""2025-02-16""), 80)",11.712287623188875
"(Date(""2025-02-17""), 80)",9.024753804644982
"(Date(""2025-02-18""), 80)",8.776630862619133
"(Date(""2025-02-19""), 80)",10.288143674538372
"(Date(""2025-02-20""), 80)",15.21569649967862
"(Date(""2025-02-21""), 80)",14.221991196256631
"(Date(""2025-02-22""), 80)",18.427798142822326
"(Date(""2025-02-23""), 80)",19.92443788735582
"(Date(""2025-02-24""), 80)",20.745377601023364
"(Date(""2025-02-25""), 80)",23.34005869800187
"(Date(""2025-02-26""), 80)",19.056313432193075
"(Date(""2025-02-27""), 80)",23.483206226225068
"(Date(""2025-02-28""), 80)",14.316495199363532
"(Date(""2025-03-01""), 80)",19.222639245869757
"(Date(""2025-03-02""), 80)",11.865645903327541
"(Date(""2025-03-03""), 80)",20.815214687719553
"(Date(""2025-03-04""), 80)",29.242397579166497
"(Date(""2025-03-05""), 80)",24.269858123630566
"(Date(""2025-03-06""), 80)",18.991838204095153
"(Date(""2025-03-07""), 80)",11.887813465984543
"(Date(""2025-03-08""), 80)",13.082401691737173
"(Date(""2025-03-09""), 80)",16.427642270130036
"(Date(""2025-03-10""), 80)",18.426635419440522
"(Date(""2025-03-11""), 80)",19.04151629306955
"(Date(""2025-03-12""), 80)",17.22775344425695
"(Date(""2025-03-13""), 80)",20.678256232192012
"(Date(""2025-03-14""), 80)",27.356495439402472
"(Date(""2025-03-15""), 80)",27.476583973105964
"(Date(""2025-03-16""), 80)",26.34165283917365
"(Date(""2025-03-17""), 80)",21.607726861013067
"(Date(""2025-03-18""), 80)",20.951747616601605
"(Date(""2025-03-19""), 80)",23.61349554777879
"(Date(""2025-03-20""), 80)",21.894788440200113
"(Date(""2025-03-21""), 80)",14.967547535029457
"(Date(""2025-03-22""), 80)",18.172683031783404
"(Date(""2025-03-23""), 80)",13.76030254735101
"(Date(""2025-03-24""), 80)",19.466339436968934
"(Date(""2025-03-25""), 80)",17.507539479032584
"(Date(""2025-03-26""), 80)",15.358071281135533
"(Date(""2025-03-27""), 80)",14.208794793651277
"(Date(""2025-03-28""), 80)",13.861184567937737
"(Date(""2025-03-29""), 80)",12.698058363118133
"(Date(""2025-03-30""), 80)",13.898750618154466
"(Date(""2025-03-31""), 80)",18.448621129269082
"(Date(""2025-04-01""), 80)",8.368937110859067
"(Date(""2025-04-02""), 80)",11.354443484081886
"(Date(""2025-04-03""), 80)",15.637017669715675
"(Date(""2025-04-04""), 80)",11.790688108864758
"(Date(""2025-04-05""), 80)",12.020549845085137
"(Date(""2025-04-06""), 80)",12.053718324453776
"(Date(""2025-04-07""), 80)",10.314947384413907
"(Date(""2025-04-08""), 80)",11.570880017783463
"(Date(""2025-04-09""), 80)",8.53813655918489
"(Date(""2025-04-10""), 80)",12.987895909574835
"(Date(""2025-04-11""), 80)",15.062932491979991
"(Date(""2025-04-12""), 80)",16.568130411724535
"(Date(""2025-04-13""), 80)",16.642461348923767
"(Date(""2025-04-14""), 80)",17.989132833782715
"(Date(""2025-04-15""), 80)",16.150067494360393
"(Date(""2025-04-16""), 80)",10.171526993552545
"(Date(""2025-04-17""), 80)",11.248217881393384
"(Date(""2025-04-18""), 80)",17.27116197531956
"(Date(""2025-04-19""), 80)",19.348893742312224
"(Date(""2025-04-20""), 80)",10.19585176372721
"(Date(""2025-04-21""), 80)",15.854146929968012
"(Date(""2025-04-22""), 80)",16.223261945867968
"(Date(""2025-04-23""), 80)",13.683234851977238
"(Date(""2025-04-24""), 80)",19.70545329031833
"(Date(""2025-04-25""), 80)",18.64870960325898
"(Date(""2025-04-26""), 80)",17.505293442626453
"(Date(""2025-04-27""), 80)",18.300768289786078
"(Date(""2025-04-28""), 80)",17.68491968596613
"(Date(""2025-04-29""), 80)",20.553580231703926
"(Date(""2025-04-30""), 80)",11.82990725791265
"(Date(""2025-05-01""), 80)",16.69167182126435
"(Date(""2025-05-02""), 80)",19.48696849546747
"(Date(""2025-05-03""), 80)",17.612980009100905
"(Date(""2025-05-04""), 80)",18.72959147203695
"(Date(""2025-05-05""), 80)",17.113565893731213
"(Date(""2025-05-06""), 80)",20.239402912199868
"(Date(""2025-05-07""), 80)",18.607599170610193
"(Date(""2025-05-08""), 80)",12.480893776613222
"(Date(""2025-05-09""), 80)",13.074980535431877
"(Date(""2025-05-10""), 80)",18.32682144558948
"(Date(""2025-05-11""), 80)",12.396475659090576
"(Date(""2025-05-12""), 80)",20.238402374695745
"(Date(""2025-05-13""), 80)",19.456107494065584
"(Date(""2025-05-14""), 80)",20.285440502173564
"(Date(""2025-05-15""), 80)",20.798423683164827
"(Date(""2025-05-16""), 80)",19.94272295246898
"(Date(""2025-05-17""), 80)",18.565819586128555
"(Date(""2025-05-18""), 80)",14.867846708907408
"(Date(""2025-05-19""), 80)",11.856055665037896
"(Date(""2025-05-20""), 80)",13.795992483326442
"(Date(""2025-05-21""), 80)",14.282705436388984
"(Date(""2025-05-22""), 80)",13.190802135887598
"(Date(""2025-05-23""), 80)",13.550379903860803
"(Date(""2025-05-24""), 80)",16.090288687530986
"(Date(""2025-05-25""), 80)",15.179484942457966
"(Date(""2025-05-26""), 80)",17.716674430396296
"(Date(""2025-05-27""), 80)",18.02195519903051
"(Date(""2025-05-28""), 80)",20.50150215164636
"(Date(""2025-05-29""), 80)",18.517035525991773
"(Date(""2025-05-30""), 80)",16.815647595615328
"(Date(""2025-05-31""), 80)",15.920852084858865
"(Date(""2025-06-01""), 80)",9.579078434447084
"(Date(""2025-06-02""), 80)",15.05598061941378
"(Date(""2025-06-03""), 80)",19.09409269647305
"(Date(""2025-06-04""), 80)",23.25001050724332
"(Date(""2025-06-05""), 80)",22.649579779838827
"(Date(""2025-06-06""), 80)",26.496326979618022
"(Date(""2025-06-07""), 80)",23.710399524123318
"(Date(""2025-06-08""), 80)",22.39894922397538
"(Date(""2025-06-09""), 80)",20.211029232899147
"(Date(""2025-06-10""), 80)",18.404971105883778
"(Date(""2025-06-11""), 80)",15.370708157254867
"(Date(""2025-06-12""), 80)",15.507097988923716
"(Date(""2025-06-13""), 80)",14.613351757987123
"(Date(""2025-06-14""), 80)",16.842988297962464
"(Date(""2025-06-15""), 80)",19.617541240925302
"(Date(""2025-06-16""), 80)",23.84797466813552
"(Date(""2025-06-17""), 80)",23.38369920687226
"(Date(""2025-06-18""), 80)",24.269783570954473
"(Date(""2025-06-19""), 80)",23.765152310268103
"(Date(""2025-06-20""), 80)",14.976112964646422
"(Date(""2025-06-21""), 80)",20.437296406219755
"(Date(""2025-06-22""), 80)",22.48465392113735
"(Date(""2025-06-23""), 80)",22.735999237371605
"(Date(""2025-06-24""), 80)",21.242551972181793
"(Date(""2025-06-25""), 80)",20.649514343926167
"(Date(""2025-06-26""), 80)",12.884772933238512
"(Date(""2025-06-27""), 80)",15.787372372449603
"(Date(""2025-06-28""), 80)",18.491770311948542
"(Date(""2025-06-29""), 80)",13.191293848430037
"(Date(""2025-06-30""), 80)",18.889659578149235
"(Date(""2025-07-01""), 80)",19.95097521566968
"(Date(""2025-07-02""), 80)",17.491819899895567
"(Date(""2025-07-03""), 80)",17.882585789391637
"(Date(""2025-07-04""), 80)",14.639068201532796
"(Date(""2025-07-05""), 80)",19.542035353283605
"(Date(""2025-07-06""), 80)",21.435668762532508
"(Date(""2025-07-07""), 80)",13.555448199480427
"(Date(""2025-07-08""), 80)",17.7668603257326
"(Date(""2025-07-09""), 80)",20.322368961366678
"(Date(""2025-07-10""), 80)",22.118085324236837
"(Date(""2025-07-11""), 80)",23.213741893715092
"(Date(""2025-07-12""), 80)",26.42235600148673
"(Date(""2025-07-13""), 80)",23.117197020480056
"(Date(""2025-07-14""), 80)",23.30370709434625
"(Date(""2025-07-15""), 80)",23.707055978136975
"(Date(""2025-07-16""), 80)",24.86205514149886
"(Date(""2025-07-17""), 80)",21.185702578400363
"(Date(""2025-07-18""), 80)",15.320434767597936
"(Date(""2025-07-19""), 80)",18.566579859547133
"(Date(""2025-07-20""), 80)",18.010111303058604
"(Date(""2025-07-21""), 80)",13.26752108666719
"(Date(""2025-07-22""), 80)",16.668038971044947
"(Date(""2025-07-23""), 80)",19.677078769759312
"(Date(""2025-07-24""), 80)",22.533837439942296
"(Date(""2025-07-25""), 80)",21.270276368312423
"(Date(""2025-07-26""), 80)",24.673944969576276
"(Date(""2025-07-27""), 80)",25.004008212760215
"(Date(""2025-07-28""), 80)",26.507302774549537
"(Date(""2025-07-29""), 80)",26.58268045802556
"(Date(""2025-07-30""), 80)",25.287587962552312
"(Date(""2025-07-31""), 80)",21.57289133947837
"(Date(""2025-08-01""), 80)",17.51816870030624
"(Date(""2025-08-02""), 80)",20.748044365236655
"(Date(""2025-08-03""), 80)",21.364614721408657
"(Date(""2025-08-04""), 80)",23.47761993065041
"(Date(""2025-08-05""), 80)",19.134833230904096
"(Date(""2025-08-06""), 80)",23.278344033797886
"(Date(""2025-08-07""), 80)",26.10646725929484
"(Date(""2025-08-08""), 80)",27.333913626918935
"(Date(""2025-08-09""), 80)",27.114086662902743
"(Date(""2025-08-10""), 80)",26.73685527281714
"(Date(""2025-08-11""), 80)",27.737063379263763
"(Date(""2025-08-12""), 80)",28.37712648771308
"(Date(""2025-08-13""), 80)",25.800251855431984
"(Date(""2025-08-14""), 80)",25.903038403368328
"(Date(""2025-08-15""), 80)",21.721377232111987
"(Date(""2025-08-16""), 80)",25.080499761134426
"(Date(""2025-08-17""), 80)",20.500187249518635
"(Date(""2025-08-18""), 80)",17.008273177787764
"(Date(""2025-08-19""), 80)",20.07272569706988
"(Date(""2025-08-20""), 80)",19.65671315460513
"(Date(""2025-08-21""), 80)",19.41714762005092
"(Date(""2025-08-22""), 80)",20.58010519795125
"(Date(""2025-08-23""), 80)",20.386746925573252
"(Date(""2025-08-24""), 80)",18.632080463679124
"(Date(""2025-08-25""), 80)",15.49481965058581
"(Date(""2025-08-26""), 80)",12.245437299273247
"(Date(""2025-08-27""), 80)",14.12682997316734
"(Date(""2025-08-28""), 80)",13.94495711274473
"(Date(""2025-08-29""), 80)",13.495714326854372
"(Date(""2025-08-30""), 80)",13.79886602126305
"(Date(""2025-08-31""), 80)",16.816728073118494
"(Date(""2025-09-01""), 80)",17.955709275608633
"(Date(""2025-09-02""), 80)",18.109626578697174
"(Date(""2025-09-03""), 80)",18.310057289432166
"(Date(""2025-09-04""), 80)",15.629407288635962
"(Date(""2025-09-05""), 80)",15.45838015948827
"(Date(""2025-09-06""), 80)",15.067426243113875
"(Date(""2025-09-07""), 80)",14.011239253371004
"(Date(""2025-09-08""), 80)",12.706634918249565
"(Date(""2025-09-09""), 80)",16.195468152167436
"(Date(""2025-09-10""), 80)",18.175534233781175
"(Date(""2025-09-11""), 80)",17.392139155519327
"(Date(""2025-09-12""), 80)",16.480797402002125
"(Date(""2025-09-13""), 80)",21.794981889641594
"(Date(""2025-09-14""), 80)",21.005841764489215
"(Date(""2025-09-15""), 80)",16.75984971702261
"(Date(""2025-09-16""), 80)",19.47168221548581
"(Date(""2025-09-17""), 80)",22.351817136486456
"(Date(""2025-09-18""), 80)",18.691329884695367
"(Date(""2025-09-19""), 80)",15.356192489399135
"(Date(""2025-09-20""), 80)",16.00930484282621
"(Date(""2025-09-21""), 80)",17.784236767881005
"(Date(""2025-09-22""), 80)",19.38133334738274
"(Date(""2025-09-23""), 80)",23.95185800862965
"(Date(""2025-09-24""), 80)",15.32349512892691
"(Date(""2025-09-25""), 80)",18.392240383903754
"(Date(""2025-09-26""), 80)",16.387248225672707
"(Date(""2025-09-27""), 80)",15.814238533177617
"(Date(""2025-09-28""), 80)",18.063735678038636
"(Date(""2025-09-29""), 80)",15.829101859941094
"(Date(""2025-09-30""), 80)",13.8145272750049
"(Date(""2025-10-01""), 80)",13.261798286061827
"(Date(""2025-10-02""), 80)",16.39621583586815
"(Date(""2025-10-03""), 80)",18.944874020035375
"(Date(""2025-10-04""), 80)",20.831025622555728
"(Date(""2025-10-05""), 80)",22.001122695541394
"(Date(""2025-10-06""), 80)",21.32437363231806
"(Date(""2025-10-07""), 80)",19.880768956894563
"(Date(""2025-10-08""), 80)",16.243259869155864
"(Date(""2025-10-09""), 80)",14.133152595119764
"(Date(""2025-10-10""), 80)",18.978191040840144
"(Date(""2025-10-11""), 80)",19.906495938947007
"(Date(""2025-10-12""), 80)",17.36727416590226
"(Date(""2025-10-13""), 80)",17.18592598599605
"(Date(""2025-10-14""), 80)",19.27339120748278
"(Date(""2025-10-15""), 80)",13.40176817772911
"(Date(""2025-10-16""), 80)",13.751826087606997
"(Date(""2025-10-17""), 80)",16.322314991119462
"(Date(""2025-10-18""), 80)",17.937678638685544
"(Date(""2025-10-19""), 80)",18.570963474374025
"(Date(""2025-10-20""), 80)",19.72021210965138
"(Date(""2025-10-21""), 80)",15.346594167337301
"(Date(""2025-10-22""), 80)",14.167353964230076
"(Date(""2025-10-23""), 80)",15.168233501479218
"(Date(""2025-10-24""), 80)",16.02228835745774
"(Date(""2025-10-25""), 80)",13.620654639578612
"(Date(""2025-10-26""), 80)",15.015010089445818
"(Date(""2025-10-27""), 80)",17.474805376762564
"(Date(""2025-10-28""), 80)",15.83260076809361
"(Date(""2025-10-29""), 80)",15.338101657358713
"(Date(""2025-10-30""), 80)",17.02208046539369
"(Date(""2025-10-31""), 80)",13.027646346769519
"(Date(""2025-11-01""), 80)",12.987397680859896
"(Date(""2025-11-02""), 80)",13.79605037848577
"(Date(""2025-11-03""), 80)",14.217546423327518
"(Date(""2025-11-04""), 80)",12.178846860184201
"(Date(""2025-11-05""), 80)",15.368798219535007
"(Date(""2025-11-06""), 80)",13.564796002390207
"(Date(""2025-11-07""), 80)",15.843587529486427
"(Date(""2025-11-08""), 80)",15.605575792699366
"(Date(""2025-11-09""), 80)",12.425671537034402
"(Date(""2025-11-10""), 80)",19.401131843708566
"(Date(""2025-11-11""), 80)",10.103977611756472
"(Date(""2025-11-12""), 80)",18.806539497368757
"(Date(""2025-11-13""), 80)",18.361683971356207
"(Date(""2025-11-14""), 80)",16.2741602721258
"(Date(""2025-11-15""), 80)",15.796392467601256
"(Date(""2025-11-16""), 80)",15.71785797780269
"(Date(""2025-11-17""), 80)",11.65438653483116
"(Date(""2025-11-18""), 80)",12.99709733646701
"(Date(""2025-11-19""), 80)",15.336486644015643
"(Date(""2025-11-20""), 80)",22.172930174513095
"(Date(""2025-11-21""), 80)",22.319585304420308
"(Date(""2025-11-22""), 80)",19.056546036383928
"(Date(""2025-11-23""), 80)",25.36791057064542
"(Date(""2025-11-24""), 80)",20.976436966944473
"(Date(""2025-11-25""), 80)",20.69629407457878
"(Date(""2025-11-26""), 80)",21.904249684052164
"(Date(""2025-11-27""), 80)",13.048233876523593
"(Date(""2025-11-28""), 80)",12.183376946121177
"(Date(""2025-11-29""), 80)",12.633583643533095
"(Date(""2025-11-30""), 80)",15.17928135665672
"(Date(""2025-12-01""), 80)",12.1610928475592
"(Date(""2025-12-02""), 80)",15.731969151452656
"(Date(""2025-12-03""), 80)",16.74643228409886
"(Date(""2025-12-04""), 80)",13.181755474258226
"(Date(""2025-12-05""), 80)",16.87540483799417
"(Date(""2025-12-06""), 80)",21.72697764273043
"(Date(""2025-12-07""), 80)",18.889452600115455
"(Date(""2025-12-08""), 80)",14.41999864746774
"(Date(""2025-12-09""), 80)",23.00247998333732
"(Date(""2025-12-10""), 80)",26.4334751407201
"(Date(""2025-12-11""), 80)",14.4443125573231
"(Date(""2025-12-12""), 80)",15.573941108849025
"(Date(""2025-12-13""), 80)",24.728067854982452
"(Date(""2025-12-14""), 80)",19.929168581975738
"(Date(""2025-12-15""), 80)",21.590195728294404
"(Date(""2025-12-16""), 80)",23.81428387076922
"(Date(""2025-12-17""), 80)",20.575589330292626
"(Date(""2025-12-18""), 80)",21.365025977952016
"(Date(""2025-12-19""), 80)",18.371134092823524
"(Date(""2025-12-20""), 80)",15.69287676677247
"(Date(""2025-12-21""), 80)",15.247933145206623
"(Date(""2025-12-22""), 80)",17.495730670401343
"(Date(""2025-12-23""), 80)",18.765905623056256
"(Date(""2025-12-24""), 80)",18.64472781672807
"(Date(""2025-12-25""), 80)",17.751929416029405
"(Date(""2025-12-26""), 80)",15.020225202160942
"(Date(""2025-12-27""), 80)",18.427620059436073
"(Date(""2025-12-28""), 80)",21.384410400430717
"(Date(""2025-12-29""), 80)",19.256406436168735
"(Date(""2025-12-30""), 80)",11.1909410906056
"(Date(""2025-12-31""), 80)",15.211494383398788
"(Date(""2025-01-01""), 103)",41.53123358704435
"(Date(""2025-01-02""), 103)",21.534374280840034
"(Date(""2025-01-03""), 103)",15.989580897582547
"(Date(""2025-01-04""), 103)",19.365582862566367
"(Date(""2025-01-05""), 103)",14.779853797878955
"(Date(""2025-01-06""), 103)",17.355806265387223
"(Date(""2025-01-07""), 103)",16.995743027008377
"(Date(""2025-01-08""), 103)",14.389188405012488
"(Date(""2025-01-09""), 103)",13.814581776318082
"(Date(""2025-01-10""), 103)",14.518910273973338
"(Date(""2025-01-11""), 103)",23.57379342068729
"(Date(""2025-01-12""), 103)",17.5728477210905
"(Date(""2025-01-13""), 103)",29.39376602734002
"(Date(""2025-01-14""), 103)",15.828128687801671
"(Date(""2025-01-15""), 103)",19.852733982026407
"(Date(""2025-01-16""), 103)",25.301486406941606
"(Date(""2025-01-17""), 103)",24.61235084906421
"(Date(""2025-01-18""), 103)",21.402520669018983
"(Date(""2025-01-19""), 103)",19.462226990070686
"(Date(""2025-01-20""), 103)",16.901796435378003
"(Date(""2025-01-21""), 103)",19.84858035183265
"(Date(""2025-01-22""), 103)",20.506360755641342
"(Date(""2025-01-23""), 103)",23.63637781465428
"(Date(""2025-01-24""), 103)",19.390706598639145
"(Date(""2025-01-25""), 103)",25.0029246173061
"(Date(""2025-01-26""), 103)",23.0159719350206
"(Date(""2025-01-27""), 103)",16.49134232169139
"(Date(""2025-01-28""), 103)",14.843953000892904
"(Date(""2025-01-29""), 103)",18.042102043215422
"(Date(""2025-01-30""), 103)",15.395154833704852
"(Date(""2025-01-31""), 103)",22.85786917232778
"(Date(""2025-02-01""), 103)",16.672326430446997
"(Date(""2025-02-02""), 103)",21.294065529149496
"(Date(""2025-02-03""), 103)",32.12636536682133
"(Date(""2025-02-04""), 103)",21.0289395696133
"(Date(""2025-02-05""), 103)",20.178512317105167
"(Date(""2025-02-06""), 103)",30.07774016586137
"(Date(""2025-02-07""), 103)",20.062342931264222
"(Date(""2025-02-08""), 103)",23.108821176265465
"(Date(""2025-02-09""), 103)",24.979302220246517
"(Date(""2025-02-10""), 103)",19.275181795960044
"(Date(""2025-02-11""), 103)",20.695369800879284
"(Date(""2025-02-12""), 103)",16.941723547199516
"(Date(""2025-02-13""), 103)",20.004525034269527
"(Date(""2025-02-14""), 103)",18.65340935924398
"(Date(""2025-02-15""), 103)",21.834847321034296
"(Date(""2025-02-16""), 103)",14.568238410059852
"(Date(""2025-02-17""), 103)",11.203947396102254
"(Date(""2025-02-18""), 103)",10.419111738635818
"(Date(""2025-02-19""), 103)",11.490063430246305
"(Date(""2025-02-20""), 103)",16.201572654696637
"(Date(""2025-02-21""), 103)",15.364926269204002
"(Date(""2025-02-22""), 103)",19.32238827610245
"(Date(""2025-02-23""), 103)",21.037891940873703
"(Date(""2025-02-24""), 103)",20.851451001013718
"(Date(""2025-02-25""), 103)",23.730283740045437
"(Date(""2025-02-26""), 103)",19.60105758729515
"(Date(""2025-02-27""), 103)",24.408826096219705
"(Date(""2025-02-28""), 103)",15.084936850323423
"(Date(""2025-03-01""), 103)",20.203896538454682
"(Date(""2025-03-02""), 103)",13.137157787811834
"(Date(""2025-03-03""), 103)",22.366427573508194
"(Date(""2025-03-04""), 103)",29.376479562703818
"(Date(""2025-03-05""), 103)",23.931271704270888
"(Date(""2025-03-06""), 103)",18.413120976141233
"(Date(""2025-03-07""), 103)",12.030451333821858
"(Date(""2025-03-08""), 103)",13.6230851634145
"(Date(""2025-03-09""), 103)",17.074544750005472
"(Date(""2025-03-10""), 103)",18.76630534341749
"(Date(""2025-03-11""), 103)",19.113584858738324
"(Date(""2025-03-12""), 103)",17.27675772212946
"(Date(""2025-03-13""), 103)",20.991147051494416
"(Date(""2025-03-14""), 103)",26.726376480960962
"(Date(""2025-03-15""), 103)",27.16444927681212
"(Date(""2025-03-16""), 103)",25.21073353760679
"(Date(""2025-03-17""), 103)",21.539613094069434
"(Date(""2025-03-18""), 103)",20.176182088548327
"(Date(""2025-03-19""), 103)",23.722536151992013
"(Date(""2025-03-20""), 103)",21.712128975459663
"(Date(""2025-03-21""), 103)",15.007810254203541
"(Date(""2025-03-22""), 103)",18.15521335623995
"(Date(""2025-03-23""), 103)",14.102561074729287
"(Date(""2025-03-24""), 103)",19.470305050503516
"(Date(""2025-03-25""), 103)",17.57659817134742
"(Date(""2025-03-26""), 103)",14.867483767638827
"(Date(""2025-03-27""), 103)",14.604982508084039
"(Date(""2025-03-28""), 103)",14.520833999132371
"(Date(""2025-03-29""), 103)",13.41477676694189
"(Date(""2025-03-30""), 103)",14.312530356347288
"(Date(""2025-03-31""), 103)",18.566026675519726
"(Date(""2025-04-01""), 103)",9.162465289822967
"(Date(""2025-04-02""), 103)",12.061416053544331
"(Date(""2025-04-03""), 103)",16.36887605330927
"(Date(""2025-04-04""), 103)",12.648941144170442
"(Date(""2025-04-05""), 103)",12.903295654813114
"(Date(""2025-04-06""), 103)",13.156259617966858
"(Date(""2025-04-07""), 103)",11.249400208732443
"(Date(""2025-04-08""), 103)",12.40293670076819
"(Date(""2025-04-09""), 103)",10.25859528895131
"(Date(""2025-04-10""), 103)",15.054455219807044
"(Date(""2025-04-11""), 103)",18.306661521642532
"(Date(""2025-04-12""), 103)",17.876598371599435
"(Date(""2025-04-13""), 103)",18.595139233997216
"(Date(""2025-04-14""), 103)",20.706459026541452
"(Date(""2025-04-15""), 103)",18.873944445746393
"(Date(""2025-04-16""), 103)",12.199607846715288
"(Date(""2025-04-17""), 103)",13.37447620717544
"(Date(""2025-04-18""), 103)",18.733129098322422
"(Date(""2025-04-19""), 103)",21.372574731759467
"(Date(""2025-04-20""), 103)",11.138048970421515
"(Date(""2025-04-21""), 103)",16.72857748400534
"(Date(""2025-04-22""), 103)",16.508347105633927
"(Date(""2025-04-23""), 103)",13.704448147614913
"(Date(""2025-04-24""), 103)",20.205556541386798
"(Date(""2025-04-25""), 103)",18.905467700503543
"(Date(""2025-04-26""), 103)",17.8355829161843
"(Date(""2025-04-27""), 103)",17.691892631108132
"(Date(""2025-04-28""), 103)",17.816574188205383
"(Date(""2025-04-29""), 103)",21.051837700812353
"(Date(""2025-04-30""), 103)",12.655048943370685
"(Date(""2025-05-01""), 103)",16.842493395628065
"(Date(""2025-05-02""), 103)",19.03423953396262
"(Date(""2025-05-03""), 103)",16.872701376638556
"(Date(""2025-05-04""), 103)",17.824471104819125
"(Date(""2025-05-05""), 103)",16.110916596587725
"(Date(""2025-05-06""), 103)",19.660898273839614
"(Date(""2025-05-07""), 103)",17.74748687614087
"(Date(""2025-05-08""), 103)",11.883301273365827
"(Date(""2025-05-09""), 103)",11.924564885955599
"(Date(""2025-05-10""), 103)",17.206238449589588
"(Date(""2025-05-11""), 103)",11.483358943484745
"(Date(""2025-05-12""), 103)",19.72891866708994
"(Date(""2025-05-13""), 103)",19.757448393022575
"(Date(""2025-05-14""), 103)",20.533956448049256
"(Date(""2025-05-15""), 103)",20.74860996676815
"(Date(""2025-05-16""), 103)",19.44393439395397
"(Date(""2025-05-17""), 103)",17.932279659367392
"(Date(""2025-05-18""), 103)",13.86000122235558
"(Date(""2025-05-19""), 103)",10.413205331688987
"(Date(""2025-05-20""), 103)",12.060259079263313
"(Date(""2025-05-21""), 103)",12.653703459111513
"(Date(""2025-05-22""), 103)",11.40437775773394
"(Date(""2025-05-23""), 103)",11.891109173322647
"(Date(""2025-05-24""), 103)",14.374237972477696
"(Date(""2025-05-25""), 103)",14.071902570265319
"(Date(""2025-05-26""), 103)",16.97330046142484
"(Date(""2025-05-27""), 103)",18.150335408132683
"(Date(""2025-05-28""), 103)",21.034647259689198
"(Date(""2025-05-29""), 103)",18.9616760538933
"(Date(""2025-05-30""), 103)",16.579875612718514
"(Date(""2025-05-31""), 103)",15.333057456547309
"(Date(""2025-06-01""), 103)",8.492579901863957
"(Date(""2025-06-02""), 103)",13.94383871982102
"(Date(""2025-06-03""), 103)",17.613970940904878
"(Date(""2025-06-04""), 103)",22.043216737677803
"(Date(""2025-06-05""), 103)",21.457958077692304
"(Date(""2025-06-06""), 103)",25.474696587634185
"(Date(""2025-06-07""), 103)",22.710376295390375
"(Date(""2025-06-08""), 103)",21.298198341400386
"(Date(""2025-06-09""), 103)",18.416627510472917
"(Date(""2025-06-10""), 103)",16.45036001014233
"(Date(""2025-06-11""), 103)",13.156628746331752
"(Date(""2025-06-12""), 103)",13.440187161379543
"(Date(""2025-06-13""), 103)",12.756042227399018
"(Date(""2025-06-14""), 103)",15.511677097027796
"(Date(""2025-06-15""), 103)",18.72211313685242
"(Date(""2025-06-16""), 103)",23.30510632247483
"(Date(""2025-06-17""), 103)",22.674498648835044
"(Date(""2025-06-18""), 103)",23.093082352486213
"(Date(""2025-06-19""), 103)",22.16573220005041
"(Date(""2025-06-20""), 103)",14.467945872711574
"(Date(""2025-06-21""), 103)",20.708131394857467
"(Date(""2025-06-22""), 103)",22.75723902453764
"(Date(""2025-06-23""), 103)",22.873692254397238
"(Date(""2025-06-24""), 103)",20.169706673521365
"(Date(""2025-06-25""), 103)",19.60542178458726
"(Date(""2025-06-26""), 103)",11.319247323656192
"(Date(""2025-06-27""), 103)",15.4105405989384
"(Date(""2025-06-28""), 103)",17.762628748744504
"(Date(""2025-06-29""), 103)",12.575505832424787
"(Date(""2025-06-30""), 103)",17.22864383370761
"(Date(""2025-07-01""), 103)",18.092217611112876
"(Date(""2025-07-02""), 103)",15.65143174733323
"(Date(""2025-07-03""), 103)",15.878774567930845
"(Date(""2025-07-04""), 103)",13.140935201099934
"(Date(""2025-07-05""), 103)",18.036750682067346
"(Date(""2025-07-06""), 103)",19.874573349679462
"(Date(""2025-07-07""), 103)",12.015283258666708
"(Date(""2025-07-08""), 103)",16.204133606646142
"(Date(""2025-07-09""), 103)",19.11315008315795
"(Date(""2025-07-10""), 103)",21.12542607338256
"(Date(""2025-07-11""), 103)",22.443422514685896
"(Date(""2025-07-12""), 103)",25.97816628088371
"(Date(""2025-07-13""), 103)",22.07231631703392
"(Date(""2025-07-14""), 103)",21.672673281285135
"(Date(""2025-07-15""), 103)",21.56728320034675
"(Date(""2025-07-16""), 103)",22.517680752540524
"(Date(""2025-07-17""), 103)",18.72306631291995
"(Date(""2025-07-18""), 103)",13.001517315590677
"(Date(""2025-07-19""), 103)",16.248734545951134
"(Date(""2025-07-20""), 103)",15.780529231072087
"(Date(""2025-07-21""), 103)",10.831167555265269
"(Date(""2025-07-22""), 103)",14.40231951450396
"(Date(""2025-07-23""), 103)",17.848166887491086
"(Date(""2025-07-24""), 103)",20.808551147585817
"(Date(""2025-07-25""), 103)",19.529504192485227
"(Date(""2025-07-26""), 103)",23.12725853152872
"(Date(""2025-07-27""), 103)",23.417632948278026
"(Date(""2025-07-28""), 103)",25.259957023369946
"(Date(""2025-07-29""), 103)",24.670149890402925
"(Date(""2025-07-30""), 103)",23.55513593530902
"(Date(""2025-07-31""), 103)",19.290501788545324
"(Date(""2025-08-01""), 103)",15.254425305659009
"(Date(""2025-08-02""), 103)",18.57616444693405
"(Date(""2025-08-03""), 103)",18.790714083180468
"(Date(""2025-08-04""), 103)",21.448724717751155
"(Date(""2025-08-05""), 103)",17.348872660391574
"(Date(""2025-08-06""), 103)",22.09823980365781
"(Date(""2025-08-07""), 103)",24.661984325944278
"(Date(""2025-08-08""), 103)",26.064777111328958
"(Date(""2025-08-09""), 103)",25.43333968831959
"(Date(""2025-08-10""), 103)",24.58357178734736
"(Date(""2025-08-11""), 103)",25.10525062842543
"(Date(""2025-08-12""), 103)",25.977282416867304
"(Date(""2025-08-13""), 103)",23.18030490271172
"(Date(""2025-08-14""), 103)",23.74319607223573
"(Date(""2025-08-15""), 103)",19.62297228948558
"(Date(""2025-08-16""), 103)",23.710685849682005
"(Date(""2025-08-17""), 103)",18.505017811075007
"(Date(""2025-08-18""), 103)",15.492183282384698
"(Date(""2025-08-19""), 103)",18.67754648271735
"(Date(""2025-08-20""), 103)",18.8257449091524
"(Date(""2025-08-21""), 103)",18.898130188284465
"(Date(""2025-08-22""), 103)",20.45202315022552
"(Date(""2025-08-23""), 103)",20.08803975250993
"(Date(""2025-08-24""), 103)",17.698801323465403
"(Date(""2025-08-25""), 103)",13.867082400957669
"(Date(""2025-08-26""), 103)",10.4466874478988
"(Date(""2025-08-27""), 103)",12.377525443417746
"(Date(""2025-08-28""), 103)",12.427092028272497
"(Date(""2025-08-29""), 103)",12.162108573843216
"(Date(""2025-08-30""), 103)",12.25943229982529
"(Date(""2025-08-31""), 103)",15.440885174416593
"(Date(""2025-09-01""), 103)",16.950312233155476
"(Date(""2025-09-02""), 103)",17.28641733499339
"(Date(""2025-09-03""), 103)",17.567191321788076
"(Date(""2025-09-04""), 103)",14.681642633975352
"(Date(""2025-09-05""), 103)",14.34489743932233
"(Date(""2025-09-06""), 103)",13.490981999266614
"(Date(""2025-09-07""), 103)",12.619010975342972
"(Date(""2025-09-08""), 103)",11.554852546809277
"(Date(""2025-09-09""), 103)",15.880785481848426
"(Date(""2025-09-10""), 103)",18.933131336044053
"(Date(""2025-09-11""), 103)",18.93982905226433
"(Date(""2025-09-12""), 103)",17.966872318545008
"(Date(""2025-09-13""), 103)",22.59472837337384
"(Date(""2025-09-14""), 103)",20.939583549667102
"(Date(""2025-09-15""), 103)",16.51837823403225
"(Date(""2025-09-16""), 103)",19.450015927563935
"(Date(""2025-09-17""), 103)",22.684278419737517
"(Date(""2025-09-18""), 103)",18.81822353218746
"(Date(""2025-09-19""), 103)",15.04022247827206
"(Date(""2025-09-20""), 103)",15.290257492297677
"(Date(""2025-09-21""), 103)",17.554346460371214
"(Date(""2025-09-22""), 103)",19.528936391814852
"(Date(""2025-09-23""), 103)",24.532075342762507
"(Date(""2025-09-24""), 103)",16.069917215260354
"(Date(""2025-09-25""), 103)",18.998695656480454
"(Date(""2025-09-26""), 103)",16.501155413164792
"(Date(""2025-09-27""), 103)",15.550739589394025
"(Date(""2025-09-28""), 103)",18.40680796366518
"(Date(""2025-09-29""), 103)",16.16133403338825
"(Date(""2025-09-30""), 103)",14.396491006302949
"(Date(""2025-10-01""), 103)",13.22122281672923
"(Date(""2025-10-02""), 103)",16.60039124379982
"(Date(""2025-10-03""), 103)",19.058155707503325
"(Date(""2025-10-04""), 103)",21.04733021902042
"(Date(""2025-10-05""), 103)",22.0686921494184
"(Date(""2025-10-06""), 103)",21.397383643533384
"(Date(""2025-10-07""), 103)",19.753937544772374
"(Date(""2025-10-08""), 103)",15.890172290809641
"(Date(""2025-10-09""), 103)",14.121080662956167
"(Date(""2025-10-10""), 103)",19.257647071445273
"(Date(""2025-10-11""), 103)",21.346356005354842
"(Date(""2025-10-12""), 103)",18.5185087044387
"(Date(""2025-10-13""), 103)",18.15292972405568
"(Date(""2025-10-14""), 103)",19.707192577452094
"(Date(""2025-10-15""), 103)",13.883081368626428
"(Date(""2025-10-16""), 103)",14.45930485445078
"(Date(""2025-10-17""), 103)",17.354501816719353
"(Date(""2025-10-18""), 103)",18.39791043756159
"(Date(""2025-10-19""), 103)",18.931801757033064
"(Date(""2025-10-20""), 103)",19.116289456847653
"(Date(""2025-10-21""), 103)",14.766946323857093
"(Date(""2025-10-22""), 103)",13.536994556921826
"(Date(""2025-10-23""), 103)",14.513229572376273
"(Date(""2025-10-24""), 103)",15.5275343807475
"(Date(""2025-10-25""), 103)",12.75977671095491
"(Date(""2025-10-26""), 103)",14.125832750453396
"(Date(""2025-10-27""), 103)",16.524527737477552
"(Date(""2025-10-28""), 103)",15.05419171862242
"(Date(""2025-10-29""), 103)",14.71822796234423
"(Date(""2025-10-30""), 103)",16.177891601865735
"(Date(""2025-10-31""), 103)",12.354575705289516
"(Date(""2025-11-01""), 103)",12.311874227074266
"(Date(""2025-11-02""), 103)",12.896520254797665
"(Date(""2025-11-03""), 103)",13.207636663564013
"(Date(""2025-11-04""), 103)",11.131808246622832
"(Date(""2025-11-05""), 103)",14.184209482096533
"(Date(""2025-11-06""), 103)",12.572215776331435
"(Date(""2025-11-07""), 103)",14.609491906611794
"(Date(""2025-11-08""), 103)",14.427641333505468
"(Date(""2025-11-09""), 103)",10.854913237532983
"(Date(""2025-11-10""), 103)",18.011746957857422
"(Date(""2025-11-11""), 103)",8.795944408820043
"(Date(""2025-11-12""), 103)",17.686385531246373
"(Date(""2025-11-13""), 103)",17.313969112643854
"(Date(""2025-11-14""), 103)",15.113888829416519
"(Date(""2025-11-15""), 103)",14.624541387556125
"(Date(""2025-11-16""), 103)",14.055969591375202
"(Date(""2025-11-17""), 103)",10.233748288490052
"(Date(""2025-11-18""), 103)",11.724920638245067
"(Date(""2025-11-19""), 103)",15.079478704669363
"(Date(""2025-11-20""), 103)",21.82340085335585
"(Date(""2025-11-21""), 103)",22.32810824620754
"(Date(""2025-11-22""), 103)",19.314789512228945
"(Date(""2025-11-23""), 103)",26.08574931787769
"(Date(""2025-11-24""), 103)",21.75152565606441
"(Date(""2025-11-25""), 103)",21.664158609432853
"(Date(""2025-11-26""), 103)",22.917975864059976
"(Date(""2025-11-27""), 103)",13.06127229671754
"(Date(""2025-11-28""), 103)",11.488198208251307
"(Date(""2025-11-29""), 103)",12.299589880468195
"(Date(""2025-11-30""), 103)",15.028003853262422
"(Date(""2025-12-01""), 103)",12.307896863936927
"(Date(""2025-12-02""), 103)",15.428999518735841
"(Date(""2025-12-03""), 103)",17.31991336946759
"(Date(""2025-12-04""), 103)",13.873268604876682
"(Date(""2025-12-05""), 103)",17.705529268075644
"(Date(""2025-12-06""), 103)",21.63081749333046
"(Date(""2025-12-07""), 103)",19.0721118135315
"(Date(""2025-12-08""), 103)",14.800896580990514
"(Date(""2025-12-09""), 103)",24.680461462950962
"(Date(""2025-12-10""), 103)",27.263869261933387
"(Date(""2025-12-11""), 103)",15.763175902112106
"(Date(""2025-12-12""), 103)",16.755166355760558
"(Date(""2025-12-13""), 103)",25.691576182181414
"(Date(""2025-12-14""), 103)",20.607596843797772
"(Date(""2025-12-15""), 103)",21.5530030696062
"(Date(""2025-12-16""), 103)",23.835875112258748
"(Date(""2025-12-17""), 103)",19.77450651985856
"(Date(""2025-12-18""), 103)",20.34459150356663
"(Date(""2025-12-19""), 103)",16.939031724605794
"(Date(""2025-12-20""), 103)",14.336992553548466
"(Date(""2025-12-21""), 103)",13.462347162582727
"(Date(""2025-12-22""), 103)",16.220199321585902
"(Date(""2025-12-23""), 103)",17.433214644403353
"(Date(""2025-12-24""), 103)",18.09881948622528
"(Date(""2025-12-25""), 103)",17.12258751704412
"(Date(""2025-12-26""), 103)",14.725555194692305
"(Date(""2025-12-27""), 103)",17.70429183486006
"(Date(""2025-12-28""), 103)",20.882702699343056
"(Date(""2025-12-29""), 103)",18.456836287370695
"(Date(""2025-12-30""), 103)",10.749075463468595
"(Date(""2025-12-31""), 103)",14.719899109416371
