ID,PM
"(Date(""2025-01-01""), 3)",38.09449571782425
"(Date(""2025-01-02""), 3)",17.715033360854967
"(Date(""2025-01-03""), 3)",13.474783964049887
"(Date(""2025-01-04""), 3)",17.11634014421406
"(Date(""2025-01-05""), 3)",14.78003439446844
"(Date(""2025-01-06""), 3)",17.539692452934176
"(Date(""2025-01-07""), 3)",16.974678660993835
"(Date(""2025-01-08""), 3)",15.294320891792633
"(Date(""2025-01-09""), 3)",12.96869963318618
"(Date(""2025-01-10""), 3)",14.054189199477905
"(Date(""2025-01-11""), 3)",25.31576968272969
"(Date(""2025-01-12""), 3)",20.998014931474433
"(Date(""2025-01-13""), 3)",31.354728224857652
"(Date(""2025-01-14""), 3)",16.60316172551375
"(Date(""2025-01-15""), 3)",20.344485600891268
"(Date(""2025-01-16""), 3)",27.579703223323808
"(Date(""2025-01-17""), 3)",27.49116052025744
"(Date(""2025-01-18""), 3)",22.270308199089516
"(Date(""2025-01-19""), 3)",20.918313451309707
"(Date(""2025-01-20""), 3)",19.315869134843332
"(Date(""2025-01-21""), 3)",21.23804500816818
"(Date(""2025-01-22""), 3)",22.23516000530848
"(Date(""2025-01-23""), 3)",25.66355831485448
"(Date(""2025-01-24""), 3)",21.907420997242316
"(Date(""2025-01-25""), 3)",27.76138242194108
"(Date(""2025-01-26""), 3)",23.431177694319416
"(Date(""2025-01-27""), 3)",15.908538998234693
"(Date(""2025-01-28""), 3)",16.138915065861422
"(Date(""2025-01-29""), 3)",20.07433472817061
"(Date(""2025-01-30""), 3)",17.514462262243587
"(Date(""2025-01-31""), 3)",25.167848872097426
"(Date(""2025-02-01""), 3)",17.114357443110965
"(Date(""2025-02-02""), 3)",22.094123156882457
"(Date(""2025-02-03""), 3)",33.92847524695302
"(Date(""2025-02-04""), 3)",20.47279935668383
"(Date(""2025-02-05""), 3)",19.7097455976532
"(Date(""2025-02-06""), 3)",28.12317766766746
"(Date(""2025-02-07""), 3)",17.788412415797698
"(Date(""2025-02-08""), 3)",21.87097814241624
"(Date(""2025-02-09""), 3)",23.268211155640405
"(Date(""2025-02-10""), 3)",18.77529655567251
"(Date(""2025-02-11""), 3)",18.372885925854124
"(Date(""2025-02-12""), 3)",15.578084610189844
"(Date(""2025-02-13""), 3)",18.53784610380269
"(Date(""2025-02-14""), 3)",15.006689922375566
"(Date(""2025-02-15""), 3)",19.11822871983058
"(Date(""2025-02-16""), 3)",14.529734708740737
"(Date(""2025-02-17""), 3)",12.46361247126677
"(Date(""2025-02-18""), 3)",10.281489636497918
"(Date(""2025-02-19""), 3)",11.231530036550316
"(Date(""2025-02-20""), 3)",17.01836978665987
"(Date(""2025-02-21""), 3)",14.854610314459968
"(Date(""2025-02-22""), 3)",20.455685611066418
"(Date(""2025-02-23""), 3)",20.751370469955756
"(Date(""2025-02-24""), 3)",20.955475755303716
"(Date(""2025-02-25""), 3)",24.23469952082847
"(Date(""2025-02-26""), 3)",20.5012935961824
"(Date(""2025-02-27""), 3)",24.55519357802542
"(Date(""2025-02-28""), 3)",14.42472739132428
"(Date(""2025-03-01""), 3)",19.05465648463759
"(Date(""2025-03-02""), 3)",11.737165404175569
"(Date(""2025-03-03""), 3)",23.148375370370513
"(Date(""2025-03-04""), 3)",33.89510939970228
"(Date(""2025-03-05""), 3)",24.80190349204179
"(Date(""2025-03-06""), 3)",17.036442559822852
"(Date(""2025-03-07""), 3)",10.017385342982026
"(Date(""2025-03-08""), 3)",12.846731549528654
"(Date(""2025-03-09""), 3)",17.340314051810825
"(Date(""2025-03-10""), 3)",19.6791778194091
"(Date(""2025-03-11""), 3)",18.1981192174801
"(Date(""2025-03-12""), 3)",18.14757956348235
"(Date(""2025-03-13""), 3)",20.245186932228545
"(Date(""2025-03-14""), 3)",29.861288002428697
"(Date(""2025-03-15""), 3)",27.749912111900784
"(Date(""2025-03-16""), 3)",23.683486806474544
"(Date(""2025-03-17""), 3)",18.80900237057915
"(Date(""2025-03-18""), 3)",18.653253275134965
"(Date(""2025-03-19""), 3)",20.756845865220157
"(Date(""2025-03-20""), 3)",17.605683406660923
"(Date(""2025-03-21""), 3)",12.897809761038834
"(Date(""2025-03-22""), 3)",16.078194019582213
"(Date(""2025-03-23""), 3)",13.765539242242248
"(Date(""2025-03-24""), 3)",17.571902845888005
"(Date(""2025-03-25""), 3)",15.930950191187133
"(Date(""2025-03-26""), 3)",14.283549230236671
"(Date(""2025-03-27""), 3)",12.56711464490036
"(Date(""2025-03-28""), 3)",13.243542264409635
"(Date(""2025-03-29""), 3)",12.636890775621907
"(Date(""2025-03-30""), 3)",13.752129942524506
"(Date(""2025-03-31""), 3)",17.163025186712616
"(Date(""2025-04-01""), 3)",8.32387908404284
"(Date(""2025-04-02""), 3)",10.343919553706987
"(Date(""2025-04-03""), 3)",12.72544003664283
"(Date(""2025-04-04""), 3)",11.140129259307118
"(Date(""2025-04-05""), 3)",11.061930865725975
"(Date(""2025-04-06""), 3)",11.275506266219114
"(Date(""2025-04-07""), 3)",10.750648978878115
"(Date(""2025-04-08""), 3)",10.83698582595971
"(Date(""2025-04-09""), 3)",9.08271337815376
"(Date(""2025-04-10""), 3)",14.178612494357239
"(Date(""2025-04-11""), 3)",16.143123364391066
"(Date(""2025-04-12""), 3)",15.482148818751176
"(Date(""2025-04-13""), 3)",15.342599786784758
"(Date(""2025-04-14""), 3)",17.275150805787856
"(Date(""2025-04-15""), 3)",13.444138089814658
"(Date(""2025-04-16""), 3)",9.398018867491219
"(Date(""2025-04-17""), 3)",9.10431080633518
"(Date(""2025-04-18""), 3)",16.376071780774215
"(Date(""2025-04-19""), 3)",17.71195176041079
"(Date(""2025-04-20""), 3)",8.90087205423037
"(Date(""2025-04-21""), 3)",13.137970943981008
"(Date(""2025-04-22""), 3)",13.244631207898408
"(Date(""2025-04-23""), 3)",11.342342956171233
"(Date(""2025-04-24""), 3)",17.676435214200225
"(Date(""2025-04-25""), 3)",15.646503626986954
"(Date(""2025-04-26""), 3)",14.527413389177962
"(Date(""2025-04-27""), 3)",14.666238064969303
"(Date(""2025-04-28""), 3)",15.059589618898654
"(Date(""2025-04-29""), 3)",18.082665117193443
"(Date(""2025-04-30""), 3)",10.005444694132372
"(Date(""2025-05-01""), 3)",14.218832110247671
"(Date(""2025-05-02""), 3)",16.26543431082509
"(Date(""2025-05-03""), 3)",16.293230453529237
"(Date(""2025-05-04""), 3)",17.54449399790768
"(Date(""2025-05-05""), 3)",13.075702712390996
"(Date(""2025-05-06""), 3)",17.74231034890554
"(Date(""2025-05-07""), 3)",15.75510084094283
"(Date(""2025-05-08""), 3)",10.034979569960162
"(Date(""2025-05-09""), 3)",9.899380177634814
"(Date(""2025-05-10""), 3)",15.476619895242896
"(Date(""2025-05-11""), 3)",10.963265886346354
"(Date(""2025-05-12""), 3)",18.132907375795455
"(Date(""2025-05-13""), 3)",17.611921768624352
"(Date(""2025-05-14""), 3)",20.812274847455107
"(Date(""2025-05-15""), 3)",22.353267992127133
"(Date(""2025-05-16""), 3)",20.943379135382713
"(Date(""2025-05-17""), 3)",17.486186167573894
"(Date(""2025-05-18""), 3)",13.651447465407143
"(Date(""2025-05-19""), 3)",10.580945371628989
"(Date(""2025-05-20""), 3)",11.493848454524631
"(Date(""2025-05-21""), 3)",11.825974574937497
"(Date(""2025-05-22""), 3)",10.546255887441099
"(Date(""2025-05-23""), 3)",10.86535570105294
"(Date(""2025-05-24""), 3)",13.454036928468794
"(Date(""2025-05-25""), 3)",13.962653799440815
"(Date(""2025-05-26""), 3)",16.731935918704238
"(Date(""2025-05-27""), 3)",17.92138121387474
"(Date(""2025-05-28""), 3)",23.680917101296362
"(Date(""2025-05-29""), 3)",17.608741025428813
"(Date(""2025-05-30""), 3)",15.630340245516365
"(Date(""2025-05-31""), 3)",13.479716650693543
"(Date(""2025-06-01""), 3)",7.786945381563389
"(Date(""2025-06-02""), 3)",12.005351078381858
"(Date(""2025-06-03""), 3)",17.98171044053605
"(Date(""2025-06-04""), 3)",24.00801967285701
"(Date(""2025-06-05""), 3)",22.376978325507125
"(Date(""2025-06-06""), 3)",24.752181271140856
"(Date(""2025-06-07""), 3)",22.700946468357387
"(Date(""2025-06-08""), 3)",20.89608513480904
"(Date(""2025-06-09""), 3)",17.975070113146842
"(Date(""2025-06-10""), 3)",15.274919494642932
"(Date(""2025-06-11""), 3)",12.392395130535805
"(Date(""2025-06-12""), 3)",12.47491960304017
"(Date(""2025-06-13""), 3)",12.24761983261824
"(Date(""2025-06-14""), 3)",14.860719720669598
"(Date(""2025-06-15""), 3)",20.37178403215821
"(Date(""2025-06-16""), 3)",26.746548604987105
"(Date(""2025-06-17""), 3)",25.371352832338
"(Date(""2025-06-18""), 3)",28.273051835009415
"(Date(""2025-06-19""), 3)",24.590254367941906
"(Date(""2025-06-20""), 3)",13.781729531049448
"(Date(""2025-06-21""), 3)",19.70064843044232
"(Date(""2025-06-22""), 3)",23.261518106801553
"(Date(""2025-06-23""), 3)",24.035599795436998
"(Date(""2025-06-24""), 3)",21.129082048679482
"(Date(""2025-06-25""), 3)",18.94919511581736
"(Date(""2025-06-26""), 3)",11.299468544554935
"(Date(""2025-06-27""), 3)",13.558616186411129
"(Date(""2025-06-28""), 3)",16.699003223198215
"(Date(""2025-06-29""), 3)",12.438345402740687
"(Date(""2025-06-30""), 3)",19.57063262503463
"(Date(""2025-07-01""), 3)",20.059413874344276
"(Date(""2025-07-02""), 3)",17.474710721491796
"(Date(""2025-07-03""), 3)",16.474473300905025
"(Date(""2025-07-04""), 3)",13.2586167163502
"(Date(""2025-07-05""), 3)",18.23786996810248
"(Date(""2025-07-06""), 3)",21.45422296947922
"(Date(""2025-07-07""), 3)",12.317570162590314
"(Date(""2025-07-08""), 3)",17.727614269064762
"(Date(""2025-07-09""), 3)",22.055390487757236
"(Date(""2025-07-10""), 3)",23.277014944821314
"(Date(""2025-07-11""), 3)",25.220714957411538
"(Date(""2025-07-12""), 3)",30.100265318359437
"(Date(""2025-07-13""), 3)",23.45447546637478
"(Date(""2025-07-14""), 3)",23.92982465063892
"(Date(""2025-07-15""), 3)",24.78936931792148
"(Date(""2025-07-16""), 3)",27.31971207111807
"(Date(""2025-07-17""), 3)",20.654593778827177
"(Date(""2025-07-18""), 3)",13.596657133099438
"(Date(""2025-07-19""), 3)",16.50223674675609
"(Date(""2025-07-20""), 3)",15.550011270292748
"(Date(""2025-07-21""), 3)",11.354745875237045
"(Date(""2025-07-22""), 3)",14.469024882783394
"(Date(""2025-07-23""), 3)",18.776886653488237
"(Date(""2025-07-24""), 3)",22.062594709152986
"(Date(""2025-07-25""), 3)",20.876457789206242
"(Date(""2025-07-26""), 3)",25.12841046890825
"(Date(""2025-07-27""), 3)",25.63049280239634
"(Date(""2025-07-28""), 3)",28.011784372448144
"(Date(""2025-07-29""), 3)",26.026788454203786
"(Date(""2025-07-30""), 3)",22.982085301171526
"(Date(""2025-07-31""), 3)",18.145921209149467
"(Date(""2025-08-01""), 3)",14.758323163999844
"(Date(""2025-08-02""), 3)",17.713180712523553
"(Date(""2025-08-03""), 3)",19.099650111745927
"(Date(""2025-08-04""), 3)",21.666346122188816
"(Date(""2025-08-05""), 3)",16.563738821817104
"(Date(""2025-08-06""), 3)",21.558464201820463
"(Date(""2025-08-07""), 3)",25.731461100779967
"(Date(""2025-08-08""), 3)",29.381567256111097
"(Date(""2025-08-09""), 3)",29.802091010096387
"(Date(""2025-08-10""), 3)",30.48179385106562
"(Date(""2025-08-11""), 3)",32.220843595144444
"(Date(""2025-08-12""), 3)",32.84577214895056
"(Date(""2025-08-13""), 3)",24.590445310564128
"(Date(""2025-08-14""), 3)",22.657143321518458
"(Date(""2025-08-15""), 3)",19.160672958804398
"(Date(""2025-08-16""), 3)",22.39953765925052
"(Date(""2025-08-17""), 3)",16.62960110027668
"(Date(""2025-08-18""), 3)",14.108736214877597
"(Date(""2025-08-19""), 3)",17.18341979569662
"(Date(""2025-08-20""), 3)",16.38418507496768
"(Date(""2025-08-21""), 3)",18.133917870981627
"(Date(""2025-08-22""), 3)",19.15881962267665
"(Date(""2025-08-23""), 3)",18.56932293942894
"(Date(""2025-08-24""), 3)",16.52694924783307
"(Date(""2025-08-25""), 3)",12.862331649432898
"(Date(""2025-08-26""), 3)",9.77486182429038
"(Date(""2025-08-27""), 3)",11.43588172776054
"(Date(""2025-08-28""), 3)",11.684826829469364
"(Date(""2025-08-29""), 3)",11.519601807444705
"(Date(""2025-08-30""), 3)",11.684384922070064
"(Date(""2025-08-31""), 3)",16.321423230572737
"(Date(""2025-09-01""), 3)",18.992178827891006
"(Date(""2025-09-02""), 3)",18.34910695823777
"(Date(""2025-09-03""), 3)",19.00024910675037
"(Date(""2025-09-04""), 3)",13.876123274176985
"(Date(""2025-09-05""), 3)",14.099552004743517
"(Date(""2025-09-06""), 3)",13.124136128880101
"(Date(""2025-09-07""), 3)",11.956127332804341
"(Date(""2025-09-08""), 3)",11.162301464878004
"(Date(""2025-09-09""), 3)",14.967564911341423
"(Date(""2025-09-10""), 3)",17.506216937443845
"(Date(""2025-09-11""), 3)",15.52260381292299
"(Date(""2025-09-12""), 3)",15.7135909003638
"(Date(""2025-09-13""), 3)",20.10166165454258
"(Date(""2025-09-14""), 3)",19.35650498331773
"(Date(""2025-09-15""), 3)",15.588336909239137
"(Date(""2025-09-16""), 3)",17.671014081476706
"(Date(""2025-09-17""), 3)",20.505850281108252
"(Date(""2025-09-18""), 3)",17.313389325136495
"(Date(""2025-09-19""), 3)",12.98953640343485
"(Date(""2025-09-20""), 3)",14.04197391620553
"(Date(""2025-09-21""), 3)",16.05263451284185
"(Date(""2025-09-22""), 3)",18.332534951324657
"(Date(""2025-09-23""), 3)",23.216678184409357
"(Date(""2025-09-24""), 3)",14.335728353720807
"(Date(""2025-09-25""), 3)",16.857217957777255
"(Date(""2025-09-26""), 3)",14.868540433090448
"(Date(""2025-09-27""), 3)",15.521109958406749
"(Date(""2025-09-28""), 3)",15.926335873699227
"(Date(""2025-09-29""), 3)",13.686527509754793
"(Date(""2025-09-30""), 3)",12.19713252735342
"(Date(""2025-10-01""), 3)",11.621439596252879
"(Date(""2025-10-02""), 3)",16.364859369812514
"(Date(""2025-10-03""), 3)",18.26061737325073
"(Date(""2025-10-04""), 3)",22.06014905884186
"(Date(""2025-10-05""), 3)",22.793748125928822
"(Date(""2025-10-06""), 3)",21.593320877123087
"(Date(""2025-10-07""), 3)",18.82887461733619
"(Date(""2025-10-08""), 3)",14.167633771633183
"(Date(""2025-10-09""), 3)",12.555275148349052
"(Date(""2025-10-10""), 3)",17.443536646702423
"(Date(""2025-10-11""), 3)",19.052037752457807
"(Date(""2025-10-12""), 3)",14.068083633871085
"(Date(""2025-10-13""), 3)",13.488623494389062
"(Date(""2025-10-14""), 3)",16.325559833904734
"(Date(""2025-10-15""), 3)",11.373063634107954
"(Date(""2025-10-16""), 3)",11.503659115623913
"(Date(""2025-10-17""), 3)",14.991683388004011
"(Date(""2025-10-18""), 3)",17.279174661306538
"(Date(""2025-10-19""), 3)",14.68657443857366
"(Date(""2025-10-20""), 3)",16.71158166288576
"(Date(""2025-10-21""), 3)",12.689482191088924
"(Date(""2025-10-22""), 3)",11.123266425488408
"(Date(""2025-10-23""), 3)",12.11963295832555
"(Date(""2025-10-24""), 3)",13.688013194450729
"(Date(""2025-10-25""), 3)",11.644684198306665
"(Date(""2025-10-26""), 3)",13.154433484611983
"(Date(""2025-10-27""), 3)",14.821839612903476
"(Date(""2025-10-28""), 3)",13.19168174402386
"(Date(""2025-10-29""), 3)",12.541150360776523
"(Date(""2025-10-30""), 3)",13.459240956020807
"(Date(""2025-10-31""), 3)",11.2780724901931
"(Date(""2025-11-01""), 3)",10.974993091898366
"(Date(""2025-11-02""), 3)",13.207885471812066
"(Date(""2025-11-03""), 3)",12.677303679140836
"(Date(""2025-11-04""), 3)",10.601094220892929
"(Date(""2025-11-05""), 3)",14.678246268581391
"(Date(""2025-11-06""), 3)",12.788270150144808
"(Date(""2025-11-07""), 3)",15.411196188369024
"(Date(""2025-11-08""), 3)",14.038181710952607
"(Date(""2025-11-09""), 3)",12.349762185464515
"(Date(""2025-11-10""), 3)",17.792741920554946
"(Date(""2025-11-11""), 3)",10.55482215182006
"(Date(""2025-11-12""), 3)",17.534456040430424
"(Date(""2025-11-13""), 3)",17.79900490036692
"(Date(""2025-11-14""), 3)",16.387701036690935
"(Date(""2025-11-15""), 3)",15.418995192406376
"(Date(""2025-11-16""), 3)",14.680474664205347
"(Date(""2025-11-17""), 3)",11.798145268211984
"(Date(""2025-11-18""), 3)",12.010312034142698
"(Date(""2025-11-19""), 3)",15.651502507266581
"(Date(""2025-11-20""), 3)",21.69183747685638
"(Date(""2025-11-21""), 3)",22.188693313997423
"(Date(""2025-11-22""), 3)",18.68631106592405
"(Date(""2025-11-23""), 3)",22.654016491492936
"(Date(""2025-11-24""), 3)",19.504888876555302
"(Date(""2025-11-25""), 3)",19.800911090937294
"(Date(""2025-11-26""), 3)",18.741084583798084
"(Date(""2025-11-27""), 3)",11.07858279950534
"(Date(""2025-11-28""), 3)",10.800685786181715
"(Date(""2025-11-29""), 3)",10.93509890854667
"(Date(""2025-11-30""), 3)",14.048441955536394
"(Date(""2025-12-01""), 3)",12.728322444327064
"(Date(""2025-12-02""), 3)",15.823667393979676
"(Date(""2025-12-03""), 3)",17.497294814740805
"(Date(""2025-12-04""), 3)",13.02510439040761
"(Date(""2025-12-05""), 3)",18.753698646857103
"(Date(""2025-12-06""), 3)",21.883662859763643
"(Date(""2025-12-07""), 3)",21.900913995568615
"(Date(""2025-12-08""), 3)",16.770921844490772
"(Date(""2025-12-09""), 3)",26.618392610139594
"(Date(""2025-12-10""), 3)",30.549291008634754
"(Date(""2025-12-11""), 3)",17.709732957123805
"(Date(""2025-12-12""), 3)",15.57549505976741
"(Date(""2025-12-13""), 3)",26.775410185037902
"(Date(""2025-12-14""), 3)",21.90711385438003
"(Date(""2025-12-15""), 3)",21.574873840181507
"(Date(""2025-12-16""), 3)",23.840736638707465
"(Date(""2025-12-17""), 3)",18.95484130041879
"(Date(""2025-12-18""), 3)",21.334413790615933
"(Date(""2025-12-19""), 3)",14.330999538107585
"(Date(""2025-12-20""), 3)",13.697173461157002
"(Date(""2025-12-21""), 3)",11.897122157605937
"(Date(""2025-12-22""), 3)",17.327804500593167
"(Date(""2025-12-23""), 3)",17.804675264598956
"(Date(""2025-12-24""), 3)",17.990511618916713
"(Date(""2025-12-25""), 3)",17.439953911453475
"(Date(""2025-12-26""), 3)",16.57729724020154
"(Date(""2025-12-27""), 3)",18.761770030508334
"(Date(""2025-12-28""), 3)",21.78004416271312
"(Date(""2025-12-29""), 3)",17.3898420574477
"(Date(""2025-12-30""), 3)",10.260202703287812
"(Date(""2025-12-31""), 3)",13.28224508275658
"(Date(""2025-01-01""), 6)",52.775455746458206
"(Date(""2025-01-02""), 6)",21.135775657484686
"(Date(""2025-01-03""), 6)",15.265179648867704
"(Date(""2025-01-04""), 6)",19.60598193214991
"(Date(""2025-01-05""), 6)",15.349884019617539
"(Date(""2025-01-06""), 6)",18.50881238841396
"(Date(""2025-01-07""), 6)",17.60148283872467
"(Date(""2025-01-08""), 6)",15.525797571353264
"(Date(""2025-01-09""), 6)",12.814489710266022
"(Date(""2025-01-10""), 6)",13.973352369902585
"(Date(""2025-01-11""), 6)",25.50283364403856
"(Date(""2025-01-12""), 6)",21.242360926640057
"(Date(""2025-01-13""), 6)",31.60799090329919
"(Date(""2025-01-14""), 6)",16.451233630819214
"(Date(""2025-01-15""), 6)",20.296792085141963
"(Date(""2025-01-16""), 6)",27.4181259909306
"(Date(""2025-01-17""), 6)",27.620682401838785
"(Date(""2025-01-18""), 6)",21.34843010543122
"(Date(""2025-01-19""), 6)",21.029011185184835
"(Date(""2025-01-20""), 6)",18.793153061748697
"(Date(""2025-01-21""), 6)",21.49638381406099
"(Date(""2025-01-22""), 6)",23.86615831518031
"(Date(""2025-01-23""), 6)",27.725465850508822
"(Date(""2025-01-24""), 6)",23.433717620834848
"(Date(""2025-01-25""), 6)",29.172375782293468
"(Date(""2025-01-26""), 6)",24.2647942463028
"(Date(""2025-01-27""), 6)",16.144191505307464
"(Date(""2025-01-28""), 6)",16.371216562834668
"(Date(""2025-01-29""), 6)",20.14322884983268
"(Date(""2025-01-30""), 6)",17.83105657658065
"(Date(""2025-01-31""), 6)",25.59142669931275
"(Date(""2025-02-01""), 6)",17.655120914747904
"(Date(""2025-02-02""), 6)",22.716593709364005
"(Date(""2025-02-03""), 6)",34.725113566841
"(Date(""2025-02-04""), 6)",21.138948399804057
"(Date(""2025-02-05""), 6)",20.258609267959738
"(Date(""2025-02-06""), 6)",29.705128139731727
"(Date(""2025-02-07""), 6)",18.64449866312018
"(Date(""2025-02-08""), 6)",23.41092414701947
"(Date(""2025-02-09""), 6)",24.49792904481183
"(Date(""2025-02-10""), 6)",19.619165578540553
"(Date(""2025-02-11""), 6)",19.126016993350476
"(Date(""2025-02-12""), 6)",16.329824585296244
"(Date(""2025-02-13""), 6)",19.478045994475124
"(Date(""2025-02-14""), 6)",16.080588485043524
"(Date(""2025-02-15""), 6)",20.664343183448995
"(Date(""2025-02-16""), 6)",15.867862152847326
"(Date(""2025-02-17""), 6)",13.230027375191888
"(Date(""2025-02-18""), 6)",10.569537393844342
"(Date(""2025-02-19""), 6)",11.302654089283498
"(Date(""2025-02-20""), 6)",17.070926087252882
"(Date(""2025-02-21""), 6)",15.107615139170376
"(Date(""2025-02-22""), 6)",21.046450912508757
"(Date(""2025-02-23""), 6)",21.108858182177865
"(Date(""2025-02-24""), 6)",20.42780609039041
"(Date(""2025-02-25""), 6)",22.991225136976414
"(Date(""2025-02-26""), 6)",19.493257878507098
"(Date(""2025-02-27""), 6)",23.801941817683435
"(Date(""2025-02-28""), 6)",14.209744756271329
"(Date(""2025-03-01""), 6)",19.254921628847267
"(Date(""2025-03-02""), 6)",12.035075607023861
"(Date(""2025-03-03""), 6)",23.78783050490726
"(Date(""2025-03-04""), 6)",34.54259739607368
"(Date(""2025-03-05""), 6)",26.07342836603697
"(Date(""2025-03-06""), 6)",17.740951726270442
"(Date(""2025-03-07""), 6)",10.137113815488451
"(Date(""2025-03-08""), 6)",12.39746320233347
"(Date(""2025-03-09""), 6)",16.997593613078028
"(Date(""2025-03-10""), 6)",19.61075895078936
"(Date(""2025-03-11""), 6)",18.684023754064505
"(Date(""2025-03-12""), 6)",18.711061153346808
"(Date(""2025-03-13""), 6)",21.46673828638041
"(Date(""2025-03-14""), 6)",31.025977265705063
"(Date(""2025-03-15""), 6)",28.637506028215906
"(Date(""2025-03-16""), 6)",23.752978861716016
"(Date(""2025-03-17""), 6)",19.17080912222815
"(Date(""2025-03-18""), 6)",19.21287244598611
"(Date(""2025-03-19""), 6)",22.01197056222298
"(Date(""2025-03-20""), 6)",18.27152995620231
"(Date(""2025-03-21""), 6)",13.127078006997303
"(Date(""2025-03-22""), 6)",16.37093834083111
"(Date(""2025-03-23""), 6)",14.073816944662054
"(Date(""2025-03-24""), 6)",18.39403196648114
"(Date(""2025-03-25""), 6)",16.475468034221283
"(Date(""2025-03-26""), 6)",15.040659119968574
"(Date(""2025-03-27""), 6)",12.99978395162176
"(Date(""2025-03-28""), 6)",13.685600940913382
"(Date(""2025-03-29""), 6)",12.957590102640383
"(Date(""2025-03-30""), 6)",14.057960636936444
"(Date(""2025-03-31""), 6)",17.764487661875492
"(Date(""2025-04-01""), 6)",8.66630339073137
"(Date(""2025-04-02""), 6)",10.940582670567313
"(Date(""2025-04-03""), 6)",13.109550094210162
"(Date(""2025-04-04""), 6)",11.395569499893945
"(Date(""2025-04-05""), 6)",11.166282044024912
"(Date(""2025-04-06""), 6)",11.42069626864924
"(Date(""2025-04-07""), 6)",10.788451080780273
"(Date(""2025-04-08""), 6)",10.936112330459153
"(Date(""2025-04-09""), 6)",9.038011940826083
"(Date(""2025-04-10""), 6)",14.291917694852554
"(Date(""2025-04-11""), 6)",16.04489092900831
"(Date(""2025-04-12""), 6)",15.700597217379476
"(Date(""2025-04-13""), 6)",15.452993752128055
"(Date(""2025-04-14""), 6)",17.77025629370469
"(Date(""2025-04-15""), 6)",13.862941722642354
"(Date(""2025-04-16""), 6)",9.584348853743546
"(Date(""2025-04-17""), 6)",9.371609922963236
"(Date(""2025-04-18""), 6)",16.585115693410277
"(Date(""2025-04-19""), 6)",18.652074715650308
"(Date(""2025-04-20""), 6)",9.258182968384542
"(Date(""2025-04-21""), 6)",14.116487201711605
"(Date(""2025-04-22""), 6)",13.881919852795988
"(Date(""2025-04-23""), 6)",11.807154532904821
"(Date(""2025-04-24""), 6)",18.444424520806923
"(Date(""2025-04-25""), 6)",16.36538840343596
"(Date(""2025-04-26""), 6)",15.315340069049338
"(Date(""2025-04-27""), 6)",15.188639277872795
"(Date(""2025-04-28""), 6)",15.384449226269554
"(Date(""2025-04-29""), 6)",17.943411202849955
"(Date(""2025-04-30""), 6)",10.014455116217038
"(Date(""2025-05-01""), 6)",14.147566487676022
"(Date(""2025-05-02""), 6)",16.3544333556152
"(Date(""2025-05-03""), 6)",16.285710612307525
"(Date(""2025-05-04""), 6)",17.785739802244095
"(Date(""2025-05-05""), 6)",13.35740033566988
"(Date(""2025-05-06""), 6)",17.90755975442444
"(Date(""2025-05-07""), 6)",15.622386964462573
"(Date(""2025-05-08""), 6)",10.007014377682047
"(Date(""2025-05-09""), 6)",9.96908068558952
"(Date(""2025-05-10""), 6)",15.771248404388727
"(Date(""2025-05-11""), 6)",11.12077132199311
"(Date(""2025-05-12""), 6)",18.320990204251338
"(Date(""2025-05-13""), 6)",17.68990634703767
"(Date(""2025-05-14""), 6)",20.880923381696142
"(Date(""2025-05-15""), 6)",21.96093009517661
"(Date(""2025-05-16""), 6)",20.402785828141685
"(Date(""2025-05-17""), 6)",16.843644819413637
"(Date(""2025-05-18""), 6)",13.43217493036439
"(Date(""2025-05-19""), 6)",10.462964833353835
"(Date(""2025-05-20""), 6)",11.478192076407929
"(Date(""2025-05-21""), 6)",11.788941361586406
"(Date(""2025-05-22""), 6)",10.604092481323132
"(Date(""2025-05-23""), 6)",11.008512993154387
"(Date(""2025-05-24""), 6)",13.642048181711383
"(Date(""2025-05-25""), 6)",14.086752864748556
"(Date(""2025-05-26""), 6)",16.785877269166964
"(Date(""2025-05-27""), 6)",18.09614156497996
"(Date(""2025-05-28""), 6)",23.407004768905363
"(Date(""2025-05-29""), 6)",17.75931758775819
"(Date(""2025-05-30""), 6)",15.724833816906758
"(Date(""2025-05-31""), 6)",13.741506015262809
"(Date(""2025-06-01""), 6)",7.754677867817334
"(Date(""2025-06-02""), 6)",11.882907116129065
"(Date(""2025-06-03""), 6)",17.655827348631295
"(Date(""2025-06-04""), 6)",23.483271880040366
"(Date(""2025-06-05""), 6)",22.119698055086282
"(Date(""2025-06-06""), 6)",24.884056313974845
"(Date(""2025-06-07""), 6)",23.158310309081084
"(Date(""2025-06-08""), 6)",21.167977886303735
"(Date(""2025-06-09""), 6)",18.2019586883112
"(Date(""2025-06-10""), 6)",15.48686164807127
"(Date(""2025-06-11""), 6)",12.622301889846677
"(Date(""2025-06-12""), 6)",12.78564028549507
"(Date(""2025-06-13""), 6)",12.469852182576702
"(Date(""2025-06-14""), 6)",15.142472565202747
"(Date(""2025-06-15""), 6)",20.479725588108366
"(Date(""2025-06-16""), 6)",26.87510566450914
"(Date(""2025-06-17""), 6)",25.29570434260799
"(Date(""2025-06-18""), 6)",27.952184655059362
"(Date(""2025-06-19""), 6)",23.615935192590822
"(Date(""2025-06-20""), 6)",13.348853400674699
"(Date(""2025-06-21""), 6)",19.324605475003402
"(Date(""2025-06-22""), 6)",23.105441217343838
"(Date(""2025-06-23""), 6)",23.851851121851666
"(Date(""2025-06-24""), 6)",21.450597107709914
"(Date(""2025-06-25""), 6)",19.54634275922042
"(Date(""2025-06-26""), 6)",11.870427312415687
"(Date(""2025-06-27""), 6)",14.15399224829578
"(Date(""2025-06-28""), 6)",17.473050552127834
"(Date(""2025-06-29""), 6)",13.017655309750998
"(Date(""2025-06-30""), 6)",20.24034764797622
"(Date(""2025-07-01""), 6)",20.32922692860251
"(Date(""2025-07-02""), 6)",17.803451334487217
"(Date(""2025-07-03""), 6)",17.080182122118796
"(Date(""2025-07-04""), 6)",13.988157490811506
"(Date(""2025-07-05""), 6)",19.174367234821965
"(Date(""2025-07-06""), 6)",22.341836379776183
"(Date(""2025-07-07""), 6)",12.522854691459584
"(Date(""2025-07-08""), 6)",18.15585180257115
"(Date(""2025-07-09""), 6)",22.901629405060568
"(Date(""2025-07-10""), 6)",23.75762779261359
"(Date(""2025-07-11""), 6)",26.057618903833625
"(Date(""2025-07-12""), 6)",30.918853426678254
"(Date(""2025-07-13""), 6)",23.927598734318817
"(Date(""2025-07-14""), 6)",24.31339689522108
"(Date(""2025-07-15""), 6)",25.61286532861413
"(Date(""2025-07-16""), 6)",28.51222183463101
"(Date(""2025-07-17""), 6)",21.782833971532668
"(Date(""2025-07-18""), 6)",14.156128360262304
"(Date(""2025-07-19""), 6)",17.10136192146559
"(Date(""2025-07-20""), 6)",15.806510561344648
"(Date(""2025-07-21""), 6)",11.403475872651118
"(Date(""2025-07-22""), 6)",14.584785495835034
"(Date(""2025-07-23""), 6)",18.960280504093657
"(Date(""2025-07-24""), 6)",22.401778749191212
"(Date(""2025-07-25""), 6)",20.52340059672348
"(Date(""2025-07-26""), 6)",24.318689964083674
"(Date(""2025-07-27""), 6)",24.25469958775055
"(Date(""2025-07-28""), 6)",28.613544215491384
"(Date(""2025-07-29""), 6)",26.671150626618786
"(Date(""2025-07-30""), 6)",23.62112942355824
"(Date(""2025-07-31""), 6)",18.74694133492035
"(Date(""2025-08-01""), 6)",15.149033028487857
"(Date(""2025-08-02""), 6)",18.169956446708042
"(Date(""2025-08-03""), 6)",20.084034329702167
"(Date(""2025-08-04""), 6)",22.922235394012514
"(Date(""2025-08-05""), 6)",17.745767277867042
"(Date(""2025-08-06""), 6)",23.031497318385398
"(Date(""2025-08-07""), 6)",27.830526381820324
"(Date(""2025-08-08""), 6)",30.192158478405297
"(Date(""2025-08-09""), 6)",30.834126615541685
"(Date(""2025-08-10""), 6)",31.353768592826803
"(Date(""2025-08-11""), 6)",32.81067844125658
"(Date(""2025-08-12""), 6)",33.90874799249007
"(Date(""2025-08-13""), 6)",24.70724179771865
"(Date(""2025-08-14""), 6)",22.931733990006244
"(Date(""2025-08-15""), 6)",19.840828587048087
"(Date(""2025-08-16""), 6)",23.194292488922617
"(Date(""2025-08-17""), 6)",16.51292440016382
"(Date(""2025-08-18""), 6)",14.013490780891097
"(Date(""2025-08-19""), 6)",17.057443071018707
"(Date(""2025-08-20""), 6)",16.571758606076592
"(Date(""2025-08-21""), 6)",18.471577903192102
"(Date(""2025-08-22""), 6)",19.83642558349676
"(Date(""2025-08-23""), 6)",19.18703444590699
"(Date(""2025-08-24""), 6)",16.808993540383852
"(Date(""2025-08-25""), 6)",12.93428368721179
"(Date(""2025-08-26""), 6)",9.991380157703125
"(Date(""2025-08-27""), 6)",11.790671724917955
"(Date(""2025-08-28""), 6)",12.123748787424232
"(Date(""2025-08-29""), 6)",11.824145209768526
"(Date(""2025-08-30""), 6)",12.015896166827018
"(Date(""2025-08-31""), 6)",16.664396856294037
"(Date(""2025-09-01""), 6)",19.37232130620455
"(Date(""2025-09-02""), 6)",18.72391423427453
"(Date(""2025-09-03""), 6)",19.266426375876826
"(Date(""2025-09-04""), 6)",14.072703447065557
"(Date(""2025-09-05""), 6)",14.282977271233655
"(Date(""2025-09-06""), 6)",13.272771218542383
"(Date(""2025-09-07""), 6)",12.081754984489185
"(Date(""2025-09-08""), 6)",11.350633870284588
"(Date(""2025-09-09""), 6)",15.735500617944231
"(Date(""2025-09-10""), 6)",19.121796490250787
"(Date(""2025-09-11""), 6)",17.365160779657035
"(Date(""2025-09-12""), 6)",16.654165232202168
"(Date(""2025-09-13""), 6)",20.92009496739161
"(Date(""2025-09-14""), 6)",19.482909749094922
"(Date(""2025-09-15""), 6)",15.633815166858627
"(Date(""2025-09-16""), 6)",18.439056991221005
"(Date(""2025-09-17""), 6)",21.408476179672633
"(Date(""2025-09-18""), 6)",18.06373915738637
"(Date(""2025-09-19""), 6)",13.4744345556604
"(Date(""2025-09-20""), 6)",14.957362950711934
"(Date(""2025-09-21""), 6)",17.274265581730557
"(Date(""2025-09-22""), 6)",19.76550651427432
"(Date(""2025-09-23""), 6)",25.039594302955894
"(Date(""2025-09-24""), 6)",15.648488549405094
"(Date(""2025-09-25""), 6)",18.36693311104782
"(Date(""2025-09-26""), 6)",15.969149307183292
"(Date(""2025-09-27""), 6)",16.170529733165683
"(Date(""2025-09-28""), 6)",16.775668405915997
"(Date(""2025-09-29""), 6)",14.209655411463256
"(Date(""2025-09-30""), 6)",12.800378122888944
"(Date(""2025-10-01""), 6)",12.101258519068315
"(Date(""2025-10-02""), 6)",17.230224884250884
"(Date(""2025-10-03""), 6)",19.22800023937913
"(Date(""2025-10-04""), 6)",23.288183113135883
"(Date(""2025-10-05""), 6)",23.53509433737546
"(Date(""2025-10-06""), 6)",22.50801744380642
"(Date(""2025-10-07""), 6)",19.58985293034283
"(Date(""2025-10-08""), 6)",14.894485550449778
"(Date(""2025-10-09""), 6)",13.112401459002777
"(Date(""2025-10-10""), 6)",18.305205930644114
"(Date(""2025-10-11""), 6)",20.09853233509942
"(Date(""2025-10-12""), 6)",14.76282069705248
"(Date(""2025-10-13""), 6)",14.11688388248538
"(Date(""2025-10-14""), 6)",16.82939147465098
"(Date(""2025-10-15""), 6)",11.598406121670005
"(Date(""2025-10-16""), 6)",11.706748253602727
"(Date(""2025-10-17""), 6)",15.405842439163882
"(Date(""2025-10-18""), 6)",17.95280247698385
"(Date(""2025-10-19""), 6)",15.29084217255757
"(Date(""2025-10-20""), 6)",17.355866090033324
"(Date(""2025-10-21""), 6)",13.202548255365134
"(Date(""2025-10-22""), 6)",11.64629327741565
"(Date(""2025-10-23""), 6)",12.76487045810158
"(Date(""2025-10-24""), 6)",14.500418899696777
"(Date(""2025-10-25""), 6)",12.18784394635533
"(Date(""2025-10-26""), 6)",13.70728022355348
"(Date(""2025-10-27""), 6)",15.326568253962256
"(Date(""2025-10-28""), 6)",13.699562208929654
"(Date(""2025-10-29""), 6)",13.196401065293854
"(Date(""2025-10-30""), 6)",14.063969628498898
"(Date(""2025-10-31""), 6)",11.800442321623098
"(Date(""2025-11-01""), 6)",11.186197335339084
"(Date(""2025-11-02""), 6)",13.25994123875688
"(Date(""2025-11-03""), 6)",12.678493944462629
"(Date(""2025-11-04""), 6)",10.62693097506521
"(Date(""2025-11-05""), 6)",14.885597530253163
"(Date(""2025-11-06""), 6)",12.70876077898348
"(Date(""2025-11-07""), 6)",15.442872279258234
"(Date(""2025-11-08""), 6)",13.773532566413243
"(Date(""2025-11-09""), 6)",12.25710280976611
"(Date(""2025-11-10""), 6)",17.872634857897445
"(Date(""2025-11-11""), 6)",10.736368808149495
"(Date(""2025-11-12""), 6)",17.895254270501383
"(Date(""2025-11-13""), 6)",17.850278585026214
"(Date(""2025-11-14""), 6)",16.695025011167928
"(Date(""2025-11-15""), 6)",15.69438483436755
"(Date(""2025-11-16""), 6)",15.035852538475726
"(Date(""2025-11-17""), 6)",11.947619395542437
"(Date(""2025-11-18""), 6)",12.24708247609233
"(Date(""2025-11-19""), 6)",15.943272776938112
"(Date(""2025-11-20""), 6)",22.073555454915343
"(Date(""2025-11-21""), 6)",22.611460482717877
"(Date(""2025-11-22""), 6)",19.198043332070387
"(Date(""2025-11-23""), 6)",23.463116512110286
"(Date(""2025-11-24""), 6)",20.097340483830543
"(Date(""2025-11-25""), 6)",20.33192576315159
"(Date(""2025-11-26""), 6)",19.256525677435693
"(Date(""2025-11-27""), 6)",11.430752658606771
"(Date(""2025-11-28""), 6)",11.209194387777377
"(Date(""2025-11-29""), 6)",11.407522611783978
"(Date(""2025-11-30""), 6)",14.84113720706675
"(Date(""2025-12-01""), 6)",13.466985369756358
"(Date(""2025-12-02""), 6)",16.914152850206136
"(Date(""2025-12-03""), 6)",18.50603948863986
"(Date(""2025-12-04""), 6)",13.71960143171998
"(Date(""2025-12-05""), 6)",19.929154780300387
"(Date(""2025-12-06""), 6)",22.873647097610785
"(Date(""2025-12-07""), 6)",23.390524750585545
"(Date(""2025-12-08""), 6)",17.73100980816176
"(Date(""2025-12-09""), 6)",28.78204248527827
"(Date(""2025-12-10""), 6)",32.63054073180473
"(Date(""2025-12-11""), 6)",18.77718097567153
"(Date(""2025-12-12""), 6)",16.66469816188205
"(Date(""2025-12-13""), 6)",28.16906993220824
"(Date(""2025-12-14""), 6)",23.00070638758987
"(Date(""2025-12-15""), 6)",22.865413561719116
"(Date(""2025-12-16""), 6)",25.445403461650137
"(Date(""2025-12-17""), 6)",19.814086126656477
"(Date(""2025-12-18""), 6)",22.085547878738744
"(Date(""2025-12-19""), 6)",14.675100768240721
"(Date(""2025-12-20""), 6)",14.002853017430974
"(Date(""2025-12-21""), 6)",12.022832289696812
"(Date(""2025-12-22""), 6)",17.553065419375105
"(Date(""2025-12-23""), 6)",18.24678458651533
"(Date(""2025-12-24""), 6)",18.67916290820951
"(Date(""2025-12-25""), 6)",17.92262493889611
"(Date(""2025-12-26""), 6)",17.337223009881264
"(Date(""2025-12-27""), 6)",19.372784969232754
"(Date(""2025-12-28""), 6)",22.499893634848174
"(Date(""2025-12-29""), 6)",17.62773970929615
"(Date(""2025-12-30""), 6)",10.320406275971727
"(Date(""2025-12-31""), 6)",13.492129924721034
"(Date(""2025-01-01""), 17)",43.87293615220358
"(Date(""2025-01-02""), 17)",17.010250719642315
"(Date(""2025-01-03""), 17)",14.246665501341903
"(Date(""2025-01-04""), 17)",17.359616774698225
"(Date(""2025-01-05""), 17)",14.497178765222412
"(Date(""2025-01-06""), 17)",17.698608174521244
"(Date(""2025-01-07""), 17)",16.744290853594528
"(Date(""2025-01-08""), 17)",14.96610930961892
"(Date(""2025-01-09""), 17)",12.356722145885525
"(Date(""2025-01-10""), 17)",13.416289173229929
"(Date(""2025-01-11""), 17)",24.243986820206185
"(Date(""2025-01-12""), 17)",19.905617932645164
"(Date(""2025-01-13""), 17)",30.202291497358836
"(Date(""2025-01-14""), 17)",15.817518194721252
"(Date(""2025-01-15""), 17)",19.63984571144432
"(Date(""2025-01-16""), 17)",26.883695210412373
"(Date(""2025-01-17""), 17)",27.45936257802713
"(Date(""2025-01-18""), 17)",21.542268330571435
"(Date(""2025-01-19""), 17)",20.899417527236512
"(Date(""2025-01-20""), 17)",18.795690624716663
"(Date(""2025-01-21""), 17)",21.364493130709143
"(Date(""2025-01-22""), 17)",23.514480685871956
"(Date(""2025-01-23""), 17)",27.30867495301304
"(Date(""2025-01-24""), 17)",22.849320662830603
"(Date(""2025-01-25""), 17)",28.556149688509365
"(Date(""2025-01-26""), 17)",23.540778857108123
"(Date(""2025-01-27""), 17)",15.843986592786743
"(Date(""2025-01-28""), 17)",15.946735154725067
"(Date(""2025-01-29""), 17)",19.675203962615537
"(Date(""2025-01-30""), 17)",17.821378811237416
"(Date(""2025-01-31""), 17)",25.55285341986313
"(Date(""2025-02-01""), 17)",17.69555762127376
"(Date(""2025-02-02""), 17)",22.707639718648473
"(Date(""2025-02-03""), 17)",34.725314493503454
"(Date(""2025-02-04""), 17)",21.002828697881657
"(Date(""2025-02-05""), 17)",19.98181468886757
"(Date(""2025-02-06""), 17)",29.062725345966985
"(Date(""2025-02-07""), 17)",18.186169980881587
"(Date(""2025-02-08""), 17)",23.199333539293832
"(Date(""2025-02-09""), 17)",25.76220484026641
"(Date(""2025-02-10""), 17)",20.893614485058354
"(Date(""2025-02-11""), 17)",20.280571062505324
"(Date(""2025-02-12""), 17)",16.74210564925465
"(Date(""2025-02-13""), 17)",20.338463079661278
"(Date(""2025-02-14""), 17)",16.11398465318302
"(Date(""2025-02-15""), 17)",20.909693637783608
"(Date(""2025-02-16""), 17)",16.112893554174697
"(Date(""2025-02-17""), 17)",13.631494035466586
"(Date(""2025-02-18""), 17)",10.694946961810365
"(Date(""2025-02-19""), 17)",11.14418587994234
"(Date(""2025-02-20""), 17)",16.92074790277145
"(Date(""2025-02-21""), 17)",14.69778137973256
"(Date(""2025-02-22""), 17)",20.27928920777947
"(Date(""2025-02-23""), 17)",21.121460638055442
"(Date(""2025-02-24""), 17)",21.764953180444266
"(Date(""2025-02-25""), 17)",24.800474208368932
"(Date(""2025-02-26""), 17)",20.740957663223668
"(Date(""2025-02-27""), 17)",24.876849294278216
"(Date(""2025-02-28""), 17)",15.139467909538444
"(Date(""2025-03-01""), 17)",19.96376332030167
"(Date(""2025-03-02""), 17)",12.188626409770496
"(Date(""2025-03-03""), 17)",23.35369406305772
"(Date(""2025-03-04""), 17)",34.79967331571926
"(Date(""2025-03-05""), 17)",26.014450833348356
"(Date(""2025-03-06""), 17)",17.951375294557185
"(Date(""2025-03-07""), 17)",10.022173602051598
"(Date(""2025-03-08""), 17)",12.329481737793987
"(Date(""2025-03-09""), 17)",16.670046003483755
"(Date(""2025-03-10""), 17)",19.569452235581387
"(Date(""2025-03-11""), 17)",18.365218172062253
"(Date(""2025-03-12""), 17)",18.63980463214954
"(Date(""2025-03-13""), 17)",21.393476184910444
"(Date(""2025-03-14""), 17)",31.331670520848768
"(Date(""2025-03-15""), 17)",28.804263849383812
"(Date(""2025-03-16""), 17)",23.80911977243877
"(Date(""2025-03-17""), 17)",18.86998100421242
"(Date(""2025-03-18""), 17)",18.73233118226959
"(Date(""2025-03-19""), 17)",20.935636050970597
"(Date(""2025-03-20""), 17)",17.513867444084116
"(Date(""2025-03-21""), 17)",12.582639027317073
"(Date(""2025-03-22""), 17)",15.868922623183852
"(Date(""2025-03-23""), 17)",13.80307733711507
"(Date(""2025-03-24""), 17)",18.210723853802765
"(Date(""2025-03-25""), 17)",16.135068989795418
"(Date(""2025-03-26""), 17)",14.572288365911144
"(Date(""2025-03-27""), 17)",12.41602026831991
"(Date(""2025-03-28""), 17)",13.211929518648702
"(Date(""2025-03-29""), 17)",12.738172834544926
"(Date(""2025-03-30""), 17)",14.106558656944747
"(Date(""2025-03-31""), 17)",17.53339889956082
"(Date(""2025-04-01""), 17)",8.476646664125898
"(Date(""2025-04-02""), 17)",10.557052707387196
"(Date(""2025-04-03""), 17)",12.790586240020554
"(Date(""2025-04-04""), 17)",11.103572434243775
"(Date(""2025-04-05""), 17)",11.015276497150824
"(Date(""2025-04-06""), 17)",11.277813615285732
"(Date(""2025-04-07""), 17)",11.111232797979987
"(Date(""2025-04-08""), 17)",11.134191107582565
"(Date(""2025-04-09""), 17)",9.240614493402656
"(Date(""2025-04-10""), 17)",13.887783244042357
"(Date(""2025-04-11""), 17)",15.667239422879762
"(Date(""2025-04-12""), 17)",15.24648706660386
"(Date(""2025-04-13""), 17)",15.229699301020391
"(Date(""2025-04-14""), 17)",17.86882361216166
"(Date(""2025-04-15""), 17)",14.155320354243418
"(Date(""2025-04-16""), 17)",9.772829746184284
"(Date(""2025-04-17""), 17)",9.281615272553303
"(Date(""2025-04-18""), 17)",16.323084621176065
"(Date(""2025-04-19""), 17)",18.043336813552333
"(Date(""2025-04-20""), 17)",8.975264880832821
"(Date(""2025-04-21""), 17)",13.533651441785047
"(Date(""2025-04-22""), 17)",13.301105628858354
"(Date(""2025-04-23""), 17)",11.315885061600701
"(Date(""2025-04-24""), 17)",17.63041519493487
"(Date(""2025-04-25""), 17)",15.649924491886473
"(Date(""2025-04-26""), 17)",14.616095478753799
"(Date(""2025-04-27""), 17)",14.465480370300618
"(Date(""2025-04-28""), 17)",14.6670662376399
"(Date(""2025-04-29""), 17)",17.33814865398804
"(Date(""2025-04-30""), 17)",9.676413517278757
"(Date(""2025-05-01""), 17)",14.15958045519392
"(Date(""2025-05-02""), 17)",16.322571355894407
"(Date(""2025-05-03""), 17)",16.568255305422408
"(Date(""2025-05-04""), 17)",17.7888946362567
"(Date(""2025-05-05""), 17)",13.298347495743675
"(Date(""2025-05-06""), 17)",17.59357453791796
"(Date(""2025-05-07""), 17)",15.398728306007095
"(Date(""2025-05-08""), 17)",9.969730857118552
"(Date(""2025-05-09""), 17)",10.329256312860696
"(Date(""2025-05-10""), 17)",16.280915611452475
"(Date(""2025-05-11""), 17)",11.389626798478348
"(Date(""2025-05-12""), 17)",18.600340681381017
"(Date(""2025-05-13""), 17)",17.82398393772984
"(Date(""2025-05-14""), 17)",20.569699878654504
"(Date(""2025-05-15""), 17)",21.74068422743549
"(Date(""2025-05-16""), 17)",19.955393012504818
"(Date(""2025-05-17""), 17)",16.865031273832674
"(Date(""2025-05-18""), 17)",13.623070102480058
"(Date(""2025-05-19""), 17)",11.0029047216888
"(Date(""2025-05-20""), 17)",12.229627568699586
"(Date(""2025-05-21""), 17)",12.624461802024335
"(Date(""2025-05-22""), 17)",11.339024518219583
"(Date(""2025-05-23""), 17)",11.80215406897506
"(Date(""2025-05-24""), 17)",14.624415746607934
"(Date(""2025-05-25""), 17)",15.098938927906044
"(Date(""2025-05-26""), 17)",17.672295938801085
"(Date(""2025-05-27""), 17)",18.57864561048354
"(Date(""2025-05-28""), 17)",23.997437251607398
"(Date(""2025-05-29""), 17)",17.757560784644554
"(Date(""2025-05-30""), 17)",15.563053972111351
"(Date(""2025-05-31""), 17)",13.536641742995815
"(Date(""2025-06-01""), 17)",7.68885750876404
"(Date(""2025-06-02""), 17)",11.921937623456703
"(Date(""2025-06-03""), 17)",17.852025807746664
"(Date(""2025-06-04""), 17)",24.28958636590921
"(Date(""2025-06-05""), 17)",22.64469489234463
"(Date(""2025-06-06""), 17)",25.646711634728675
"(Date(""2025-06-07""), 17)",23.46780974957835
"(Date(""2025-06-08""), 17)",21.42982179798357
"(Date(""2025-06-09""), 17)",18.38933641932068
"(Date(""2025-06-10""), 17)",15.467786724827695
"(Date(""2025-06-11""), 17)",12.589217583283782
"(Date(""2025-06-12""), 17)",12.63326108406874
"(Date(""2025-06-13""), 17)",12.461418512837872
"(Date(""2025-06-14""), 17)",15.321874956989046
"(Date(""2025-06-15""), 17)",20.872495959534113
"(Date(""2025-06-16""), 17)",27.29720629547187
"(Date(""2025-06-17""), 17)",25.443512717233336
"(Date(""2025-06-18""), 17)",27.97923826351087
"(Date(""2025-06-19""), 17)",24.391329240113908
"(Date(""2025-06-20""), 17)",13.565624408996463
"(Date(""2025-06-21""), 17)",19.212642718391447
"(Date(""2025-06-22""), 17)",22.238709535893463
"(Date(""2025-06-23""), 17)",22.747713579548126
"(Date(""2025-06-24""), 17)",20.247673283638356
"(Date(""2025-06-25""), 17)",18.279516711857905
"(Date(""2025-06-26""), 17)",11.216181087895945
"(Date(""2025-06-27""), 17)",13.730065102787881
"(Date(""2025-06-28""), 17)",17.272536522644323
"(Date(""2025-06-29""), 17)",12.712489290589525
"(Date(""2025-06-30""), 17)",19.448339724494325
"(Date(""2025-07-01""), 17)",19.411541229481486
"(Date(""2025-07-02""), 17)",16.904405520479546
"(Date(""2025-07-03""), 17)",16.018002174267203
"(Date(""2025-07-04""), 17)",13.014404319366914
"(Date(""2025-07-05""), 17)",17.938495855576008
"(Date(""2025-07-06""), 17)",20.880393720140418
"(Date(""2025-07-07""), 17)",12.082623519532078
"(Date(""2025-07-08""), 17)",17.461584686313408
"(Date(""2025-07-09""), 17)",22.18122713338549
"(Date(""2025-07-10""), 17)",23.33020810345232
"(Date(""2025-07-11""), 17)",25.53220745871153
"(Date(""2025-07-12""), 17)",30.572124811621926
"(Date(""2025-07-13""), 17)",23.707348105152935
"(Date(""2025-07-14""), 17)",23.949222424232136
"(Date(""2025-07-15""), 17)",24.956558860632924
"(Date(""2025-07-16""), 17)",27.394381290455165
"(Date(""2025-07-17""), 17)",20.83238126364591
"(Date(""2025-07-18""), 17)",13.630172571483243
"(Date(""2025-07-19""), 17)",16.766354286912897
"(Date(""2025-07-20""), 17)",15.797532388613089
"(Date(""2025-07-21""), 17)",11.466771896225454
"(Date(""2025-07-22""), 17)",14.539674204657725
"(Date(""2025-07-23""), 17)",18.841075222495068
"(Date(""2025-07-24""), 17)",22.251399596431774
"(Date(""2025-07-25""), 17)",20.90752561381335
"(Date(""2025-07-26""), 17)",25.018744076238075
"(Date(""2025-07-27""), 17)",25.67902483458576
"(Date(""2025-07-28""), 17)",28.182810710363118
"(Date(""2025-07-29""), 17)",26.105745697452786
"(Date(""2025-07-30""), 17)",22.722193307327064
"(Date(""2025-07-31""), 17)",17.697419487404975
"(Date(""2025-08-01""), 17)",14.42999062388216
"(Date(""2025-08-02""), 17)",17.35431560705997
"(Date(""2025-08-03""), 17)",19.08274690010393
"(Date(""2025-08-04""), 17)",21.674571111241832
"(Date(""2025-08-05""), 17)",16.844225658760884
"(Date(""2025-08-06""), 17)",21.93151560514782
"(Date(""2025-08-07""), 17)",26.879565021299896
"(Date(""2025-08-08""), 17)",29.602908314745008
"(Date(""2025-08-09""), 17)",30.43730296879499
"(Date(""2025-08-10""), 17)",30.687148203812885
"(Date(""2025-08-11""), 17)",31.619870692061767
"(Date(""2025-08-12""), 17)",32.6328836655397
"(Date(""2025-08-13""), 17)",24.24725554677972
"(Date(""2025-08-14""), 17)",22.629800603022264
"(Date(""2025-08-15""), 17)",19.386261921592176
"(Date(""2025-08-16""), 17)",22.709483539784866
"(Date(""2025-08-17""), 17)",16.167955303714194
"(Date(""2025-08-18""), 17)",13.886255978877713
"(Date(""2025-08-19""), 17)",17.039050299333283
"(Date(""2025-08-20""), 17)",16.499218274091344
"(Date(""2025-08-21""), 17)",18.32092080109937
"(Date(""2025-08-22""), 17)",19.682619545730834
"(Date(""2025-08-23""), 17)",19.143742164942918
"(Date(""2025-08-24""), 17)",16.988691626164474
"(Date(""2025-08-25""), 17)",12.82681995504561
"(Date(""2025-08-26""), 17)",9.80205588464066
"(Date(""2025-08-27""), 17)",11.327424549447432
"(Date(""2025-08-28""), 17)",11.682310818750574
"(Date(""2025-08-29""), 17)",11.510917730126298
"(Date(""2025-08-30""), 17)",11.751349194490635
"(Date(""2025-08-31""), 17)",16.543001276543915
"(Date(""2025-09-01""), 17)",19.266181281064316
"(Date(""2025-09-02""), 17)",18.781098025046322
"(Date(""2025-09-03""), 17)",19.488743092741277
"(Date(""2025-09-04""), 17)",14.165646330403105
"(Date(""2025-09-05""), 17)",14.32161406801656
"(Date(""2025-09-06""), 17)",13.13361048637033
"(Date(""2025-09-07""), 17)",11.93209808285905
"(Date(""2025-09-08""), 17)",11.18586608329029
"(Date(""2025-09-09""), 17)",15.375667791087007
"(Date(""2025-09-10""), 17)",18.424982668449214
"(Date(""2025-09-11""), 17)",16.692710676569792
"(Date(""2025-09-12""), 17)",16.03914800892035
"(Date(""2025-09-13""), 17)",20.640847386476455
"(Date(""2025-09-14""), 17)",19.507258543285428
"(Date(""2025-09-15""), 17)",15.716423960821572
"(Date(""2025-09-16""), 17)",18.39761668470219
"(Date(""2025-09-17""), 17)",20.998867764426127
"(Date(""2025-09-18""), 17)",17.699035101525595
"(Date(""2025-09-19""), 17)",13.232261812932258
"(Date(""2025-09-20""), 17)",14.647017698425996
"(Date(""2025-09-21""), 17)",16.82658034915073
"(Date(""2025-09-22""), 17)",19.390019912209798
"(Date(""2025-09-23""), 17)",24.685670166859968
"(Date(""2025-09-24""), 17)",15.314700908753197
"(Date(""2025-09-25""), 17)",17.991203358222638
"(Date(""2025-09-26""), 17)",15.647661254418374
"(Date(""2025-09-27""), 17)",15.950214075458678
"(Date(""2025-09-28""), 17)",16.21927476166009
"(Date(""2025-09-29""), 17)",13.752209453616292
"(Date(""2025-09-30""), 17)",12.363000499395143
"(Date(""2025-10-01""), 17)",11.901103942860818
"(Date(""2025-10-02""), 17)",16.85484604127321
"(Date(""2025-10-03""), 17)",18.84965242896602
"(Date(""2025-10-04""), 17)",22.842940039820554
"(Date(""2025-10-05""), 17)",23.358460271426914
"(Date(""2025-10-06""), 17)",22.483614681126205
"(Date(""2025-10-07""), 17)",19.47699484397795
"(Date(""2025-10-08""), 17)",14.864699357978067
"(Date(""2025-10-09""), 17)",12.832720475195329
"(Date(""2025-10-10""), 17)",17.431018144181174
"(Date(""2025-10-11""), 17)",19.419740834657503
"(Date(""2025-10-12""), 17)",14.544414537385176
"(Date(""2025-10-13""), 17)",14.100985303479174
"(Date(""2025-10-14""), 17)",16.916989768738965
"(Date(""2025-10-15""), 17)",11.811436528040621
"(Date(""2025-10-16""), 17)",11.797071193536143
"(Date(""2025-10-17""), 17)",15.243262233824478
"(Date(""2025-10-18""), 17)",17.40200449771861
"(Date(""2025-10-19""), 17)",14.863045485367318
"(Date(""2025-10-20""), 17)",17.00129755709621
"(Date(""2025-10-21""), 17)",13.166366123294821
"(Date(""2025-10-22""), 17)",11.56186513550736
"(Date(""2025-10-23""), 17)",12.631921036705107
"(Date(""2025-10-24""), 17)",14.001113268858361
"(Date(""2025-10-25""), 17)",11.831762655748765
"(Date(""2025-10-26""), 17)",13.348127712044281
"(Date(""2025-10-27""), 17)",14.793971334106294
"(Date(""2025-10-28""), 17)",13.01615468324048
"(Date(""2025-10-29""), 17)",12.389147819628327
"(Date(""2025-10-30""), 17)",13.659982132268645
"(Date(""2025-10-31""), 17)",11.323060188384432
"(Date(""2025-11-01""), 17)",10.83329847393954
"(Date(""2025-11-02""), 17)",12.882871914107232
"(Date(""2025-11-03""), 17)",12.406875540196658
"(Date(""2025-11-04""), 17)",10.340263852852905
"(Date(""2025-11-05""), 17)",14.397126982800653
"(Date(""2025-11-06""), 17)",12.2988260376282
"(Date(""2025-11-07""), 17)",15.01736949827833
"(Date(""2025-11-08""), 17)",13.378511649107207
"(Date(""2025-11-09""), 17)",11.993665660376424
"(Date(""2025-11-10""), 17)",17.25923020854725
"(Date(""2025-11-11""), 17)",10.378786685212035
"(Date(""2025-11-12""), 17)",17.270006131746346
"(Date(""2025-11-13""), 17)",17.557775914593563
"(Date(""2025-11-14""), 17)",16.4266335008805
"(Date(""2025-11-15""), 17)",15.347876325654754
"(Date(""2025-11-16""), 17)",14.750979384445927
"(Date(""2025-11-17""), 17)",11.637496873356293
"(Date(""2025-11-18""), 17)",11.926985612896216
"(Date(""2025-11-19""), 17)",15.323286827716066
"(Date(""2025-11-20""), 17)",21.633920195435685
"(Date(""2025-11-21""), 17)",22.861685728308988
"(Date(""2025-11-22""), 17)",19.406152063292158
"(Date(""2025-11-23""), 17)",23.74679802270402
"(Date(""2025-11-24""), 17)",19.919167376450936
"(Date(""2025-11-25""), 17)",20.558214395462866
"(Date(""2025-11-26""), 17)",19.280879527415127
"(Date(""2025-11-27""), 17)",11.35924281019178
"(Date(""2025-11-28""), 17)",10.934840040768787
"(Date(""2025-11-29""), 17)",11.094858643331436
"(Date(""2025-11-30""), 17)",14.58954328335689
"(Date(""2025-12-01""), 17)",13.389830213873696
"(Date(""2025-12-02""), 17)",16.824532555847835
"(Date(""2025-12-03""), 17)",18.323668159226127
"(Date(""2025-12-04""), 17)",13.511606100223384
"(Date(""2025-12-05""), 17)",19.740127216753397
"(Date(""2025-12-06""), 17)",22.785784655250424
"(Date(""2025-12-07""), 17)",23.302253609556256
"(Date(""2025-12-08""), 17)",17.446536588186884
"(Date(""2025-12-09""), 17)",27.771336489618456
"(Date(""2025-12-10""), 17)",31.187146602720112
"(Date(""2025-12-11""), 17)",18.026193576376507
"(Date(""2025-12-12""), 17)",15.841785116289069
"(Date(""2025-12-13""), 17)",27.57463433173791
"(Date(""2025-12-14""), 17)",22.49899782653465
"(Date(""2025-12-15""), 17)",22.25095747839525
"(Date(""2025-12-16""), 17)",24.333768506724923
"(Date(""2025-12-17""), 17)",19.061192721873756
"(Date(""2025-12-18""), 17)",21.715187602094975
"(Date(""2025-12-19""), 17)",14.515269481935903
"(Date(""2025-12-20""), 17)",14.282831119664454
"(Date(""2025-12-21""), 17)",11.887821009347492
"(Date(""2025-12-22""), 17)",18.172743500908428
"(Date(""2025-12-23""), 17)",18.786243002081427
"(Date(""2025-12-24""), 17)",18.90312697443126
"(Date(""2025-12-25""), 17)",18.24356302322212
"(Date(""2025-12-26""), 17)",17.349589404854107
"(Date(""2025-12-27""), 17)",19.339874493825928
"(Date(""2025-12-28""), 17)",22.41649844649283
"(Date(""2025-12-29""), 17)",17.983079817767702
"(Date(""2025-12-30""), 17)",10.525027165789599
"(Date(""2025-12-31""), 17)",14.18435720303844
"(Date(""2025-01-01""), 31)",44.11377334622707
"(Date(""2025-01-02""), 31)",18.36668111240959
"(Date(""2025-01-03""), 31)",14.171596411089373
"(Date(""2025-01-04""), 31)",17.735385975409095
"(Date(""2025-01-05""), 31)",14.876414610632995
"(Date(""2025-01-06""), 31)",18.11975448661475
"(Date(""2025-01-07""), 31)",17.215767703957567
"(Date(""2025-01-08""), 31)",15.394959955447566
"(Date(""2025-01-09""), 31)",12.720947849222863
"(Date(""2025-01-10""), 31)",13.999346836278981
"(Date(""2025-01-11""), 31)",25.62326255386964
"(Date(""2025-01-12""), 31)",21.666792422974495
"(Date(""2025-01-13""), 31)",32.75518836507229
"(Date(""2025-01-14""), 31)",17.243027396832566
"(Date(""2025-01-15""), 31)",21.036322499257345
"(Date(""2025-01-16""), 31)",27.940189812292882
"(Date(""2025-01-17""), 31)",28.032986057198777
"(Date(""2025-01-18""), 31)",21.903910424113
"(Date(""2025-01-19""), 31)",21.51497003381539
"(Date(""2025-01-20""), 31)",19.10227323739933
"(Date(""2025-01-21""), 31)",21.277478280256084
"(Date(""2025-01-22""), 31)",23.395036480115085
"(Date(""2025-01-23""), 31)",27.731901131461278
"(Date(""2025-01-24""), 31)",23.761382434895282
"(Date(""2025-01-25""), 31)",30.260835152532355
"(Date(""2025-01-26""), 31)",24.705013356281864
"(Date(""2025-01-27""), 31)",16.814026811461027
"(Date(""2025-01-28""), 31)",16.844236397664748
"(Date(""2025-01-29""), 31)",20.501152115670145
"(Date(""2025-01-30""), 31)",18.273684126673405
"(Date(""2025-01-31""), 31)",26.68915887665142
"(Date(""2025-02-01""), 31)",18.673102726308418
"(Date(""2025-02-02""), 31)",23.864352721928263
"(Date(""2025-02-03""), 31)",36.433344043366176
"(Date(""2025-02-04""), 31)",21.75976355155341
"(Date(""2025-02-05""), 31)",21.09985805963786
"(Date(""2025-02-06""), 31)",30.589812715203085
"(Date(""2025-02-07""), 31)",19.04762561250316
"(Date(""2025-02-08""), 31)",23.799539724267543
"(Date(""2025-02-09""), 31)",24.971527940003643
"(Date(""2025-02-10""), 31)",20.17979210077293
"(Date(""2025-02-11""), 31)",19.555085667635343
"(Date(""2025-02-12""), 31)",16.495670348038185
"(Date(""2025-02-13""), 31)",19.928437668772567
"(Date(""2025-02-14""), 31)",16.069676740373758
"(Date(""2025-02-15""), 31)",20.365378238449797
"(Date(""2025-02-16""), 31)",15.50201510250205
"(Date(""2025-02-17""), 31)",13.186036735071044
"(Date(""2025-02-18""), 31)",10.575371477505533
"(Date(""2025-02-19""), 31)",11.413084078375173
"(Date(""2025-02-20""), 31)",17.067314491128027
"(Date(""2025-02-21""), 31)",15.123785064894857
"(Date(""2025-02-22""), 31)",20.645261200222812
"(Date(""2025-02-23""), 31)",21.10049608461956
"(Date(""2025-02-24""), 31)",21.196502819863944
"(Date(""2025-02-25""), 31)",23.874652450875818
"(Date(""2025-02-26""), 31)",19.785986730127544
"(Date(""2025-02-27""), 31)",23.532972121602587
"(Date(""2025-02-28""), 31)",14.072170668308008
"(Date(""2025-03-01""), 31)",19.78285624025887
"(Date(""2025-03-02""), 31)",12.49402374360172
"(Date(""2025-03-03""), 31)",25.21345031590207
"(Date(""2025-03-04""), 31)",36.12154328018374
"(Date(""2025-03-05""), 31)",27.497741682251277
"(Date(""2025-03-06""), 31)",18.522032855695223
"(Date(""2025-03-07""), 31)",10.503452455132463
"(Date(""2025-03-08""), 31)",12.573452276220488
"(Date(""2025-03-09""), 31)",16.95218667372445
"(Date(""2025-03-10""), 31)",19.575534351990893
"(Date(""2025-03-11""), 31)",19.088467375190632
"(Date(""2025-03-12""), 31)",19.349036125389105
"(Date(""2025-03-13""), 31)",22.754009733080768
"(Date(""2025-03-14""), 31)",33.11914118485318
"(Date(""2025-03-15""), 31)",32.12705302958896
"(Date(""2025-03-16""), 31)",26.51379538080062
"(Date(""2025-03-17""), 31)",20.952505902973154
"(Date(""2025-03-18""), 31)",20.26431823316627
"(Date(""2025-03-19""), 31)",22.678156269421233
"(Date(""2025-03-20""), 31)",18.899322939767345
"(Date(""2025-03-21""), 31)",13.438208662706474
"(Date(""2025-03-22""), 31)",16.91356623747864
"(Date(""2025-03-23""), 31)",14.595166009593791
"(Date(""2025-03-24""), 31)",18.931649342541686
"(Date(""2025-03-25""), 31)",16.762463590293383
"(Date(""2025-03-26""), 31)",14.889485376592106
"(Date(""2025-03-27""), 31)",12.921041418658293
"(Date(""2025-03-28""), 31)",13.517649809008274
"(Date(""2025-03-29""), 31)",13.103053101236535
"(Date(""2025-03-30""), 31)",14.412560597347177
"(Date(""2025-03-31""), 31)",18.25522783834037
"(Date(""2025-04-01""), 31)",8.770914990285458
"(Date(""2025-04-02""), 31)",10.953651150003857
"(Date(""2025-04-03""), 31)",13.27138728498611
"(Date(""2025-04-04""), 31)",11.56543942988424
"(Date(""2025-04-05""), 31)",11.492986534383386
"(Date(""2025-04-06""), 31)",11.616332550682175
"(Date(""2025-04-07""), 31)",11.137522607410258
"(Date(""2025-04-08""), 31)",11.21886467527385
"(Date(""2025-04-09""), 31)",9.335635546881722
"(Date(""2025-04-10""), 31)",14.381068730754993
"(Date(""2025-04-11""), 31)",16.463095030735943
"(Date(""2025-04-12""), 31)",16.196771384247587
"(Date(""2025-04-13""), 31)",16.287266052315406
"(Date(""2025-04-14""), 31)",18.431218852684612
"(Date(""2025-04-15""), 31)",14.52852247660037
"(Date(""2025-04-16""), 31)",9.92495298872074
"(Date(""2025-04-17""), 31)",9.555617571533983
"(Date(""2025-04-18""), 31)",16.51940641153444
"(Date(""2025-04-19""), 31)",18.241807990795593
"(Date(""2025-04-20""), 31)",9.077721743797671
"(Date(""2025-04-21""), 31)",13.862843067943905
"(Date(""2025-04-22""), 31)",13.801878190002618
"(Date(""2025-04-23""), 31)",11.758684175498479
"(Date(""2025-04-24""), 31)",18.017849715335263
"(Date(""2025-04-25""), 31)",16.009504487975562
"(Date(""2025-04-26""), 31)",14.93573930812058
"(Date(""2025-04-27""), 31)",15.0211162943819
"(Date(""2025-04-28""), 31)",14.920221742742875
"(Date(""2025-04-29""), 31)",17.902674032800572
"(Date(""2025-04-30""), 31)",9.756033469011683
"(Date(""2025-05-01""), 31)",14.26842458183128
"(Date(""2025-05-02""), 31)",16.422300469847404
"(Date(""2025-05-03""), 31)",16.376622133884275
"(Date(""2025-05-04""), 31)",17.69895757266187
"(Date(""2025-05-05""), 31)",13.196140555730464
"(Date(""2025-05-06""), 31)",17.90455600449825
"(Date(""2025-05-07""), 31)",15.692145905111815
"(Date(""2025-05-08""), 31)",10.060418254905128
"(Date(""2025-05-09""), 31)",9.975912354594637
"(Date(""2025-05-10""), 31)",15.683106362744759
"(Date(""2025-05-11""), 31)",11.050850972672016
"(Date(""2025-05-12""), 31)",18.305595323053733
"(Date(""2025-05-13""), 31)",18.27018277667774
"(Date(""2025-05-14""), 31)",21.30714377592863
"(Date(""2025-05-15""), 31)",22.38814631216247
"(Date(""2025-05-16""), 31)",20.328321627470192
"(Date(""2025-05-17""), 31)",17.206155825692093
"(Date(""2025-05-18""), 31)",13.665549715891068
"(Date(""2025-05-19""), 31)",10.636634830405475
"(Date(""2025-05-20""), 31)",11.544129263547294
"(Date(""2025-05-21""), 31)",11.914531070108673
"(Date(""2025-05-22""), 31)",10.84678092728007
"(Date(""2025-05-23""), 31)",11.333395595448549
"(Date(""2025-05-24""), 31)",14.069085833353164
"(Date(""2025-05-25""), 31)",14.361160934545303
"(Date(""2025-05-26""), 31)",16.908839088261736
"(Date(""2025-05-27""), 31)",17.851431690153003
"(Date(""2025-05-28""), 31)",23.0148801369083
"(Date(""2025-05-29""), 31)",16.912036816595464
"(Date(""2025-05-30""), 31)",15.097334219287536
"(Date(""2025-05-31""), 31)",13.212477002885084
"(Date(""2025-06-01""), 31)",7.696334007005808
"(Date(""2025-06-02""), 31)",11.755713987585962
"(Date(""2025-06-03""), 31)",17.557404593367497
"(Date(""2025-06-04""), 31)",23.59888490176259
"(Date(""2025-06-05""), 31)",22.22644053819011
"(Date(""2025-06-06""), 31)",24.89140181540274
"(Date(""2025-06-07""), 31)",23.050016785230287
"(Date(""2025-06-08""), 31)",21.47540011849841
"(Date(""2025-06-09""), 31)",18.4394333519141
"(Date(""2025-06-10""), 31)",15.731072526271781
"(Date(""2025-06-11""), 31)",12.604589370697925
"(Date(""2025-06-12""), 31)",12.755976095656965
"(Date(""2025-06-13""), 31)",12.495505505685895
"(Date(""2025-06-14""), 31)",15.446035409100617
"(Date(""2025-06-15""), 31)",21.04769560731819
"(Date(""2025-06-16""), 31)",27.159288243838933
"(Date(""2025-06-17""), 31)",25.337859547460152
"(Date(""2025-06-18""), 31)",27.42399870627265
"(Date(""2025-06-19""), 31)",23.831640612262127
"(Date(""2025-06-20""), 31)",13.11441642558646
"(Date(""2025-06-21""), 31)",18.876890720333755
"(Date(""2025-06-22""), 31)",22.32187095686867
"(Date(""2025-06-23""), 31)",23.20351875721436
"(Date(""2025-06-24""), 31)",20.76549934392604
"(Date(""2025-06-25""), 31)",18.886131287496443
"(Date(""2025-06-26""), 31)",11.326317810050186
"(Date(""2025-06-27""), 31)",13.689328467995965
"(Date(""2025-06-28""), 31)",17.153228735799164
"(Date(""2025-06-29""), 31)",12.718706724818423
"(Date(""2025-06-30""), 31)",19.683747525891782
"(Date(""2025-07-01""), 31)",19.52849416687497
"(Date(""2025-07-02""), 31)",17.0595072878174
"(Date(""2025-07-03""), 31)",16.291929765302328
"(Date(""2025-07-04""), 31)",13.40899343640561
"(Date(""2025-07-05""), 31)",18.512061486923667
"(Date(""2025-07-06""), 31)",21.455357172196393
"(Date(""2025-07-07""), 31)",12.366008339754485
"(Date(""2025-07-08""), 31)",17.894275778268373
"(Date(""2025-07-09""), 31)",22.521755984090493
"(Date(""2025-07-10""), 31)",23.337220664080775
"(Date(""2025-07-11""), 31)",25.542491968502286
"(Date(""2025-07-12""), 31)",31.510424045984877
"(Date(""2025-07-13""), 31)",24.72094028602202
"(Date(""2025-07-14""), 31)",25.191416241298285
"(Date(""2025-07-15""), 31)",25.623523426472545
"(Date(""2025-07-16""), 31)",27.806872396522685
"(Date(""2025-07-17""), 31)",21.071593270553514
"(Date(""2025-07-18""), 31)",13.771017734746682
"(Date(""2025-07-19""), 31)",16.984946313653808
"(Date(""2025-07-20""), 31)",15.964956820142097
"(Date(""2025-07-21""), 31)",11.429953176139506
"(Date(""2025-07-22""), 31)",14.68978534735776
"(Date(""2025-07-23""), 31)",18.86744391622931
"(Date(""2025-07-24""), 31)",22.731220334332875
"(Date(""2025-07-25""), 31)",21.096431683208404
"(Date(""2025-07-26""), 31)",25.830324433182472
"(Date(""2025-07-27""), 31)",26.39419517915261
"(Date(""2025-07-28""), 31)",29.053077498822198
"(Date(""2025-07-29""), 31)",26.685653502946757
"(Date(""2025-07-30""), 31)",23.074614166823274
"(Date(""2025-07-31""), 31)",17.823505197373898
"(Date(""2025-08-01""), 31)",14.361951785829655
"(Date(""2025-08-02""), 31)",17.19594295055408
"(Date(""2025-08-03""), 31)",18.96068280704704
"(Date(""2025-08-04""), 31)",21.772396885536065
"(Date(""2025-08-05""), 31)",16.802730461544563
"(Date(""2025-08-06""), 31)",22.223499743279962
"(Date(""2025-08-07""), 31)",27.08583705937826
"(Date(""2025-08-08""), 31)",30.286574339620113
"(Date(""2025-08-09""), 31)",30.811788914888204
"(Date(""2025-08-10""), 31)",30.95534605450198
"(Date(""2025-08-11""), 31)",31.9415032437693
"(Date(""2025-08-12""), 31)",33.51267847949671
"(Date(""2025-08-13""), 31)",25.075276735874578
"(Date(""2025-08-14""), 31)",23.21803757731841
"(Date(""2025-08-15""), 31)",19.445088702692203
"(Date(""2025-08-16""), 31)",22.70175661094823
"(Date(""2025-08-17""), 31)",16.15531914870443
"(Date(""2025-08-18""), 31)",13.799113488814974
"(Date(""2025-08-19""), 31)",16.91933524267892
"(Date(""2025-08-20""), 31)",16.481493123018286
"(Date(""2025-08-21""), 31)",18.40938838608171
"(Date(""2025-08-22""), 31)",19.527576214911168
"(Date(""2025-08-23""), 31)",18.768459373206063
"(Date(""2025-08-24""), 31)",16.629856825132503
"(Date(""2025-08-25""), 31)",12.758268168047248
"(Date(""2025-08-26""), 31)",9.867272377270641
"(Date(""2025-08-27""), 31)",11.592586673912129
"(Date(""2025-08-28""), 31)",12.005785908489424
"(Date(""2025-08-29""), 31)",11.787218319923099
"(Date(""2025-08-30""), 31)",11.899680271572121
"(Date(""2025-08-31""), 31)",16.085824650473405
"(Date(""2025-09-01""), 31)",18.438344323431227
"(Date(""2025-09-02""), 31)",17.84424385279987
"(Date(""2025-09-03""), 31)",18.849993552736038
"(Date(""2025-09-04""), 31)",13.925159928505627
"(Date(""2025-09-05""), 31)",14.11027421696893
"(Date(""2025-09-06""), 31)",13.112046006820165
"(Date(""2025-09-07""), 31)",11.882056253689987
"(Date(""2025-09-08""), 31)",11.16110471227865
"(Date(""2025-09-09""), 31)",15.261627281190899
"(Date(""2025-09-10""), 31)",18.285700648597114
"(Date(""2025-09-11""), 31)",16.55619562770771
"(Date(""2025-09-12""), 31)",15.891208386723532
"(Date(""2025-09-13""), 31)",20.4459183030571
"(Date(""2025-09-14""), 31)",19.320329843057923
"(Date(""2025-09-15""), 31)",15.662969015997724
"(Date(""2025-09-16""), 31)",18.455742027989594
"(Date(""2025-09-17""), 31)",21.382552551288736
"(Date(""2025-09-18""), 31)",17.949203917549045
"(Date(""2025-09-19""), 31)",13.290639221997791
"(Date(""2025-09-20""), 31)",14.53654664254508
"(Date(""2025-09-21""), 31)",16.64595664794995
"(Date(""2025-09-22""), 31)",19.245845143637784
"(Date(""2025-09-23""), 31)",24.44920353249571
"(Date(""2025-09-24""), 31)",15.36759710333677
"(Date(""2025-09-25""), 31)",18.050698602219732
"(Date(""2025-09-26""), 31)",15.622327219916315
"(Date(""2025-09-27""), 31)",15.96627160062008
"(Date(""2025-09-28""), 31)",16.224728194500873
"(Date(""2025-09-29""), 31)",13.938061115119934
"(Date(""2025-09-30""), 31)",12.452178013090785
"(Date(""2025-10-01""), 31)",11.923518751071498
"(Date(""2025-10-02""), 31)",16.78451943915563
"(Date(""2025-10-03""), 31)",18.740455429286783
"(Date(""2025-10-04""), 31)",22.5234585132404
"(Date(""2025-10-05""), 31)",23.15338774015617
"(Date(""2025-10-06""), 31)",22.388863925411073
"(Date(""2025-10-07""), 31)",19.643929912387573
"(Date(""2025-10-08""), 31)",14.826732839164379
"(Date(""2025-10-09""), 31)",13.103385053397888
"(Date(""2025-10-10""), 31)",18.30268208431834
"(Date(""2025-10-11""), 31)",20.77375875552675
"(Date(""2025-10-12""), 31)",15.281208316354395
"(Date(""2025-10-13""), 31)",14.80192649857595
"(Date(""2025-10-14""), 31)",17.262454708234692
"(Date(""2025-10-15""), 31)",11.894114441785405
"(Date(""2025-10-16""), 31)",11.912953489683941
"(Date(""2025-10-17""), 31)",15.51402472071807
"(Date(""2025-10-18""), 31)",17.79682025974462
"(Date(""2025-10-19""), 31)",15.2291109521286
"(Date(""2025-10-20""), 31)",17.34683427607854
"(Date(""2025-10-21""), 31)",13.265116873451069
"(Date(""2025-10-22""), 31)",11.639610173294214
"(Date(""2025-10-23""), 31)",12.771078008478813
"(Date(""2025-10-24""), 31)",14.313445160788842
"(Date(""2025-10-25""), 31)",12.021459625976826
"(Date(""2025-10-26""), 31)",13.49800207756194
"(Date(""2025-10-27""), 31)",15.16976114077713
"(Date(""2025-10-28""), 31)",13.741817733816903
"(Date(""2025-10-29""), 31)",13.241641443636723
"(Date(""2025-10-30""), 31)",14.337367868488231
"(Date(""2025-10-31""), 31)",11.814110576205078
"(Date(""2025-11-01""), 31)",11.219378624271084
"(Date(""2025-11-02""), 31)",13.206264741364516
"(Date(""2025-11-03""), 31)",12.59777570142881
"(Date(""2025-11-04""), 31)",10.481338756827343
"(Date(""2025-11-05""), 31)",14.665001037854418
"(Date(""2025-11-06""), 31)",12.678639550735918
"(Date(""2025-11-07""), 31)",15.494367288570105
"(Date(""2025-11-08""), 31)",13.835656471259053
"(Date(""2025-11-09""), 31)",12.260496434813058
"(Date(""2025-11-10""), 31)",17.65152961089565
"(Date(""2025-11-11""), 31)",10.595797573208378
"(Date(""2025-11-12""), 31)",17.498066959627334
"(Date(""2025-11-13""), 31)",17.662054945105965
"(Date(""2025-11-14""), 31)",16.27527926013971
"(Date(""2025-11-15""), 31)",15.28854120535093
"(Date(""2025-11-16""), 31)",14.644245028663075
"(Date(""2025-11-17""), 31)",11.613278964806085
"(Date(""2025-11-18""), 31)",11.98899687349115
"(Date(""2025-11-19""), 31)",15.514038898909032
"(Date(""2025-11-20""), 31)",21.79338637375783
"(Date(""2025-11-21""), 31)",22.15903457857635
"(Date(""2025-11-22""), 31)",18.6794031623267
"(Date(""2025-11-23""), 31)",22.66887086771902
"(Date(""2025-11-24""), 31)",19.498669128698715
"(Date(""2025-11-25""), 31)",19.936350494294306
"(Date(""2025-11-26""), 31)",19.000654867230033
"(Date(""2025-11-27""), 31)",11.322513943579006
"(Date(""2025-11-28""), 31)",11.065421820589542
"(Date(""2025-11-29""), 31)",11.214664613762467
"(Date(""2025-11-30""), 31)",14.506169094452616
"(Date(""2025-12-01""), 31)",13.150357132397291
"(Date(""2025-12-02""), 31)",16.487707769776392
"(Date(""2025-12-03""), 31)",18.261228783474706
"(Date(""2025-12-04""), 31)",13.529807544760606
"(Date(""2025-12-05""), 31)",19.93525608037781
"(Date(""2025-12-06""), 31)",22.782147584438793
"(Date(""2025-12-07""), 31)",23.034985684202496
"(Date(""2025-12-08""), 31)",17.12116717356898
"(Date(""2025-12-09""), 31)",27.135200187079615
"(Date(""2025-12-10""), 31)",30.9916379753825
"(Date(""2025-12-11""), 31)",17.983283050171288
"(Date(""2025-12-12""), 31)",16.04127675418022
"(Date(""2025-12-13""), 31)",27.520959599279518
"(Date(""2025-12-14""), 31)",22.530031272235647
"(Date(""2025-12-15""), 31)",22.584744935662112
"(Date(""2025-12-16""), 31)",24.837034585084094
"(Date(""2025-12-17""), 31)",19.529421251596084
"(Date(""2025-12-18""), 31)",21.457856303253234
"(Date(""2025-12-19""), 31)",14.444984452171168
"(Date(""2025-12-20""), 31)",13.787814830496421
"(Date(""2025-12-21""), 31)",11.92463294450851
"(Date(""2025-12-22""), 31)",17.597220823085895
"(Date(""2025-12-23""), 31)",18.195071129711188
"(Date(""2025-12-24""), 31)",18.795067539991496
"(Date(""2025-12-25""), 31)",17.92402571615207
"(Date(""2025-12-26""), 31)",16.99972072200245
"(Date(""2025-12-27""), 31)",19.125446182077862
"(Date(""2025-12-28""), 31)",22.272164791201448
"(Date(""2025-12-29""), 31)",17.765906526955796
"(Date(""2025-12-30""), 31)",10.346630371297714
"(Date(""2025-12-31""), 31)",13.481419721284357
"(Date(""2025-01-01""), 66)",35.712973157268706
"(Date(""2025-01-02""), 66)",15.673338920362513
"(Date(""2025-01-03""), 66)",13.100641335311048
"(Date(""2025-01-04""), 66)",15.771030547304433
"(Date(""2025-01-05""), 66)",14.04449386115852
"(Date(""2025-01-06""), 66)",17.247003354577927
"(Date(""2025-01-07""), 66)",16.421936728988044
"(Date(""2025-01-08""), 66)",14.935959896861133
"(Date(""2025-01-09""), 66)",12.43496678030944
"(Date(""2025-01-10""), 66)",13.740082059573231
"(Date(""2025-01-11""), 66)",25.267884273144745
"(Date(""2025-01-12""), 66)",20.973997474032082
"(Date(""2025-01-13""), 66)",31.888428891998124
"(Date(""2025-01-14""), 66)",16.715918406100545
"(Date(""2025-01-15""), 66)",21.003074033826316
"(Date(""2025-01-16""), 66)",27.76829017963344
"(Date(""2025-01-17""), 66)",27.882083960876912
"(Date(""2025-01-18""), 66)",22.1553579676721
"(Date(""2025-01-19""), 66)",21.74947694753692
"(Date(""2025-01-20""), 66)",19.782393053315378
"(Date(""2025-01-21""), 66)",21.829493419048063
"(Date(""2025-01-22""), 66)",24.256524010336953
"(Date(""2025-01-23""), 66)",28.08032489410793
"(Date(""2025-01-24""), 66)",23.922440837256534
"(Date(""2025-01-25""), 66)",30.19685427267707
"(Date(""2025-01-26""), 66)",25.32738681588121
"(Date(""2025-01-27""), 66)",17.071455221353517
"(Date(""2025-01-28""), 66)",17.283477836745
"(Date(""2025-01-29""), 66)",20.82018944985169
"(Date(""2025-01-30""), 66)",18.523835952590243
"(Date(""2025-01-31""), 66)",26.70451263922865
"(Date(""2025-02-01""), 66)",18.645636105891764
"(Date(""2025-02-02""), 66)",23.76117430030924
"(Date(""2025-02-03""), 66)",36.17938353599784
"(Date(""2025-02-04""), 66)",21.580276076063615
"(Date(""2025-02-05""), 66)",20.603955789600157
"(Date(""2025-02-06""), 66)",30.243376722852183
"(Date(""2025-02-07""), 66)",18.9207473087152
"(Date(""2025-02-08""), 66)",24.257494371150404
"(Date(""2025-02-09""), 66)",25.73118622297736
"(Date(""2025-02-10""), 66)",20.815880710691417
"(Date(""2025-02-11""), 66)",20.334201224723948
"(Date(""2025-02-12""), 66)",16.953816072448138
"(Date(""2025-02-13""), 66)",20.33943108641124
"(Date(""2025-02-14""), 66)",16.373157050711576
"(Date(""2025-02-15""), 66)",21.099732470695553
"(Date(""2025-02-16""), 66)",16.155593141376144
"(Date(""2025-02-17""), 66)",13.414477419816214
"(Date(""2025-02-18""), 66)",10.642906903467466
"(Date(""2025-02-19""), 66)",11.200875543432097
"(Date(""2025-02-20""), 66)",16.994299530973787
"(Date(""2025-02-21""), 66)",14.799371600478057
"(Date(""2025-02-22""), 66)",20.721819157186914
"(Date(""2025-02-23""), 66)",21.60072638423233
"(Date(""2025-02-24""), 66)",22.335891236499958
"(Date(""2025-02-25""), 66)",25.03086786547024
"(Date(""2025-02-26""), 66)",20.808422648423225
"(Date(""2025-02-27""), 66)",24.561366530368982
"(Date(""2025-02-28""), 66)",14.870818892140397
"(Date(""2025-03-01""), 66)",20.0461116959666
"(Date(""2025-03-02""), 66)",12.372354370489392
"(Date(""2025-03-03""), 66)",24.2829858353514
"(Date(""2025-03-04""), 66)",34.69175389446726
"(Date(""2025-03-05""), 66)",26.63701996553379
"(Date(""2025-03-06""), 66)",17.980725878869464
"(Date(""2025-03-07""), 66)",10.345982764370051
"(Date(""2025-03-08""), 66)",12.409110327952671
"(Date(""2025-03-09""), 66)",17.300492572173873
"(Date(""2025-03-10""), 66)",20.060579407954986
"(Date(""2025-03-11""), 66)",19.52425397196265
"(Date(""2025-03-12""), 66)",19.118298278815004
"(Date(""2025-03-13""), 66)",22.330438603201024
"(Date(""2025-03-14""), 66)",32.28039898236099
"(Date(""2025-03-15""), 66)",30.42675321167267
"(Date(""2025-03-16""), 66)",25.281505120813534
"(Date(""2025-03-17""), 66)",19.890003135343342
"(Date(""2025-03-18""), 66)",19.963557215798616
"(Date(""2025-03-19""), 66)",22.34413918544617
"(Date(""2025-03-20""), 66)",18.65477528227462
"(Date(""2025-03-21""), 66)",13.265580416248843
"(Date(""2025-03-22""), 66)",16.70650250854046
"(Date(""2025-03-23""), 66)",14.83256141038502
"(Date(""2025-03-24""), 66)",19.518954709038642
"(Date(""2025-03-25""), 66)",17.591771371206956
"(Date(""2025-03-26""), 66)",15.746119530924405
"(Date(""2025-03-27""), 66)",13.464363683068054
"(Date(""2025-03-28""), 66)",13.832493923382101
"(Date(""2025-03-29""), 66)",13.100903762936948
"(Date(""2025-03-30""), 66)",14.235993473857691
"(Date(""2025-03-31""), 66)",17.936929622711865
"(Date(""2025-04-01""), 66)",8.635491976061196
"(Date(""2025-04-02""), 66)",10.828437349872653
"(Date(""2025-04-03""), 66)",13.036527944363105
"(Date(""2025-04-04""), 66)",11.612292517550511
"(Date(""2025-04-05""), 66)",11.455494671323153
"(Date(""2025-04-06""), 66)",11.67416403277923
"(Date(""2025-04-07""), 66)",11.290737918732551
"(Date(""2025-04-08""), 66)",11.530381578030072
"(Date(""2025-04-09""), 66)",9.613726933299374
"(Date(""2025-04-10""), 66)",14.448089390225785
"(Date(""2025-04-11""), 66)",16.222534601780485
"(Date(""2025-04-12""), 66)",15.810727830944865
"(Date(""2025-04-13""), 66)",15.820109720105604
"(Date(""2025-04-14""), 66)",18.313878834692517
"(Date(""2025-04-15""), 66)",14.608191066750292
"(Date(""2025-04-16""), 66)",10.006703895289247
"(Date(""2025-04-17""), 66)",9.618004100341713
"(Date(""2025-04-18""), 66)",16.88390778545302
"(Date(""2025-04-19""), 66)",18.77485697370782
"(Date(""2025-04-20""), 66)",9.432913634026676
"(Date(""2025-04-21""), 66)",14.270770598902137
"(Date(""2025-04-22""), 66)",14.112148783627992
"(Date(""2025-04-23""), 66)",11.846588546557443
"(Date(""2025-04-24""), 66)",18.5110088132901
"(Date(""2025-04-25""), 66)",16.5187616512351
"(Date(""2025-04-26""), 66)",15.437224127685958
"(Date(""2025-04-27""), 66)",15.119489840952467
"(Date(""2025-04-28""), 66)",15.113050162982884
"(Date(""2025-04-29""), 66)",17.5861189405844
"(Date(""2025-04-30""), 66)",9.844607953722482
"(Date(""2025-05-01""), 66)",14.253732584398797
"(Date(""2025-05-02""), 66)",16.61020580921076
"(Date(""2025-05-03""), 66)",16.727119778116748
"(Date(""2025-05-04""), 66)",17.97634009167023
"(Date(""2025-05-05""), 66)",13.447004203406335
"(Date(""2025-05-06""), 66)",18.014510028922643
"(Date(""2025-05-07""), 66)",15.665029021358032
"(Date(""2025-05-08""), 66)",10.025752381725438
"(Date(""2025-05-09""), 66)",9.91593782933471
"(Date(""2025-05-10""), 66)",15.993629117458825
"(Date(""2025-05-11""), 66)",11.271565700274682
"(Date(""2025-05-12""), 66)",18.983311238197224
"(Date(""2025-05-13""), 66)",18.751965218084134
"(Date(""2025-05-14""), 66)",21.937851200216556
"(Date(""2025-05-15""), 66)",23.267478606602044
"(Date(""2025-05-16""), 66)",20.840965713034244
"(Date(""2025-05-17""), 66)",17.577625691324847
"(Date(""2025-05-18""), 66)",13.663288475323279
"(Date(""2025-05-19""), 66)",10.6517028764312
"(Date(""2025-05-20""), 66)",11.66227495084219
"(Date(""2025-05-21""), 66)",12.079750279876098
"(Date(""2025-05-22""), 66)",10.936016140443769
"(Date(""2025-05-23""), 66)",11.364405506241836
"(Date(""2025-05-24""), 66)",13.913620452278504
"(Date(""2025-05-25""), 66)",14.569679253920619
"(Date(""2025-05-26""), 66)",17.47391375973122
"(Date(""2025-05-27""), 66)",19.12140361505409
"(Date(""2025-05-28""), 66)",24.17741080310234
"(Date(""2025-05-29""), 66)",17.698363192604127
"(Date(""2025-05-30""), 66)",15.56074516282261
"(Date(""2025-05-31""), 66)",13.82899067200201
"(Date(""2025-06-01""), 66)",8.005148016206626
"(Date(""2025-06-02""), 66)",12.286109984935228
"(Date(""2025-06-03""), 66)",17.96106242492902
"(Date(""2025-06-04""), 66)",24.446201780993086
"(Date(""2025-06-05""), 66)",22.748480197633754
"(Date(""2025-06-06""), 66)",26.595953923411884
"(Date(""2025-06-07""), 66)",23.712427985933413
"(Date(""2025-06-08""), 66)",22.238646985769357
"(Date(""2025-06-09""), 66)",18.612544039462342
"(Date(""2025-06-10""), 66)",15.943208557146042
"(Date(""2025-06-11""), 66)",12.977774680121314
"(Date(""2025-06-12""), 66)",12.894328933406975
"(Date(""2025-06-13""), 66)",12.736310315096683
"(Date(""2025-06-14""), 66)",15.41953943721231
"(Date(""2025-06-15""), 66)",21.120854394474758
"(Date(""2025-06-16""), 66)",27.585642272189432
"(Date(""2025-06-17""), 66)",25.362591059271605
"(Date(""2025-06-18""), 66)",27.738384603133166
"(Date(""2025-06-19""), 66)",23.619705001806008
"(Date(""2025-06-20""), 66)",13.421112355807114
"(Date(""2025-06-21""), 66)",19.159129635525566
"(Date(""2025-06-22""), 66)",22.961252488643066
"(Date(""2025-06-23""), 66)",23.349194453295144
"(Date(""2025-06-24""), 66)",20.946997181185026
"(Date(""2025-06-25""), 66)",18.77284627248342
"(Date(""2025-06-26""), 66)",11.244518300832397
"(Date(""2025-06-27""), 66)",13.24190009576057
"(Date(""2025-06-28""), 66)",17.228477585237364
"(Date(""2025-06-29""), 66)",12.829947943420859
"(Date(""2025-06-30""), 66)",20.02036503347933
"(Date(""2025-07-01""), 66)",20.24249608226877
"(Date(""2025-07-02""), 66)",17.73454211927473
"(Date(""2025-07-03""), 66)",17.030342940007902
"(Date(""2025-07-04""), 66)",13.967165099093434
"(Date(""2025-07-05""), 66)",19.152825118149963
"(Date(""2025-07-06""), 66)",22.326603635100966
"(Date(""2025-07-07""), 66)",12.947455342972477
"(Date(""2025-07-08""), 66)",18.78299004109566
"(Date(""2025-07-09""), 66)",23.31960042172022
"(Date(""2025-07-10""), 66)",24.002454428385043
"(Date(""2025-07-11""), 66)",25.965733588367343
"(Date(""2025-07-12""), 66)",31.315863139678868
"(Date(""2025-07-13""), 66)",23.73203523980494
"(Date(""2025-07-14""), 66)",24.541084521251715
"(Date(""2025-07-15""), 66)",26.016984247189537
"(Date(""2025-07-16""), 66)",28.728709972728645
"(Date(""2025-07-17""), 66)",21.622498929604482
"(Date(""2025-07-18""), 66)",13.949223789468629
"(Date(""2025-07-19""), 66)",17.221594472183014
"(Date(""2025-07-20""), 66)",16.186653403324236
"(Date(""2025-07-21""), 66)",11.71192824831627
"(Date(""2025-07-22""), 66)",15.059389384640411
"(Date(""2025-07-23""), 66)",19.3524288134339
"(Date(""2025-07-24""), 66)",23.03767419082288
"(Date(""2025-07-25""), 66)",21.56118561254203
"(Date(""2025-07-26""), 66)",26.748038359214934
"(Date(""2025-07-27""), 66)",27.71434274793088
"(Date(""2025-07-28""), 66)",30.694781978514214
"(Date(""2025-07-29""), 66)",28.428988132598576
"(Date(""2025-07-30""), 66)",24.58373194351511
"(Date(""2025-07-31""), 66)",18.802293480960024
"(Date(""2025-08-01""), 66)",15.224289716855886
"(Date(""2025-08-02""), 66)",18.097423366505907
"(Date(""2025-08-03""), 66)",20.242629779016802
"(Date(""2025-08-04""), 66)",22.619955975199705
"(Date(""2025-08-05""), 66)",17.753032115333095
"(Date(""2025-08-06""), 66)",22.237673481110242
"(Date(""2025-08-07""), 66)",29.364300327049992
"(Date(""2025-08-08""), 66)",31.273780196178706
"(Date(""2025-08-09""), 66)",33.036147571383786
"(Date(""2025-08-10""), 66)",32.42939938544812
"(Date(""2025-08-11""), 66)",33.86799446487193
"(Date(""2025-08-12""), 66)",35.235778442323564
"(Date(""2025-08-13""), 66)",26.28526057792071
"(Date(""2025-08-14""), 66)",24.877292899059196
"(Date(""2025-08-15""), 66)",21.132814994741118
"(Date(""2025-08-16""), 66)",24.327773559378738
"(Date(""2025-08-17""), 66)",17.15447341567624
"(Date(""2025-08-18""), 66)",14.440024681320999
"(Date(""2025-08-19""), 66)",17.944616005185267
"(Date(""2025-08-20""), 66)",17.097912687173732
"(Date(""2025-08-21""), 66)",19.221889114716202
"(Date(""2025-08-22""), 66)",19.98109842570915
"(Date(""2025-08-23""), 66)",19.549821190645297
"(Date(""2025-08-24""), 66)",17.071302215461422
"(Date(""2025-08-25""), 66)",13.087491271176471
"(Date(""2025-08-26""), 66)",10.051226331643058
"(Date(""2025-08-27""), 66)",11.75728982759013
"(Date(""2025-08-28""), 66)",12.065390752563852
"(Date(""2025-08-29""), 66)",11.66754563130458
"(Date(""2025-08-30""), 66)",11.922548947002378
"(Date(""2025-08-31""), 66)",16.51745491766897
"(Date(""2025-09-01""), 66)",19.32400323874728
"(Date(""2025-09-02""), 66)",18.555535163025333
"(Date(""2025-09-03""), 66)",19.2275604107701
"(Date(""2025-09-04""), 66)",13.855501580882686
"(Date(""2025-09-05""), 66)",13.965949108475716
"(Date(""2025-09-06""), 66)",12.970658567875645
"(Date(""2025-09-07""), 66)",12.180991201420534
"(Date(""2025-09-08""), 66)",11.596277862309986
"(Date(""2025-09-09""), 66)",16.47126380061335
"(Date(""2025-09-10""), 66)",20.130060319055623
"(Date(""2025-09-11""), 66)",18.645107059665314
"(Date(""2025-09-12""), 66)",18.136444969751153
"(Date(""2025-09-13""), 66)",22.748721644263508
"(Date(""2025-09-14""), 66)",21.0028117047236
"(Date(""2025-09-15""), 66)",16.818501265466974
"(Date(""2025-09-16""), 66)",19.701263283077857
"(Date(""2025-09-17""), 66)",22.58748248616995
"(Date(""2025-09-18""), 66)",18.50466527342395
"(Date(""2025-09-19""), 66)",13.696827851231948
"(Date(""2025-09-20""), 66)",14.782613745394402
"(Date(""2025-09-21""), 66)",17.143543971957914
"(Date(""2025-09-22""), 66)",19.770910109236247
"(Date(""2025-09-23""), 66)",25.652669207354922
"(Date(""2025-09-24""), 66)",16.07080488727156
"(Date(""2025-09-25""), 66)",18.988080745203206
"(Date(""2025-09-26""), 66)",16.354810438210286
"(Date(""2025-09-27""), 66)",16.557310439270225
"(Date(""2025-09-28""), 66)",16.826847535731385
"(Date(""2025-09-29""), 66)",14.409333953403792
"(Date(""2025-09-30""), 66)",12.769064686833609
"(Date(""2025-10-01""), 66)",12.29373924120299
"(Date(""2025-10-02""), 66)",17.145151026231954
"(Date(""2025-10-03""), 66)",19.254565941777457
"(Date(""2025-10-04""), 66)",23.47001813935729
"(Date(""2025-10-05""), 66)",24.5004604130719
"(Date(""2025-10-06""), 66)",23.6719064945104
"(Date(""2025-10-07""), 66)",20.508822478751647
"(Date(""2025-10-08""), 66)",15.415025510888682
"(Date(""2025-10-09""), 66)",13.46671879939269
"(Date(""2025-10-10""), 66)",18.433849685630832
"(Date(""2025-10-11""), 66)",20.679629925344926
"(Date(""2025-10-12""), 66)",15.558012018201772
"(Date(""2025-10-13""), 66)",15.115291232461454
"(Date(""2025-10-14""), 66)",17.89244348560071
"(Date(""2025-10-15""), 66)",12.049858645740825
"(Date(""2025-10-16""), 66)",12.019645061786454
"(Date(""2025-10-17""), 66)",15.419590049929992
"(Date(""2025-10-18""), 66)",17.480228637201925
"(Date(""2025-10-19""), 66)",15.020489550050922
"(Date(""2025-10-20""), 66)",17.16022510683831
"(Date(""2025-10-21""), 66)",13.46777862097693
"(Date(""2025-10-22""), 66)",11.837522835658246
"(Date(""2025-10-23""), 66)",12.862748389563349
"(Date(""2025-10-24""), 66)",14.175503485808733
"(Date(""2025-10-25""), 66)",11.889915329892794
"(Date(""2025-10-26""), 66)",13.399198009710968
"(Date(""2025-10-27""), 66)",15.13012308167945
"(Date(""2025-10-28""), 66)",13.619643271912295
"(Date(""2025-10-29""), 66)",13.13368021581308
"(Date(""2025-10-30""), 66)",14.217660346028097
"(Date(""2025-10-31""), 66)",11.787211524738284
"(Date(""2025-11-01""), 66)",11.120086646177617
"(Date(""2025-11-02""), 66)",13.186713845861139
"(Date(""2025-11-03""), 66)",12.498116244771502
"(Date(""2025-11-04""), 66)",10.468502399171124
"(Date(""2025-11-05""), 66)",14.45215061870341
"(Date(""2025-11-06""), 66)",12.492203990757183
"(Date(""2025-11-07""), 66)",15.148464307623858
"(Date(""2025-11-08""), 66)",13.593818413165646
"(Date(""2025-11-09""), 66)",12.279187502813421
"(Date(""2025-11-10""), 66)",17.556341102519365
"(Date(""2025-11-11""), 66)",10.572686189494151
"(Date(""2025-11-12""), 66)",17.250678094342845
"(Date(""2025-11-13""), 66)",17.400639042124073
"(Date(""2025-11-14""), 66)",16.011566835465665
"(Date(""2025-11-15""), 66)",15.109352322691494
"(Date(""2025-11-16""), 66)",14.668720708212469
"(Date(""2025-11-17""), 66)",11.6445588824451
"(Date(""2025-11-18""), 66)",12.053449389995558
"(Date(""2025-11-19""), 66)",15.840923948944829
"(Date(""2025-11-20""), 66)",22.268261554184388
"(Date(""2025-11-21""), 66)",22.708100516757167
"(Date(""2025-11-22""), 66)",18.95907360633267
"(Date(""2025-11-23""), 66)",23.203756998374104
"(Date(""2025-11-24""), 66)",19.795181278827407
"(Date(""2025-11-25""), 66)",20.367753275359032
"(Date(""2025-11-26""), 66)",19.28751958315446
"(Date(""2025-11-27""), 66)",11.794605187977949
"(Date(""2025-11-28""), 66)",11.450922388796396
"(Date(""2025-11-29""), 66)",11.845958149984726
"(Date(""2025-11-30""), 66)",15.341533852358488
"(Date(""2025-12-01""), 66)",14.216798225422279
"(Date(""2025-12-02""), 66)",17.78385903182186
"(Date(""2025-12-03""), 66)",19.12534150104637
"(Date(""2025-12-04""), 66)",13.937481832183275
"(Date(""2025-12-05""), 66)",19.672391309450028
"(Date(""2025-12-06""), 66)",22.88867936127084
"(Date(""2025-12-07""), 66)",23.225240068910367
"(Date(""2025-12-08""), 66)",17.80753275819367
"(Date(""2025-12-09""), 66)",27.97904437046771
"(Date(""2025-12-10""), 66)",31.917335401097866
"(Date(""2025-12-11""), 66)",18.38464887146292
"(Date(""2025-12-12""), 66)",16.314094068117477
"(Date(""2025-12-13""), 66)",27.870231796548524
"(Date(""2025-12-14""), 66)",22.834585403055037
"(Date(""2025-12-15""), 66)",23.03269270521804
"(Date(""2025-12-16""), 66)",25.171210549296333
"(Date(""2025-12-17""), 66)",19.674087514529823
"(Date(""2025-12-18""), 66)",21.472039631379285
"(Date(""2025-12-19""), 66)",14.607593025139348
"(Date(""2025-12-20""), 66)",14.093512316128663
"(Date(""2025-12-21""), 66)",12.35902642190337
"(Date(""2025-12-22""), 66)",18.16739003809422
"(Date(""2025-12-23""), 66)",18.83511272637948
"(Date(""2025-12-24""), 66)",19.374318124801132
"(Date(""2025-12-25""), 66)",18.51013910866249
"(Date(""2025-12-26""), 66)",17.795912095610763
"(Date(""2025-12-27""), 66)",19.881908432265558
"(Date(""2025-12-28""), 66)",23.19837220703988
"(Date(""2025-12-29""), 66)",18.289259889813504
"(Date(""2025-12-30""), 66)",10.658744959205551
"(Date(""2025-12-31""), 66)",14.137944020565
"(Date(""2025-01-01""), 80)",42.19123996545475
"(Date(""2025-01-02""), 80)",16.81763754831156
"(Date(""2025-01-03""), 80)",13.30024492295621
"(Date(""2025-01-04""), 80)",16.92627351834883
"(Date(""2025-01-05""), 80)",14.240984587281044
"(Date(""2025-01-06""), 80)",17.587004466410455
"(Date(""2025-01-07""), 80)",16.861714638253897
"(Date(""2025-01-08""), 80)",15.120358431435017
"(Date(""2025-01-09""), 80)",12.443547793411062
"(Date(""2025-01-10""), 80)",13.634365003791217
"(Date(""2025-01-11""), 80)",24.970119636861252
"(Date(""2025-01-12""), 80)",20.94721387293262
"(Date(""2025-01-13""), 80)",31.554913015675005
"(Date(""2025-01-14""), 80)",16.54667685584575
"(Date(""2025-01-15""), 80)",20.787919527037484
"(Date(""2025-01-16""), 80)",27.81917366365794
"(Date(""2025-01-17""), 80)",28.162739225344367
"(Date(""2025-01-18""), 80)",21.6859785418581
"(Date(""2025-01-19""), 80)",21.36598465061939
"(Date(""2025-01-20""), 80)",19.08308388498834
"(Date(""2025-01-21""), 80)",21.493201301509703
"(Date(""2025-01-22""), 80)",23.52342124909083
"(Date(""2025-01-23""), 80)",27.414193176854205
"(Date(""2025-01-24""), 80)",22.881485342392086
"(Date(""2025-01-25""), 80)",28.976165818660196
"(Date(""2025-01-26""), 80)",23.903988787718273
"(Date(""2025-01-27""), 80)",16.24339069097974
"(Date(""2025-01-28""), 80)",16.3995758142809
"(Date(""2025-01-29""), 80)",19.96010858309469
"(Date(""2025-01-30""), 80)",17.727822656818322
"(Date(""2025-01-31""), 80)",25.551486434115148
"(Date(""2025-02-01""), 80)",17.726843357648615
"(Date(""2025-02-02""), 80)",22.688636758629297
"(Date(""2025-02-03""), 80)",34.500363709265145
"(Date(""2025-02-04""), 80)",20.857886227271592
"(Date(""2025-02-05""), 80)",19.79901022004912
"(Date(""2025-02-06""), 80)",28.95679716090667
"(Date(""2025-02-07""), 80)",18.251528805568288
"(Date(""2025-02-08""), 80)",23.13944945058246
"(Date(""2025-02-09""), 80)",24.23252133274132
"(Date(""2025-02-10""), 80)",19.492467999618462
"(Date(""2025-02-11""), 80)",18.773082649595487
"(Date(""2025-02-12""), 80)",15.937349131390771
"(Date(""2025-02-13""), 80)",19.12224215188597
"(Date(""2025-02-14""), 80)",15.53763805373574
"(Date(""2025-02-15""), 80)",19.693607691066227
"(Date(""2025-02-16""), 80)",14.991633169005096
"(Date(""2025-02-17""), 80)",12.68446027797522
"(Date(""2025-02-18""), 80)",10.313574934249912
"(Date(""2025-02-19""), 80)",11.151482236320962
"(Date(""2025-02-20""), 80)",16.714465489868907
"(Date(""2025-02-21""), 80)",14.54467831180075
"(Date(""2025-02-22""), 80)",19.966648559802515
"(Date(""2025-02-23""), 80)",20.6211162008193
"(Date(""2025-02-24""), 80)",20.938759403337865
"(Date(""2025-02-25""), 80)",23.772724787022067
"(Date(""2025-02-26""), 80)",19.649115031559983
"(Date(""2025-02-27""), 80)",23.292999437724895
"(Date(""2025-02-28""), 80)",13.94240307309569
"(Date(""2025-03-01""), 80)",19.056558427478258
"(Date(""2025-03-02""), 80)",11.946026366895673
"(Date(""2025-03-03""), 80)",23.52363649395747
"(Date(""2025-03-04""), 80)",34.43935843175262
"(Date(""2025-03-05""), 80)",25.98503267988257
"(Date(""2025-03-06""), 80)",17.79858070971369
"(Date(""2025-03-07""), 80)",10.119923255865931
"(Date(""2025-03-08""), 80)",12.310275664557846
"(Date(""2025-03-09""), 80)",16.549054968106415
"(Date(""2025-03-10""), 80)",19.18804146686917
"(Date(""2025-03-11""), 80)",18.456697598508846
"(Date(""2025-03-12""), 80)",18.555636867243933
"(Date(""2025-03-13""), 80)",21.478462371233107
"(Date(""2025-03-14""), 80)",31.549469929533643
"(Date(""2025-03-15""), 80)",29.801702047192034
"(Date(""2025-03-16""), 80)",24.894525638101026
"(Date(""2025-03-17""), 80)",19.632630271834213
"(Date(""2025-03-18""), 80)",19.638201746443325
"(Date(""2025-03-19""), 80)",21.757108630807018
"(Date(""2025-03-20""), 80)",18.168947602340225
"(Date(""2025-03-21""), 80)",12.969738007351328
"(Date(""2025-03-22""), 80)",16.203908968791108
"(Date(""2025-03-23""), 80)",13.942611238419813
"(Date(""2025-03-24""), 80)",18.089990599531312
"(Date(""2025-03-25""), 80)",16.20347645546846
"(Date(""2025-03-26""), 80)",14.674833634065049
"(Date(""2025-03-27""), 80)",12.66558988928374
"(Date(""2025-03-28""), 80)",13.416980706995226
"(Date(""2025-03-29""), 80)",12.869627748260305
"(Date(""2025-03-30""), 80)",14.168322801122141
"(Date(""2025-03-31""), 80)",17.82850420950542
"(Date(""2025-04-01""), 80)",8.552541540076447
"(Date(""2025-04-02""), 80)",10.664708679342336
"(Date(""2025-04-03""), 80)",12.83627561767185
"(Date(""2025-04-04""), 80)",11.19841946360331
"(Date(""2025-04-05""), 80)",11.106966043189319
"(Date(""2025-04-06""), 80)",11.293791184355392
"(Date(""2025-04-07""), 80)",10.981347084809883
"(Date(""2025-04-08""), 80)",11.0684468838907
"(Date(""2025-04-09""), 80)",9.045053241316259
"(Date(""2025-04-10""), 80)",13.581359757946375
"(Date(""2025-04-11""), 80)",14.902172279138512
"(Date(""2025-04-12""), 80)",15.576115724870709
"(Date(""2025-04-13""), 80)",15.394663108746743
"(Date(""2025-04-14""), 80)",17.44390929512669
"(Date(""2025-04-15""), 80)",13.556408144132904
"(Date(""2025-04-16""), 80)",9.482368080500637
"(Date(""2025-04-17""), 80)",9.253067997399267
"(Date(""2025-04-18""), 80)",16.298560343238506
"(Date(""2025-04-19""), 80)",17.748388705149765
"(Date(""2025-04-20""), 80)",8.96748646511351
"(Date(""2025-04-21""), 80)",13.769707480733477
"(Date(""2025-04-22""), 80)",13.81643582716887
"(Date(""2025-04-23""), 80)",11.816331964272546
"(Date(""2025-04-24""), 80)",18.25087422514208
"(Date(""2025-04-25""), 80)",16.24280286526581
"(Date(""2025-04-26""), 80)",15.184017752978882
"(Date(""2025-04-27""), 80)",15.45160066534273
"(Date(""2025-04-28""), 80)",15.353549777584414
"(Date(""2025-04-29""), 80)",17.72360545713478
"(Date(""2025-04-30""), 80)",9.898574268556386
"(Date(""2025-05-01""), 80)",14.40149234591296
"(Date(""2025-05-02""), 80)",16.755497541919716
"(Date(""2025-05-03""), 80)",16.64865872500622
"(Date(""2025-05-04""), 80)",17.90200954697386
"(Date(""2025-05-05""), 80)",13.454034094670506
"(Date(""2025-05-06""), 80)",17.989254883588774
"(Date(""2025-05-07""), 80)",15.975087504637976
"(Date(""2025-05-08""), 80)",10.372322172399628
"(Date(""2025-05-09""), 80)",10.42781358928161
"(Date(""2025-05-10""), 80)",16.43093079538692
"(Date(""2025-05-11""), 80)",11.444685788191572
"(Date(""2025-05-12""), 80)",18.6444249405042
"(Date(""2025-05-13""), 80)",17.858797978639856
"(Date(""2025-05-14""), 80)",20.589468644230365
"(Date(""2025-05-15""), 80)",21.75708970749691
"(Date(""2025-05-16""), 80)",19.96587889685466
"(Date(""2025-05-17""), 80)",16.87089563365983
"(Date(""2025-05-18""), 80)",13.626557805015738
"(Date(""2025-05-19""), 80)",11.004616248768839
"(Date(""2025-05-20""), 80)",12.230711216940511
"(Date(""2025-05-21""), 80)",12.625085818459688
"(Date(""2025-05-22""), 80)",11.339326435330312
"(Date(""2025-05-23""), 80)",11.802344857500843
"(Date(""2025-05-24""), 80)",14.624544439668568
"(Date(""2025-05-25""), 80)",15.09901015344994
"(Date(""2025-05-26""), 80)",17.672349718555118
"(Date(""2025-05-27""), 80)",18.578681208080653
"(Date(""2025-05-28""), 80)",23.358083454131826
"(Date(""2025-05-29""), 80)",17.27034218140297
"(Date(""2025-05-30""), 80)",15.461760955827831
"(Date(""2025-05-31""), 80)",13.761374905183997
"(Date(""2025-06-01""), 80)",8.12854938651925
"(Date(""2025-06-02""), 80)",12.352255943666494
"(Date(""2025-06-03""), 80)",18.216153179990524
"(Date(""2025-06-04""), 80)",24.005867159116374
"(Date(""2025-06-05""), 80)",22.649850253524438
"(Date(""2025-06-06""), 80)",25.32171686456486
"(Date(""2025-06-07""), 80)",23.083960619566675
"(Date(""2025-06-08""), 80)",21.35610922063208
"(Date(""2025-06-09""), 80)",18.641317828547525
"(Date(""2025-06-10""), 80)",16.0444158410798
"(Date(""2025-06-11""), 80)",13.14093280725175
"(Date(""2025-06-12""), 80)",13.265970821971974
"(Date(""2025-06-13""), 80)",13.123172669544951
"(Date(""2025-06-14""), 80)",15.82079512259026
"(Date(""2025-06-15""), 80)",21.13712665279988
"(Date(""2025-06-16""), 80)",26.6847229870378
"(Date(""2025-06-17""), 80)",25.09028201722826
"(Date(""2025-06-18""), 80)",27.317935953486124
"(Date(""2025-06-19""), 80)",23.830277184266674
"(Date(""2025-06-20""), 80)",13.249304704703496
"(Date(""2025-06-21""), 80)",19.24732053487116
"(Date(""2025-06-22""), 80)",23.127681234199823
"(Date(""2025-06-23""), 80)",23.813583893610613
"(Date(""2025-06-24""), 80)",21.438641452767218
"(Date(""2025-06-25""), 80)",19.543149780109097
"(Date(""2025-06-26""), 80)",11.864871246850422
"(Date(""2025-06-27""), 80)",14.151910666551275
"(Date(""2025-06-28""), 80)",17.4715915302639
"(Date(""2025-06-29""), 80)",13.016712347644107
"(Date(""2025-06-30""), 80)",20.239661076413274
"(Date(""2025-07-01""), 80)",20.32875788687529
"(Date(""2025-07-02""), 80)",17.803172590652615
"(Date(""2025-07-03""), 80)",17.079993651281463
"(Date(""2025-07-04""), 80)",13.988057466385587
"(Date(""2025-07-05""), 80)",19.174282003326375
"(Date(""2025-07-06""), 80)",22.341774387682932
"(Date(""2025-07-07""), 80)",12.952774027857997
"(Date(""2025-07-08""), 80)",18.789476070371798
"(Date(""2025-07-09""), 80)",23.32420923826069
"(Date(""2025-07-10""), 80)",24.00521410291328
"(Date(""2025-07-11""), 80)",25.96848733066193
"(Date(""2025-07-12""), 80)",31.107380346212256
"(Date(""2025-07-13""), 80)",24.294258994407507
"(Date(""2025-07-14""), 80)",24.845285495063013
"(Date(""2025-07-15""), 80)",25.93661047965642
"(Date(""2025-07-16""), 80)",28.376088021149034
"(Date(""2025-07-17""), 80)",21.51179011618638
"(Date(""2025-07-18""), 80)",14.271813038282033
"(Date(""2025-07-19""), 80)",17.624670444163385
"(Date(""2025-07-20""), 80)",16.670901264279244
"(Date(""2025-07-21""), 80)",12.120968696968232
"(Date(""2025-07-22""), 80)",15.502127383073974
"(Date(""2025-07-23""), 80)",19.78928006742073
"(Date(""2025-07-24""), 80)",23.07635241390084
"(Date(""2025-07-25""), 80)",21.446673055816277
"(Date(""2025-07-26""), 80)",25.795535160367212
"(Date(""2025-07-27""), 80)",26.563162470420842
"(Date(""2025-07-28""), 80)",29.341603694828354
"(Date(""2025-07-29""), 80)",27.64626999402971
"(Date(""2025-07-30""), 80)",24.32357785025995
"(Date(""2025-07-31""), 80)",19.061412858108735
"(Date(""2025-08-01""), 80)",15.391879367620843
"(Date(""2025-08-02""), 80)",18.347192548783347
"(Date(""2025-08-03""), 80)",20.19230261821983
"(Date(""2025-08-04""), 80)",23.01457005411373
"(Date(""2025-08-05""), 80)",17.794744649206347
"(Date(""2025-08-06""), 80)",23.07567348483525
"(Date(""2025-08-07""), 80)",27.8684635707286
"(Date(""2025-08-08""), 80)",30.219622878714645
"(Date(""2025-08-09""), 80)",30.858613977701495
"(Date(""2025-08-10""), 80)",31.373704018437042
"(Date(""2025-08-11""), 80)",32.82726918411866
"(Date(""2025-08-12""), 80)",33.923388866428866
"(Date(""2025-08-13""), 80)",25.05203789978051
"(Date(""2025-08-14""), 80)",23.497171847903775
"(Date(""2025-08-15""), 80)",19.92121582897542
"(Date(""2025-08-16""), 80)",23.235208767133226
"(Date(""2025-08-17""), 80)",16.612633474420885
"(Date(""2025-08-18""), 80)",14.318072944536404
"(Date(""2025-08-19""), 80)",17.55397055754631
"(Date(""2025-08-20""), 80)",16.870599606745266
"(Date(""2025-08-21""), 80)",18.61592830603487
"(Date(""2025-08-22""), 80)",19.71838390873029
"(Date(""2025-08-23""), 80)",19.133259011547118
"(Date(""2025-08-24""), 80)",17.155903957095948
"(Date(""2025-08-25""), 80)",13.363045665317705
"(Date(""2025-08-26""), 80)",10.368116586904655
"(Date(""2025-08-27""), 80)",12.124295067074815
"(Date(""2025-08-28""), 80)",12.385644824216477
"(Date(""2025-08-29""), 80)",11.986649878998895
"(Date(""2025-08-30""), 80)",12.248990223728043
"(Date(""2025-08-31""), 80)",16.84822265288832
"(Date(""2025-09-01""), 80)",19.316976825398
"(Date(""2025-09-02""), 80)",18.294095390010952
"(Date(""2025-09-03""), 80)",18.892189690945877
"(Date(""2025-09-04""), 80)",13.815254128652837
"(Date(""2025-09-05""), 80)",14.172588389850835
"(Date(""2025-09-06""), 80)",13.373017883481861
"(Date(""2025-09-07""), 80)",12.371934172080545
"(Date(""2025-09-08""), 80)",11.58607841258711
"(Date(""2025-09-09""), 80)",15.690830267351139
"(Date(""2025-09-10""), 80)",18.451049043078044
"(Date(""2025-09-11""), 80)",16.57861117788943
"(Date(""2025-09-12""), 80)",15.979212943625752
"(Date(""2025-09-13""), 80)",20.48372563796556
"(Date(""2025-09-14""), 80)",19.603911180791535
"(Date(""2025-09-15""), 80)",15.68686824652799
"(Date(""2025-09-16""), 80)",18.38664554718251
"(Date(""2025-09-17""), 80)",20.870219682973065
"(Date(""2025-09-18""), 80)",17.689502114730967
"(Date(""2025-09-19""), 80)",13.394687145338716
"(Date(""2025-09-20""), 80)",14.730475948393323
"(Date(""2025-09-21""), 80)",16.966324587096665
"(Date(""2025-09-22""), 80)",19.306807844842997
"(Date(""2025-09-23""), 80)",24.402281647110037
"(Date(""2025-09-24""), 80)",15.214097588904336
"(Date(""2025-09-25""), 80)",18.049502733772
"(Date(""2025-09-26""), 80)",16.020236523909844
"(Date(""2025-09-27""), 80)",16.499226185129146
"(Date(""2025-09-28""), 80)",16.854864846548548
"(Date(""2025-09-29""), 80)",14.35765926188073
"(Date(""2025-09-30""), 80)",12.851144683170748
"(Date(""2025-10-01""), 80)",12.292340243821707
"(Date(""2025-10-02""), 80)",17.14993825004552
"(Date(""2025-10-03""), 80)",18.88269759785327
"(Date(""2025-10-04""), 80)",22.376723320622713
"(Date(""2025-10-05""), 80)",22.791576436758827
"(Date(""2025-10-06""), 80)",21.489243002103503
"(Date(""2025-10-07""), 80)",18.627917539322173
"(Date(""2025-10-08""), 80)",14.342457680950497
"(Date(""2025-10-09""), 80)",12.952668533635798
"(Date(""2025-10-10""), 80)",18.169471938960466
"(Date(""2025-10-11""), 80)",19.828991126301656
"(Date(""2025-10-12""), 80)",14.717502474584277
"(Date(""2025-10-13""), 80)",14.448256962237425
"(Date(""2025-10-14""), 80)",17.363961536175534
"(Date(""2025-10-15""), 80)",12.036575963292702
"(Date(""2025-10-16""), 80)",12.048987859415888
"(Date(""2025-10-17""), 80)",15.551740466116563
"(Date(""2025-10-18""), 80)",17.604224087685033
"(Date(""2025-10-19""), 80)",15.04530326534468
"(Date(""2025-10-20""), 80)",17.435274365905162
"(Date(""2025-10-21""), 80)",13.491048064099274
"(Date(""2025-10-22""), 80)",11.790849264563638
"(Date(""2025-10-23""), 80)",12.897486845282621
"(Date(""2025-10-24""), 80)",14.463052665490567
"(Date(""2025-10-25""), 80)",12.384617327631199
"(Date(""2025-10-26""), 80)",14.098432986149012
"(Date(""2025-10-27""), 80)",15.884069727433584
"(Date(""2025-10-28""), 80)",14.066026227939268
"(Date(""2025-10-29""), 80)",13.318822401522585
"(Date(""2025-10-30""), 80)",14.282882909843867
"(Date(""2025-10-31""), 80)",11.93750876955564
"(Date(""2025-11-01""), 80)",11.453136890756186
"(Date(""2025-11-02""), 80)",13.580456455957899
"(Date(""2025-11-03""), 80)",12.904192624852485
"(Date(""2025-11-04""), 80)",10.76025626915936
"(Date(""2025-11-05""), 80)",14.96346773785487
"(Date(""2025-11-06""), 80)",12.925617460650685
"(Date(""2025-11-07""), 80)",15.477324803684906
"(Date(""2025-11-08""), 80)",13.999461242458523
"(Date(""2025-11-09""), 80)",12.540584961490282
"(Date(""2025-11-10""), 80)",18.288869947224615
"(Date(""2025-11-11""), 80)",11.013585394112644
"(Date(""2025-11-12""), 80)",17.89648062298226
"(Date(""2025-11-13""), 80)",18.086755087969227
"(Date(""2025-11-14""), 80)",16.518536059077512
"(Date(""2025-11-15""), 80)",15.725351723316315
"(Date(""2025-11-16""), 80)",15.14669969512168
"(Date(""2025-11-17""), 80)",12.177411437624123
"(Date(""2025-11-18""), 80)",12.517722770248216
"(Date(""2025-11-19""), 80)",15.999064796834006
"(Date(""2025-11-20""), 80)",21.88000701005559
"(Date(""2025-11-21""), 80)",22.070040499050037
"(Date(""2025-11-22""), 80)",18.64986577355196
"(Date(""2025-11-23""), 80)",22.667518765027854
"(Date(""2025-11-24""), 80)",19.47729015347446
"(Date(""2025-11-25""), 80)",19.662817576603075
"(Date(""2025-11-26""), 80)",18.73533967592795
"(Date(""2025-11-27""), 80)",11.28787541793732
"(Date(""2025-11-28""), 80)",11.235241605892272
"(Date(""2025-11-29""), 80)",11.492245077519106
"(Date(""2025-11-30""), 80)",14.726965146897353
"(Date(""2025-12-01""), 80)",13.38811910239018
"(Date(""2025-12-02""), 80)",16.68108288864475
"(Date(""2025-12-03""), 80)",18.09728429831284
"(Date(""2025-12-04""), 80)",13.39882881643192
"(Date(""2025-12-05""), 80)",19.1458664614648
"(Date(""2025-12-06""), 80)",22.242172494991248
"(Date(""2025-12-07""), 80)",22.066563122999792
"(Date(""2025-12-08""), 80)",16.777580808196895
"(Date(""2025-12-09""), 80)",26.211562957906338
"(Date(""2025-12-10""), 80)",30.37630805239261
"(Date(""2025-12-11""), 80)",17.22852030723105
"(Date(""2025-12-12""), 80)",15.58763298658008
"(Date(""2025-12-13""), 80)",27.158989405343945
"(Date(""2025-12-14""), 80)",22.572290292102917
"(Date(""2025-12-15""), 80)",22.568228903230356
"(Date(""2025-12-16""), 80)",24.763243628309727
"(Date(""2025-12-17""), 80)",19.40080359632533
"(Date(""2025-12-18""), 80)",21.581649635537026
"(Date(""2025-12-19""), 80)",14.715315009824332
"(Date(""2025-12-20""), 80)",13.979449840097166
"(Date(""2025-12-21""), 80)",12.216002337330051
"(Date(""2025-12-22""), 80)",17.679077601661632
"(Date(""2025-12-23""), 80)",18.526851297613955
"(Date(""2025-12-24""), 80)",18.867992397663187
"(Date(""2025-12-25""), 80)",18.116238741214197
"(Date(""2025-12-26""), 80)",16.952762507190517
"(Date(""2025-12-27""), 80)",19.0422179628709
"(Date(""2025-12-28""), 80)",22.149665100730694
"(Date(""2025-12-29""), 80)",17.741771549104445
"(Date(""2025-12-30""), 80)",10.326661254673217
"(Date(""2025-12-31""), 80)",13.645836951007675
"(Date(""2025-01-01""), 103)",40.43562624859625
"(Date(""2025-01-02""), 103)",16.47271214406471
"(Date(""2025-01-03""), 103)",13.314897242319683
"(Date(""2025-01-04""), 103)",17.055633508980463
"(Date(""2025-01-05""), 103)",14.588629411778248
"(Date(""2025-01-06""), 103)",17.978718649465545
"(Date(""2025-01-07""), 103)",17.408503282469137
"(Date(""2025-01-08""), 103)",15.757695161036146
"(Date(""2025-01-09""), 103)",13.081461952867652
"(Date(""2025-01-10""), 103)",14.077867929680881
"(Date(""2025-01-11""), 103)",25.451676608844895
"(Date(""2025-01-12""), 103)",20.886665940658183
"(Date(""2025-01-13""), 103)",31.609220193382047
"(Date(""2025-01-14""), 103)",16.61232728161324
"(Date(""2025-01-15""), 103)",20.929286955465784
"(Date(""2025-01-16""), 103)",27.667631544757416
"(Date(""2025-01-17""), 103)",28.021385776386065
"(Date(""2025-01-18""), 103)",21.102389012926572
"(Date(""2025-01-19""), 103)",21.006793289956445
"(Date(""2025-01-20""), 103)",19.07533199439734
"(Date(""2025-01-21""), 103)",21.7424965529946
"(Date(""2025-01-22""), 103)",23.93107797602423
"(Date(""2025-01-23""), 103)",26.57728766057159
"(Date(""2025-01-24""), 103)",22.687805076868383
"(Date(""2025-01-25""), 103)",28.467332888767075
"(Date(""2025-01-26""), 103)",23.822336023503063
"(Date(""2025-01-27""), 103)",15.920181727183973
"(Date(""2025-01-28""), 103)",16.084944919554648
"(Date(""2025-01-29""), 103)",19.743839130598218
"(Date(""2025-01-30""), 103)",17.50022646740931
"(Date(""2025-01-31""), 103)",25.24801995277378
"(Date(""2025-02-01""), 103)",17.887346040298414
"(Date(""2025-02-02""), 103)",23.044235321745486
"(Date(""2025-02-03""), 103)",35.17574179152813
"(Date(""2025-02-04""), 103)",21.2608246290558
"(Date(""2025-02-05""), 103)",20.408004271192073
"(Date(""2025-02-06""), 103)",29.868391053861856
"(Date(""2025-02-07""), 103)",18.569399337175145
"(Date(""2025-02-08""), 103)",23.161547316741217
"(Date(""2025-02-09""), 103)",24.67612397315553
"(Date(""2025-02-10""), 103)",19.96518358747362
"(Date(""2025-02-11""), 103)",19.64531212187985
"(Date(""2025-02-12""), 103)",16.64321908962082
"(Date(""2025-02-13""), 103)",20.179945952729344
"(Date(""2025-02-14""), 103)",16.8898253040531
"(Date(""2025-02-15""), 103)",21.743886398225595
"(Date(""2025-02-16""), 103)",16.442870606676685
"(Date(""2025-02-17""), 103)",13.564120304771475
"(Date(""2025-02-18""), 103)",10.809690923447288
"(Date(""2025-02-19""), 103)",11.478734935845347
"(Date(""2025-02-20""), 103)",17.050111549875577
"(Date(""2025-02-21""), 103)",14.962036034270746
"(Date(""2025-02-22""), 103)",20.373283336948006
"(Date(""2025-02-23""), 103)",21.200969717013887
"(Date(""2025-02-24""), 103)",20.83124481607961
"(Date(""2025-02-25""), 103)",23.825731017890888
"(Date(""2025-02-26""), 103)",19.870097908962535
"(Date(""2025-02-27""), 103)",23.764317383853967
"(Date(""2025-02-28""), 103)",14.27232398351186
"(Date(""2025-03-01""), 103)",19.57951254653007
"(Date(""2025-03-02""), 103)",12.45630386310749
"(Date(""2025-03-03""), 103)",24.7059992865132
"(Date(""2025-03-04""), 103)",34.35525317698959
"(Date(""2025-03-05""), 103)",25.515803142842213
"(Date(""2025-03-06""), 103)",17.37290429856986
"(Date(""2025-03-07""), 103)",10.131006362147104
"(Date(""2025-03-08""), 103)",12.543268002653084
"(Date(""2025-03-09""), 103)",16.942080916051946
"(Date(""2025-03-10""), 103)",19.371361935366274
"(Date(""2025-03-11""), 103)",18.443185007031147
"(Date(""2025-03-12""), 103)",18.528885530697107
"(Date(""2025-03-13""), 103)",21.65717791843902
"(Date(""2025-03-14""), 103)",30.91245167717622
"(Date(""2025-03-15""), 103)",29.419384652650653
"(Date(""2025-03-16""), 103)",23.954790504392353
"(Date(""2025-03-17""), 103)",19.55683874401549
"(Date(""2025-03-18""), 103)",19.267351981986195
"(Date(""2025-03-19""), 103)",21.836556145004142
"(Date(""2025-03-20""), 103)",18.09594989156111
"(Date(""2025-03-21""), 103)",13.021269388284402
"(Date(""2025-03-22""), 103)",16.20594105428776
"(Date(""2025-03-23""), 103)",14.129382666930683
"(Date(""2025-03-24""), 103)",18.10326346211499
"(Date(""2025-03-25""), 103)",16.23204589249977
"(Date(""2025-03-26""), 103)",14.407734743091384
"(Date(""2025-03-27""), 103)",12.83835307335496
"(Date(""2025-03-28""), 103)",13.756929825115664
"(Date(""2025-03-29""), 103)",13.216123724016565
"(Date(""2025-03-30""), 103)",14.338384785037478
"(Date(""2025-03-31""), 103)",17.82510038416983
"(Date(""2025-04-01""), 103)",8.76925039608559
"(Date(""2025-04-02""), 103)",10.902701739238672
"(Date(""2025-04-03""), 103)",13.128743781433773
"(Date(""2025-04-04""), 103)",11.479945958008527
"(Date(""2025-04-05""), 103)",11.394008092741409
"(Date(""2025-04-06""), 103)",11.668919492418727
"(Date(""2025-04-07""), 103)",11.270457209780485
"(Date(""2025-04-08""), 103)",11.291938267407076
"(Date(""2025-04-09""), 103)",9.543882293392661
"(Date(""2025-04-10""), 103)",14.509933833760734
"(Date(""2025-04-11""), 103)",16.508664054904887
"(Date(""2025-04-12""), 103)",16.03033197727828
"(Date(""2025-04-13""), 103)",16.09132609417271
"(Date(""2025-04-14""), 103)",18.65625278273476
"(Date(""2025-04-15""), 103)",14.681013645683603
"(Date(""2025-04-16""), 103)",9.996818894668758
"(Date(""2025-04-17""), 103)",9.786103792445372
"(Date(""2025-04-18""), 103)",16.78366191955985
"(Date(""2025-04-19""), 103)",18.673423349050065
"(Date(""2025-04-20""), 103)",9.12434488021994
"(Date(""2025-04-21""), 103)",13.953103125989655
"(Date(""2025-04-22""), 103)",13.771316083931202
"(Date(""2025-04-23""), 103)",11.693891700886436
"(Date(""2025-04-24""), 103)",18.395124995229267
"(Date(""2025-04-25""), 103)",16.330540742260016
"(Date(""2025-04-26""), 103)",15.291670486520113
"(Date(""2025-04-27""), 103)",15.074259971005747
"(Date(""2025-04-28""), 103)",15.373887047766427
"(Date(""2025-04-29""), 103)",18.041688705989127
"(Date(""2025-04-30""), 103)",10.208843538297971
"(Date(""2025-05-01""), 103)",14.452324040974526
"(Date(""2025-05-02""), 103)",16.405105093043204
"(Date(""2025-05-03""), 103)",16.14261453407793
"(Date(""2025-05-04""), 103)",17.36564015251014
"(Date(""2025-05-05""), 103)",12.983443340620756
"(Date(""2025-05-06""), 103)",17.686292151900115
"(Date(""2025-05-07""), 103)",15.608819430027847
"(Date(""2025-05-08""), 103)",10.224367411407796
"(Date(""2025-05-09""), 103)",10.085496897006006
"(Date(""2025-05-10""), 103)",15.910378035404225
"(Date(""2025-05-11""), 103)",11.157105333236721
"(Date(""2025-05-12""), 103)",18.489564551257892
"(Date(""2025-05-13""), 103)",18.207543619020797
"(Date(""2025-05-14""), 103)",20.93433066700337
"(Date(""2025-05-15""), 103)",21.805705101211046
"(Date(""2025-05-16""), 103)",19.69258898568829
"(Date(""2025-05-17""), 103)",16.587064855668125
"(Date(""2025-05-18""), 103)",13.231190800852637
"(Date(""2025-05-19""), 103)",10.508181613481915
"(Date(""2025-05-20""), 103)",11.585809238330155
"(Date(""2025-05-21""), 103)",12.014494443754845
"(Date(""2025-05-22""), 103)",10.766536623265235
"(Date(""2025-05-23""), 103)",11.270727310805698
"(Date(""2025-05-24""), 103)",13.975849588330961
"(Date(""2025-05-25""), 103)",14.733044309202983
"(Date(""2025-05-26""), 103)",17.47248071803312
"(Date(""2025-05-27""), 103)",18.904283863371596
"(Date(""2025-05-28""), 103)",24.04402678113688
"(Date(""2025-05-29""), 103)",17.65964824395848
"(Date(""2025-05-30""), 103)",15.405303109104725
"(Date(""2025-05-31""), 103)",13.527498322817038
"(Date(""2025-06-01""), 103)",7.8275681725636845
"(Date(""2025-06-02""), 103)",11.905674139261157
"(Date(""2025-06-03""), 103)",17.396836476625374
"(Date(""2025-06-04""), 103)",23.181139699404426
"(Date(""2025-06-05""), 103)",21.91450174514715
"(Date(""2025-06-06""), 103)",24.916529616918666
"(Date(""2025-06-07""), 103)",22.58877864467947
"(Date(""2025-06-08""), 103)",20.835613402600007
"(Date(""2025-06-09""), 103)",17.741174922115327
"(Date(""2025-06-10""), 103)",15.14343335507868
"(Date(""2025-06-11""), 103)",12.27351480996354
"(Date(""2025-06-12""), 103)",12.51519273687623
"(Date(""2025-06-13""), 103)",12.554443005834925
"(Date(""2025-06-14""), 103)",15.36578493653093
"(Date(""2025-06-15""), 103)",20.868836202728133
"(Date(""2025-06-16""), 103)",26.603423761340977
"(Date(""2025-06-17""), 103)",24.752877426712967
"(Date(""2025-06-18""), 103)",26.492908426449702
"(Date(""2025-06-19""), 103)",22.926144906084257
"(Date(""2025-06-20""), 103)",13.092623631601771
"(Date(""2025-06-21""), 103)",19.588637053291972
"(Date(""2025-06-22""), 103)",23.53923419575948
"(Date(""2025-06-23""), 103)",24.028463432224875
"(Date(""2025-06-24""), 103)",20.736981337575926
"(Date(""2025-06-25""), 103)",18.987125169718208
"(Date(""2025-06-26""), 103)",11.334670325784854
"(Date(""2025-06-27""), 103)",14.07361978661742
"(Date(""2025-06-28""), 103)",17.295369824392672
"(Date(""2025-06-29""), 103)",12.853741583549036
"(Date(""2025-06-30""), 103)",19.256047396334896
"(Date(""2025-07-01""), 103)",19.175548582968553
"(Date(""2025-07-02""), 103)",16.77768972512084
"(Date(""2025-07-03""), 103)",16.169008620657987
"(Date(""2025-07-04""), 103)",13.418768212311706
"(Date(""2025-07-05""), 103)",18.443184990272936
"(Date(""2025-07-06""), 103)",21.43105147126683
"(Date(""2025-07-07""), 103)",12.442593614012658
"(Date(""2025-07-08""), 103)",18.12369439959341
"(Date(""2025-07-09""), 103)",22.691924061387766
"(Date(""2025-07-10""), 103)",23.5669611435677
"(Date(""2025-07-11""), 103)",25.644502109689014
"(Date(""2025-07-12""), 103)",30.996993972512897
"(Date(""2025-07-13""), 103)",23.796844228347428
"(Date(""2025-07-14""), 103)",23.909182498354742
"(Date(""2025-07-15""), 103)",24.571439208114203
"(Date(""2025-07-16""), 103)",26.663565782375688
"(Date(""2025-07-17""), 103)",20.178981191937304
"(Date(""2025-07-18""), 103)",13.388395872075083
"(Date(""2025-07-19""), 103)",16.54815128248592
"(Date(""2025-07-20""), 103)",15.769132701130825
"(Date(""2025-07-21""), 103)",11.340897003302533
"(Date(""2025-07-22""), 103)",14.701420725065326
"(Date(""2025-07-23""), 103)",18.945596963588105
"(Date(""2025-07-24""), 103)",22.11195835677731
"(Date(""2025-07-25""), 103)",20.535144092357818
"(Date(""2025-07-26""), 103)",24.998783040016885
"(Date(""2025-07-27""), 103)",25.730337057392294
"(Date(""2025-07-28""), 103)",28.657239886924835
"(Date(""2025-07-29""), 103)",26.66374484251717
"(Date(""2025-07-30""), 103)",23.633595222475567
"(Date(""2025-07-31""), 103)",18.253863134430716
"(Date(""2025-08-01""), 103)",14.539166768037044
"(Date(""2025-08-02""), 103)",17.357798646945238
"(Date(""2025-08-03""), 103)",18.815593712954367
"(Date(""2025-08-04""), 103)",21.98460038633311
"(Date(""2025-08-05""), 103)",17.038404050019583
"(Date(""2025-08-06""), 103)",22.546367081001513
"(Date(""2025-08-07""), 103)",27.026304284811687
"(Date(""2025-08-08""), 103)",29.43055354901791
"(Date(""2025-08-09""), 103)",29.628301260778873
"(Date(""2025-08-10""), 103)",29.630902818456594
"(Date(""2025-08-11""), 103)",30.664782124939016
"(Date(""2025-08-12""), 103)",32.0361471907366
"(Date(""2025-08-13""), 103)",23.782629306814208
"(Date(""2025-08-14""), 103)",22.750528178344197
"(Date(""2025-08-15""), 103)",19.330079851926556
"(Date(""2025-08-16""), 103)",22.943521228107507
"(Date(""2025-08-17""), 103)",16.073552354245823
"(Date(""2025-08-18""), 103)",14.00163091410318
"(Date(""2025-08-19""), 103)",17.1791545474689
"(Date(""2025-08-20""), 103)",16.72974476631738
"(Date(""2025-08-21""), 103)",18.619349439126005
"(Date(""2025-08-22""), 103)",19.891513749844844
"(Date(""2025-08-23""), 103)",19.113200424664036
"(Date(""2025-08-24""), 103)",16.72564329385558
"(Date(""2025-08-25""), 103)",12.671405694981333
"(Date(""2025-08-26""), 103)",9.773559618423334
"(Date(""2025-08-27""), 103)",11.514157153928194
"(Date(""2025-08-28""), 103)",11.903930417538783
"(Date(""2025-08-29""), 103)",11.60913655329838
"(Date(""2025-08-30""), 103)",11.79725539535775
"(Date(""2025-08-31""), 103)",16.260248865124527
"(Date(""2025-09-01""), 103)",18.89822900301026
"(Date(""2025-09-02""), 103)",17.987639003540856
"(Date(""2025-09-03""), 103)",18.584041790046307
"(Date(""2025-09-04""), 103)",13.442545055960483
"(Date(""2025-09-05""), 103)",13.710326765799403
"(Date(""2025-09-06""), 103)",12.754059055460036
"(Date(""2025-09-07""), 103)",11.859961137470286
"(Date(""2025-09-08""), 103)",11.233557337737869
"(Date(""2025-09-09""), 103)",15.731709389956498
"(Date(""2025-09-10""), 103)",19.191048039868278
"(Date(""2025-09-11""), 103)",17.702242452877353
"(Date(""2025-09-12""), 103)",16.898049841838198
"(Date(""2025-09-13""), 103)",21.0053332571515
"(Date(""2025-09-14""), 103)",19.45810549249037
"(Date(""2025-09-15""), 103)",15.470628296673377
"(Date(""2025-09-16""), 103)",18.321401828594816
"(Date(""2025-09-17""), 103)",21.08152300421118
"(Date(""2025-09-18""), 103)",17.767862740891097
"(Date(""2025-09-19""), 103)",13.234212356179611
"(Date(""2025-09-20""), 103)",14.373484933855265
"(Date(""2025-09-21""), 103)",16.831709374734793
"(Date(""2025-09-22""), 103)",19.47256852494392
"(Date(""2025-09-23""), 103)",24.961900092956707
"(Date(""2025-09-24""), 103)",15.6462296153552
"(Date(""2025-09-25""), 103)",18.428077480362187
"(Date(""2025-09-26""), 103)",16.0667068034358
"(Date(""2025-09-27""), 103)",16.290961169055066
"(Date(""2025-09-28""), 103)",17.0312923341667
"(Date(""2025-09-29""), 103)",14.53437160358795
"(Date(""2025-09-30""), 103)",13.113184535202375
"(Date(""2025-10-01""), 103)",12.253637999715448
"(Date(""2025-10-02""), 103)",17.21876039303947
"(Date(""2025-10-03""), 103)",18.92337050729472
"(Date(""2025-10-04""), 103)",22.535747492243452
"(Date(""2025-10-05""), 103)",22.819281802702605
"(Date(""2025-10-06""), 103)",21.529695992027275
"(Date(""2025-10-07""), 103)",18.535489954042777
"(Date(""2025-10-08""), 103)",14.157343285052722
"(Date(""2025-10-09""), 103)",12.943389380584154
"(Date(""2025-10-10""), 103)",18.369080992392718
"(Date(""2025-10-11""), 103)",20.897172950946985
"(Date(""2025-10-12""), 103)",15.373847190389675
"(Date(""2025-10-13""), 103)",14.930123872459834
"(Date(""2025-10-14""), 103)",17.534960369843894
"(Date(""2025-10-15""), 103)",12.16649871439065
"(Date(""2025-10-16""), 103)",12.2887231549582
"(Date(""2025-10-17""), 103)",16.02683514987965
"(Date(""2025-10-18""), 103)",17.79491381640378
"(Date(""2025-10-19""), 103)",15.148701905749695
"(Date(""2025-10-20""), 103)",16.962810091035365
"(Date(""2025-10-21""), 103)",13.15938927729213
"(Date(""2025-10-22""), 103)",11.51022768014925
"(Date(""2025-10-23""), 103)",12.625782732281042
"(Date(""2025-10-24""), 103)",14.279732492648828
"(Date(""2025-10-25""), 103)",12.071694212701866
"(Date(""2025-10-26""), 103)",13.752292312850365
"(Date(""2025-10-27""), 103)",15.487531280000958
"(Date(""2025-10-28""), 103)",13.78613436743331
"(Date(""2025-10-29""), 103)",13.134032306138824
"(Date(""2025-10-30""), 103)",14.000214442445285
"(Date(""2025-10-31""), 103)",11.722709932209321
"(Date(""2025-11-01""), 103)",11.247739776167558
"(Date(""2025-11-02""), 103)",13.243656698826216
"(Date(""2025-11-03""), 103)",12.506321072728612
"(Date(""2025-11-04""), 103)",10.415925750334893
"(Date(""2025-11-05""), 103)",14.459882754981496
"(Date(""2025-11-06""), 103)",12.57179610839051
"(Date(""2025-11-07""), 103)",14.94062227952707
"(Date(""2025-11-08""), 103)",13.5096659160517
"(Date(""2025-11-09""), 103)",11.936585061065836
"(Date(""2025-11-10""), 103)",17.619932802946003
"(Date(""2025-11-11""), 103)",10.603274732007309
"(Date(""2025-11-12""), 103)",17.440844434307245
"(Date(""2025-11-13""), 103)",17.656828687472892
"(Date(""2025-11-14""), 103)",16.049511731832137
"(Date(""2025-11-15""), 103)",15.275317094509393
"(Date(""2025-11-16""), 103)",14.416789184349584
"(Date(""2025-11-17""), 103)",11.662768586352612
"(Date(""2025-11-18""), 103)",12.08488357172057
"(Date(""2025-11-19""), 103)",16.076447607488863
"(Date(""2025-11-20""), 103)",21.98629542780174
"(Date(""2025-11-21""), 103)",22.299732682804034
"(Date(""2025-11-22""), 103)",18.94105983988333
"(Date(""2025-11-23""), 103)",23.211859977757836
"(Date(""2025-11-24""), 103)",19.985587906159
"(Date(""2025-11-25""), 103)",20.233773982184587
"(Date(""2025-11-26""), 103)",19.189633914208635
"(Date(""2025-11-27""), 103)",11.254631062166133
"(Date(""2025-11-28""), 103)",10.891462678917083
"(Date(""2025-11-29""), 103)",11.300765078877895
"(Date(""2025-11-30""), 103)",14.672158854319136
"(Date(""2025-12-01""), 103)",13.502220133453275
"(Date(""2025-12-02""), 103)",16.53358687472021
"(Date(""2025-12-03""), 103)",18.474203005305053
"(Date(""2025-12-04""), 103)",13.767973301778701
"(Date(""2025-12-05""), 103)",19.720985826703362
"(Date(""2025-12-06""), 103)",22.111902592046192
"(Date(""2025-12-07""), 103)",22.106495312339625
"(Date(""2025-12-08""), 103)",16.961676715932732
"(Date(""2025-12-09""), 103)",27.463556802829533
"(Date(""2025-12-10""), 103)",31.11175160060828
"(Date(""2025-12-11""), 103)",18.014129266210286
"(Date(""2025-12-12""), 103)",16.21764785534439
"(Date(""2025-12-13""), 103)",27.752317071007294
"(Date(""2025-12-14""), 103)",22.88683707226292
"(Date(""2025-12-15""), 103)",22.376143742812204
"(Date(""2025-12-16""), 103)",24.630905013784936
"(Date(""2025-12-17""), 103)",18.77489709152106
"(Date(""2025-12-18""), 103)",20.78621227689681
"(Date(""2025-12-19""), 103)",13.923909338259431
"(Date(""2025-12-20""), 103)",13.32560410171349
"(Date(""2025-12-21""), 103)",11.472919605265325
"(Date(""2025-12-22""), 103)",17.078564751583468
"(Date(""2025-12-23""), 103)",17.908795299918065
"(Date(""2025-12-24""), 103)",18.74661821768875
"(Date(""2025-12-25""), 103)",17.91061151001965
"(Date(""2025-12-26""), 103)",16.946930233116834
"(Date(""2025-12-27""), 103)",18.73000518880417
"(Date(""2025-12-28""), 103)",21.948930529854803
"(Date(""2025-12-29""), 103)",17.330582741091334
"(Date(""2025-12-30""), 103)",10.203315721237008
"(Date(""2025-12-31""), 103)",13.475471967387922
