ID,PM
"(Date(""2025-01-01""), 3)",21.85294153059906
"(Date(""2025-01-02""), 3)",2.5260833196191603
"(Date(""2025-01-03""), 3)",2.9875524826027724
"(Date(""2025-01-04""), 3)",8.965601498985873
"(Date(""2025-01-05""), 3)",13.331284948450982
"(Date(""2025-01-06""), 3)",16.52133684632758
"(Date(""2025-01-07""), 3)",17.271006247873398
"(Date(""2025-01-08""), 3)",12.184734508376046
"(Date(""2025-01-09""), 3)",10.30512712412848
"(Date(""2025-01-10""), 3)",12.124100310325238
"(Date(""2025-01-11""), 3)",35.39098931840858
"(Date(""2025-01-12""), 3)",22.369951727480448
"(Date(""2025-01-13""), 3)",44.0815154797876
"(Date(""2025-01-14""), 3)",16.7151600758498
"(Date(""2025-01-15""), 3)",19.53809894078583
"(Date(""2025-01-16""), 3)",28.88562807859311
"(Date(""2025-01-17""), 3)",32.90689700785869
"(Date(""2025-01-18""), 3)",30.554036686625796
"(Date(""2025-01-19""), 3)",17.0349016265723
"(Date(""2025-01-20""), 3)",15.7576386355363
"(Date(""2025-01-21""), 3)",20.368794326615358
"(Date(""2025-01-22""), 3)",21.648790853140135
"(Date(""2025-01-23""), 3)",31.78571746883213
"(Date(""2025-01-24""), 3)",19.4360247653986
"(Date(""2025-01-25""), 3)",30.494501222536847
"(Date(""2025-01-26""), 3)",30.972247344519857
"(Date(""2025-01-27""), 3)",19.368154181869148
"(Date(""2025-01-28""), 3)",14.095929119047957
"(Date(""2025-01-29""), 3)",25.62304986946347
"(Date(""2025-01-30""), 3)",20.2629394935792
"(Date(""2025-01-31""), 3)",33.4396112110676
"(Date(""2025-02-01""), 3)",18.25949564284708
"(Date(""2025-02-02""), 3)",27.17055389127383
"(Date(""2025-02-03""), 3)",43.83412049054408
"(Date(""2025-02-04""), 3)",28.74829376442601
"(Date(""2025-02-05""), 3)",16.20531286169498
"(Date(""2025-02-06""), 3)",29.890562971986668
"(Date(""2025-02-07""), 3)",22.5267906628688
"(Date(""2025-02-08""), 3)",20.763868425102952
"(Date(""2025-02-09""), 3)",24.019163675121604
"(Date(""2025-02-10""), 3)",19.35570256977555
"(Date(""2025-02-11""), 3)",22.168555415093742
"(Date(""2025-02-12""), 3)",13.582343533867363
"(Date(""2025-02-13""), 3)",17.666319153442473
"(Date(""2025-02-14""), 3)",15.278615999419939
"(Date(""2025-02-15""), 3)",24.3999475170197
"(Date(""2025-02-16""), 3)",8.894221220649897
"(Date(""2025-02-17""), 3)",5.214955132433503
"(Date(""2025-02-18""), 3)",3.4645582484438995
"(Date(""2025-02-19""), 3)",6.509346515167933
"(Date(""2025-02-20""), 3)",19.3911210581971
"(Date(""2025-02-21""), 3)",21.244949348040763
"(Date(""2025-02-22""), 3)",27.377315044562874
"(Date(""2025-02-23""), 3)",29.748485613148176
"(Date(""2025-02-24""), 3)",30.705978152249042
"(Date(""2025-02-25""), 3)",34.67236992255528
"(Date(""2025-02-26""), 3)",26.71946187337399
"(Date(""2025-02-27""), 3)",35.248668224027604
"(Date(""2025-02-28""), 3)",16.6386423606528
"(Date(""2025-03-01""), 3)",18.73249676788948
"(Date(""2025-03-02""), 3)",0.7166512314425841
"(Date(""2025-03-03""), 3)",16.156837105609608
"(Date(""2025-03-04""), 3)",35.81122522328428
"(Date(""2025-03-05""), 3)",27.28417109737605
"(Date(""2025-03-06""), 3)",14.94755541025348
"(Date(""2025-03-07""), 3)",5.6896382518322
"(Date(""2025-03-08""), 3)",14.065630843665623
"(Date(""2025-03-09""), 3)",21.283699306353032
"(Date(""2025-03-10""), 3)",24.494851048132837
"(Date(""2025-03-11""), 3)",23.024023650763514
"(Date(""2025-03-12""), 3)",16.982471046520754
"(Date(""2025-03-13""), 3)",15.94005226610855
"(Date(""2025-03-14""), 3)",28.54467671746307
"(Date(""2025-03-15""), 3)",29.722103847482103
"(Date(""2025-03-16""), 3)",26.964824918514847
"(Date(""2025-03-17""), 3)",15.176389129112431
"(Date(""2025-03-18""), 3)",10.02009815463793
"(Date(""2025-03-19""), 3)",18.46177636677099
"(Date(""2025-03-20""), 3)",21.6699168715673
"(Date(""2025-03-21""), 3)",10.385962860450062
"(Date(""2025-03-22""), 3)",15.06509772540184
"(Date(""2025-03-23""), 3)",6.939275634454723
"(Date(""2025-03-24""), 3)",17.41142871552821
"(Date(""2025-03-25""), 3)",12.966848501962765
"(Date(""2025-03-26""), 3)",11.808286558868181
"(Date(""2025-03-27""), 3)",11.138929352453994
"(Date(""2025-03-28""), 3)",13.234913514951488
"(Date(""2025-03-29""), 3)",12.927561891517666
"(Date(""2025-03-30""), 3)",13.03442499738264
"(Date(""2025-03-31""), 3)",20.74529360765937
"(Date(""2025-04-01""), 3)",5.420921501450205
"(Date(""2025-04-02""), 3)",7.884294708864535
"(Date(""2025-04-03""), 3)",13.089567450545415
"(Date(""2025-04-04""), 3)",12.886587454969131
"(Date(""2025-04-05""), 3)",12.551645174795661
"(Date(""2025-04-06""), 3)",12.24993444924554
"(Date(""2025-04-07""), 3)",10.321518962432242
"(Date(""2025-04-08""), 3)",11.194688948805625
"(Date(""2025-04-09""), 3)",5.739031489184059
"(Date(""2025-04-10""), 3)",15.43670224439888
"(Date(""2025-04-11""), 3)",20.271086386287617
"(Date(""2025-04-12""), 3)",18.84812320677533
"(Date(""2025-04-13""), 3)",17.490946855633634
"(Date(""2025-04-14""), 3)",17.91716106049628
"(Date(""2025-04-15""), 3)",15.066019480069471
"(Date(""2025-04-16""), 3)",5.619272793359614
"(Date(""2025-04-17""), 3)",8.715712535365384
"(Date(""2025-04-18""), 3)",21.609707173481958
"(Date(""2025-04-19""), 3)",24.161251826508998
"(Date(""2025-04-20""), 3)",9.867502667591157
"(Date(""2025-04-21""), 3)",12.168410658327529
"(Date(""2025-04-22""), 3)",14.525896083373208
"(Date(""2025-04-23""), 3)",11.233526195396472
"(Date(""2025-04-24""), 3)",21.332523298790388
"(Date(""2025-04-25""), 3)",21.109438676845112
"(Date(""2025-04-26""), 3)",16.441733015521038
"(Date(""2025-04-27""), 3)",18.852720799616606
"(Date(""2025-04-28""), 3)",19.950803548906855
"(Date(""2025-04-29""), 3)",28.18864961652324
"(Date(""2025-04-30""), 3)",11.110716619040563
"(Date(""2025-05-01""), 3)",15.448329548179965
"(Date(""2025-05-02""), 3)",19.95810910308248
"(Date(""2025-05-03""), 3)",22.411305904214917
"(Date(""2025-05-04""), 3)",18.620062322500257
"(Date(""2025-05-05""), 3)",15.667755316969812
"(Date(""2025-05-06""), 3)",21.283608129863808
"(Date(""2025-05-07""), 3)",20.131399528043534
"(Date(""2025-05-08""), 3)",9.731016622945951
"(Date(""2025-05-09""), 3)",4.494720554740997
"(Date(""2025-05-10""), 3)",19.853626795395883
"(Date(""2025-05-11""), 3)",13.107881896856439
"(Date(""2025-05-12""), 3)",27.084206395350154
"(Date(""2025-05-13""), 3)",20.495281819306122
"(Date(""2025-05-14""), 3)",22.575402498558763
"(Date(""2025-05-15""), 3)",21.83481951685664
"(Date(""2025-05-16""), 3)",25.641463098929147
"(Date(""2025-05-17""), 3)",27.131976721028284
"(Date(""2025-05-18""), 3)",19.94343449277058
"(Date(""2025-05-19""), 3)",12.111709420400572
"(Date(""2025-05-20""), 3)",9.345697057489096
"(Date(""2025-05-21""), 3)",10.05523924128554
"(Date(""2025-05-22""), 3)",6.80694057817162
"(Date(""2025-05-23""), 3)",6.47681954419197
"(Date(""2025-05-24""), 3)",12.632392412463423
"(Date(""2025-05-25""), 3)",13.041528446832416
"(Date(""2025-05-26""), 3)",19.649773407405185
"(Date(""2025-05-27""), 3)",19.542602550106444
"(Date(""2025-05-28""), 3)",26.446682602172977
"(Date(""2025-05-29""), 3)",21.377197899252877
"(Date(""2025-05-30""), 3)",15.844528088319764
"(Date(""2025-05-31""), 3)",13.411626387558847
"(Date(""2025-06-01""), 3)",1.5289586381278915
"(Date(""2025-06-02""), 3)",12.782674722399735
"(Date(""2025-06-03""), 3)",21.509833360716083
"(Date(""2025-06-04""), 3)",33.01077443094761
"(Date(""2025-06-05""), 3)",27.64737705584727
"(Date(""2025-06-06""), 3)",34.35814143461317
"(Date(""2025-06-07""), 3)",35.033900172523545
"(Date(""2025-06-08""), 3)",30.307691069390327
"(Date(""2025-06-09""), 3)",23.47483167852306
"(Date(""2025-06-10""), 3)",16.858046543837798
"(Date(""2025-06-11""), 3)",13.23801406230892
"(Date(""2025-06-12""), 3)",13.737761741234484
"(Date(""2025-06-13""), 3)",9.78547838661178
"(Date(""2025-06-14""), 3)",16.02999714226575
"(Date(""2025-06-15""), 3)",19.961106800489283
"(Date(""2025-06-16""), 3)",31.677210103769394
"(Date(""2025-06-17""), 3)",31.065953412041353
"(Date(""2025-06-18""), 3)",31.66957620864372
"(Date(""2025-06-19""), 3)",26.837491820694183
"(Date(""2025-06-20""), 3)",18.018105971808048
"(Date(""2025-06-21""), 3)",23.030677410040454
"(Date(""2025-06-22""), 3)",31.453178130064515
"(Date(""2025-06-23""), 3)",30.980566132112333
"(Date(""2025-06-24""), 3)",25.838209540702685
"(Date(""2025-06-25""), 3)",23.529266103945563
"(Date(""2025-06-26""), 3)",8.460106228280878
"(Date(""2025-06-27""), 3)",15.303798818477109
"(Date(""2025-06-28""), 3)",24.193967497745195
"(Date(""2025-06-29""), 3)",15.70147646430648
"(Date(""2025-06-30""), 3)",20.077685661128157
"(Date(""2025-07-01""), 3)",26.340852062529756
"(Date(""2025-07-02""), 3)",23.7508212024098
"(Date(""2025-07-03""), 3)",20.646544268301174
"(Date(""2025-07-04""), 3)",9.020470082976718
"(Date(""2025-07-05""), 3)",16.789195695055543
"(Date(""2025-07-06""), 3)",26.827233643645243
"(Date(""2025-07-07""), 3)",15.2588169510506
"(Date(""2025-07-08""), 3)",16.45824311767954
"(Date(""2025-07-09""), 3)",20.75429962707453
"(Date(""2025-07-10""), 3)",29.309960470973223
"(Date(""2025-07-11""), 3)",27.675994405312693
"(Date(""2025-07-12""), 3)",32.09866116572646
"(Date(""2025-07-13""), 3)",26.10266295034099
"(Date(""2025-07-14""), 3)",29.68798680646389
"(Date(""2025-07-15""), 3)",32.39038233746955
"(Date(""2025-07-16""), 3)",33.67572100317234
"(Date(""2025-07-17""), 3)",25.016458789815953
"(Date(""2025-07-18""), 3)",12.742645379680168
"(Date(""2025-07-19""), 3)",14.62391832348505
"(Date(""2025-07-20""), 3)",12.910768458926452
"(Date(""2025-07-21""), 3)",9.171023728029908
"(Date(""2025-07-22""), 3)",10.580316111190406
"(Date(""2025-07-23""), 3)",18.96090647181357
"(Date(""2025-07-24""), 3)",26.985537350193272
"(Date(""2025-07-25""), 3)",26.258694010274294
"(Date(""2025-07-26""), 3)",34.048920480067245
"(Date(""2025-07-27""), 3)",28.730084616196375
"(Date(""2025-07-28""), 3)",30.580824262598483
"(Date(""2025-07-29""), 3)",26.474606368804174
"(Date(""2025-07-30""), 3)",25.72213728322523
"(Date(""2025-07-31""), 3)",21.77818165214505
"(Date(""2025-08-01""), 3)",13.270791649053564
"(Date(""2025-08-02""), 3)",20.974219116334176
"(Date(""2025-08-03""), 3)",23.250655352860388
"(Date(""2025-08-04""), 3)",30.255788945800152
"(Date(""2025-08-05""), 3)",19.26694899454458
"(Date(""2025-08-06""), 3)",24.786836963841992
"(Date(""2025-08-07""), 3)",27.27799877895907
"(Date(""2025-08-08""), 3)",37.4744055722969
"(Date(""2025-08-09""), 3)",34.99717018023371
"(Date(""2025-08-10""), 3)",33.287832015363755
"(Date(""2025-08-11""), 3)",33.867267181364284
"(Date(""2025-08-12""), 3)",33.21335392403638
"(Date(""2025-08-13""), 3)",25.460419774609036
"(Date(""2025-08-14""), 3)",23.907997220483555
"(Date(""2025-08-15""), 3)",15.364586611718021
"(Date(""2025-08-16""), 3)",21.31546582233334
"(Date(""2025-08-17""), 3)",22.885801326853993
"(Date(""2025-08-18""), 3)",14.08503849038191
"(Date(""2025-08-19""), 3)",17.454671978758565
"(Date(""2025-08-20""), 3)",17.007224019457265
"(Date(""2025-08-21""), 3)",16.2575382773454
"(Date(""2025-08-22""), 3)",17.006366214265142
"(Date(""2025-08-23""), 3)",18.514877744814857
"(Date(""2025-08-24""), 3)",16.859409355327614
"(Date(""2025-08-25""), 3)",13.309938591633381
"(Date(""2025-08-26""), 3)",6.964926454360231
"(Date(""2025-08-27""), 3)",8.781658756082525
"(Date(""2025-08-28""), 3)",10.014347781700248
"(Date(""2025-08-29""), 3)",11.268632786550205
"(Date(""2025-08-30""), 3)",13.317743750507312
"(Date(""2025-08-31""), 3)",14.892182854294157
"(Date(""2025-09-01""), 3)",18.160234471491883
"(Date(""2025-09-02""), 3)",18.596699115751345
"(Date(""2025-09-03""), 3)",18.40328904185624
"(Date(""2025-09-04""), 3)",15.214242669066909
"(Date(""2025-09-05""), 3)",12.455005310028977
"(Date(""2025-09-06""), 3)",15.725003213842914
"(Date(""2025-09-07""), 3)",12.208220283880031
"(Date(""2025-09-08""), 3)",9.628632717215167
"(Date(""2025-09-09""), 3)",10.538868480513356
"(Date(""2025-09-10""), 3)",13.648413951151651
"(Date(""2025-09-11""), 3)",11.746536009334148
"(Date(""2025-09-12""), 3)",13.358782681773146
"(Date(""2025-09-13""), 3)",24.767375065156973
"(Date(""2025-09-14""), 3)",23.922318156492107
"(Date(""2025-09-15""), 3)",12.992346173018294
"(Date(""2025-09-16""), 3)",11.369319287870164
"(Date(""2025-09-17""), 3)",23.282531648405186
"(Date(""2025-09-18""), 3)",16.44617355275327
"(Date(""2025-09-19""), 3)",11.515935094522595
"(Date(""2025-09-20""), 3)",10.217907263220244
"(Date(""2025-09-21""), 3)",11.206968648098092
"(Date(""2025-09-22""), 3)",15.343642174821449
"(Date(""2025-09-23""), 3)",29.946072588092306
"(Date(""2025-09-24""), 3)",17.020131219883417
"(Date(""2025-09-25""), 3)",19.896295453041787
"(Date(""2025-09-26""), 3)",14.026406503831591
"(Date(""2025-09-27""), 3)",13.796648169266362
"(Date(""2025-09-28""), 3)",15.902057345775702
"(Date(""2025-09-29""), 3)",12.536143296227129
"(Date(""2025-09-30""), 3)",9.803858015743756
"(Date(""2025-10-01""), 3)",8.504203523159326
"(Date(""2025-10-02""), 3)",13.434230010158645
"(Date(""2025-10-03""), 3)",17.97620554972155
"(Date(""2025-10-04""), 3)",21.748675281129223
"(Date(""2025-10-05""), 3)",26.443089974382193
"(Date(""2025-10-06""), 3)",25.59434238113546
"(Date(""2025-10-07""), 3)",19.55645165236581
"(Date(""2025-10-08""), 3)",11.70285033408424
"(Date(""2025-10-09""), 3)",6.877723553716663
"(Date(""2025-10-10""), 3)",12.477295111082778
"(Date(""2025-10-11""), 3)",15.773193077714675
"(Date(""2025-10-12""), 3)",11.530101859492149
"(Date(""2025-10-13""), 3)",10.042200357954966
"(Date(""2025-10-14""), 3)",14.091703086356011
"(Date(""2025-10-15""), 3)",8.585805312949047
"(Date(""2025-10-16""), 3)",10.300709552665406
"(Date(""2025-10-17""), 3)",12.483662407953032
"(Date(""2025-10-18""), 3)",17.222268379631142
"(Date(""2025-10-19""), 3)",17.15696916523893
"(Date(""2025-10-20""), 3)",19.12243300702211
"(Date(""2025-10-21""), 3)",9.124952850368862
"(Date(""2025-10-22""), 3)",9.05026526439789
"(Date(""2025-10-23""), 3)",9.413484793604104
"(Date(""2025-10-24""), 3)",13.901938415884135
"(Date(""2025-10-25""), 3)",7.494704076601088
"(Date(""2025-10-26""), 3)",7.931788363270414
"(Date(""2025-10-27""), 3)",15.226275851731371
"(Date(""2025-10-28""), 3)",13.28870846335962
"(Date(""2025-10-29""), 3)",9.857565927275106
"(Date(""2025-10-30""), 3)",14.654291547115319
"(Date(""2025-10-31""), 3)",8.251932807609501
"(Date(""2025-11-01""), 3)",11.261672930788357
"(Date(""2025-11-02""), 3)",12.847217936950118
"(Date(""2025-11-03""), 3)",14.978337954416038
"(Date(""2025-11-04""), 3)",12.425387034348612
"(Date(""2025-11-05""), 3)",16.76235988791284
"(Date(""2025-11-06""), 3)",14.708415649590354
"(Date(""2025-11-07""), 3)",17.28151914740983
"(Date(""2025-11-08""), 3)",15.385318601204874
"(Date(""2025-11-09""), 3)",12.840883692010411
"(Date(""2025-11-10""), 3)",23.49424332199544
"(Date(""2025-11-11""), 3)",7.3477455436437005
"(Date(""2025-11-12""), 3)",23.23035208680231
"(Date(""2025-11-13""), 3)",23.50319988216255
"(Date(""2025-11-14""), 3)",20.442556001824148
"(Date(""2025-11-15""), 3)",13.940365821909575
"(Date(""2025-11-16""), 3)",16.681684169239716
"(Date(""2025-11-17""), 3)",11.300110658318316
"(Date(""2025-11-18""), 3)",10.816160118999058
"(Date(""2025-11-19""), 3)",15.194918241156707
"(Date(""2025-11-20""), 3)",33.06541028081736
"(Date(""2025-11-21""), 3)",33.08089022874746
"(Date(""2025-11-22""), 3)",22.09722267327377
"(Date(""2025-11-23""), 3)",28.69401970093464
"(Date(""2025-11-24""), 3)",24.080151908485167
"(Date(""2025-11-25""), 3)",18.88712498481192
"(Date(""2025-11-26""), 3)",22.362536700380716
"(Date(""2025-11-27""), 3)",8.023266738616863
"(Date(""2025-11-28""), 3)",6.4974115940312265
"(Date(""2025-11-29""), 3)",7.545031361287028
"(Date(""2025-11-30""), 3)",16.178035751019387
"(Date(""2025-12-01""), 3)",12.94238225317621
"(Date(""2025-12-02""), 3)",18.335716242264628
"(Date(""2025-12-03""), 3)",20.837040447867793
"(Date(""2025-12-04""), 3)",16.573754158720075
"(Date(""2025-12-05""), 3)",19.33159327081653
"(Date(""2025-12-06""), 3)",28.826860055080527
"(Date(""2025-12-07""), 3)",27.815135471231635
"(Date(""2025-12-08""), 3)",15.439242357616033
"(Date(""2025-12-09""), 3)",29.576845935402076
"(Date(""2025-12-10""), 3)",41.01067716703302
"(Date(""2025-12-11""), 3)",19.759448616124317
"(Date(""2025-12-12""), 3)",11.963511275667887
"(Date(""2025-12-13""), 3)",30.544688578620853
"(Date(""2025-12-14""), 3)",27.563929733627266
"(Date(""2025-12-15""), 3)",25.44741677630572
"(Date(""2025-12-16""), 3)",25.246770238607763
"(Date(""2025-12-17""), 3)",21.291648980832544
"(Date(""2025-12-18""), 3)",21.954679293837955
"(Date(""2025-12-19""), 3)",13.260214203979105
"(Date(""2025-12-20""), 3)",12.838176468770717
"(Date(""2025-12-21""), 3)",10.35367563500699
"(Date(""2025-12-22""), 3)",18.783008816226126
"(Date(""2025-12-23""), 3)",24.64344161179039
"(Date(""2025-12-24""), 3)",24.398756104470728
"(Date(""2025-12-25""), 3)",22.495939619970034
"(Date(""2025-12-26""), 3)",15.175939406769572
"(Date(""2025-12-27""), 3)",23.22796111200102
"(Date(""2025-12-28""), 3)",28.797443015241203
"(Date(""2025-12-29""), 3)",26.56859200709767
"(Date(""2025-12-30""), 3)",7.767125011871574
"(Date(""2025-12-31""), 3)",12.664501906278835
"(Date(""2025-01-01""), 6)",21.85294153059906
"(Date(""2025-01-02""), 6)",0.0809921628635941
"(Date(""2025-01-03""), 6)",-0.068811463341689
"(Date(""2025-01-04""), 6)",5.909237553041422
"(Date(""2025-01-05""), 6)",12.108739370073195
"(Date(""2025-01-06""), 6)",17.74388242470536
"(Date(""2025-01-07""), 6)",17.882279037062293
"(Date(""2025-01-08""), 6)",12.184734508376046
"(Date(""2025-01-09""), 6)",7.860035967372914
"(Date(""2025-01-10""), 6)",10.901554731947455
"(Date(""2025-01-11""), 6)",36.00226210759747
"(Date(""2025-01-12""), 6)",23.592497305858238
"(Date(""2025-01-13""), 6)",44.69278826897649
"(Date(""2025-01-14""), 6)",15.492614497472008
"(Date(""2025-01-15""), 6)",18.926826151596938
"(Date(""2025-01-16""), 6)",28.274355289404216
"(Date(""2025-01-17""), 6)",33.518169797047584
"(Date(""2025-01-18""), 6)",26.886399951492447
"(Date(""2025-01-19""), 6)",17.646174415761188
"(Date(""2025-01-20""), 6)",13.92382026796962
"(Date(""2025-01-21""), 6)",22.20261269418203
"(Date(""2025-01-22""), 6)",28.372791534217946
"(Date(""2025-01-23""), 6)",38.81535454450439
"(Date(""2025-01-24""), 6)",23.714934289720848
"(Date(""2025-01-25""), 6)",31.71704680091463
"(Date(""2025-01-26""), 6)",30.972247344519857
"(Date(""2025-01-27""), 6)",18.145608603491358
"(Date(""2025-01-28""), 6)",13.484656329859062
"(Date(""2025-01-29""), 6)",25.011777080274577
"(Date(""2025-01-30""), 6)",21.485485071956983
"(Date(""2025-01-31""), 6)",34.66215678944538
"(Date(""2025-02-01""), 6)",20.70458679960265
"(Date(""2025-02-02""), 6)",29.0043722588405
"(Date(""2025-02-03""), 6)",45.056666068921864
"(Date(""2025-02-04""), 6)",30.58211213199268
"(Date(""2025-02-05""), 6)",17.42785844007276
"(Date(""2025-02-06""), 6)",33.55819970712002
"(Date(""2025-02-07""), 6)",25.58315460881326
"(Date(""2025-02-08""), 6)",25.0427779494252
"(Date(""2025-02-09""), 6)",26.464254831877167
"(Date(""2025-02-10""), 6)",21.189520937342216
"(Date(""2025-02-11""), 6)",23.391100993471525
"(Date(""2025-02-12""), 6)",16.02743469062293
"(Date(""2025-02-13""), 6)",20.722683099386934
"(Date(""2025-02-14""), 6)",20.168798312931067
"(Date(""2025-02-15""), 6)",29.901402619719725
"(Date(""2025-02-16""), 6)",15.006949112538813
"(Date(""2025-02-17""), 6)",8.271319078377958
"(Date(""2025-02-18""), 6)",3.4645582484438995
"(Date(""2025-02-19""), 6)",5.28680093679015
"(Date(""2025-02-20""), 6)",18.779848269008212
"(Date(""2025-02-21""), 6)",22.467494926418546
"(Date(""2025-02-22""), 6)",29.822406201318437
"(Date(""2025-02-23""), 6)",30.971031191525967
"(Date(""2025-02-24""), 6)",27.64961420630458
"(Date(""2025-02-25""), 6)",29.17091481985526
"(Date(""2025-02-26""), 6)",22.44055234905174
"(Date(""2025-02-27""), 6)",34.02612264564983
"(Date(""2025-02-28""), 6)",17.249915149841687
"(Date(""2025-03-01""), 6)",21.17758792464505
"(Date(""2025-03-02""), 6)",3.7730151773870375
"(Date(""2025-03-03""), 6)",18.601928262365174
"(Date(""2025-03-04""), 6)",37.033770801662065
"(Date(""2025-03-05""), 6)",30.9518078325094
"(Date(""2025-03-06""), 6)",17.392646567009052
"(Date(""2025-03-07""), 6)",5.078365462643312
"(Date(""2025-03-08""), 6)",9.17544853015449
"(Date(""2025-03-09""), 6)",18.83860814959746
"(Date(""2025-03-10""), 6)",24.494851048132837
"(Date(""2025-03-11""), 6)",26.080387596707972
"(Date(""2025-03-12""), 6)",20.038834992465215
"(Date(""2025-03-13""), 6)",20.830234579619685
"(Date(""2025-03-14""), 6)",30.989767874218636
"(Date(""2025-03-15""), 6)",30.944649425859886
"(Date(""2025-03-16""), 6)",25.131006550948168
"(Date(""2025-03-17""), 6)",15.176389129112431
"(Date(""2025-03-18""), 6)",11.85391652220461
"(Date(""2025-03-19""), 6)",23.351958680282117
"(Date(""2025-03-20""), 6)",24.115008028322865
"(Date(""2025-03-21""), 6)",10.385962860450062
"(Date(""2025-03-22""), 6)",15.06509772540184
"(Date(""2025-03-23""), 6)",8.161821212832505
"(Date(""2025-03-24""), 6)",21.079065450661552
"(Date(""2025-03-25""), 6)",15.411939658718332
"(Date(""2025-03-26""), 6)",15.47592329400153
"(Date(""2025-03-27""), 6)",12.972747720020672
"(Date(""2025-03-28""), 6)",15.068731882518165
"(Date(""2025-03-29""), 6)",14.150107469895449
"(Date(""2025-03-30""), 6)",14.256970575760423
"(Date(""2025-03-31""), 6)",23.190384764414937
"(Date(""2025-04-01""), 6)",8.477285447394667
"(Date(""2025-04-02""), 6)",12.163204233186779
"(Date(""2025-04-03""), 6)",14.923385818112093
"(Date(""2025-04-04""), 6)",14.109133033346914
"(Date(""2025-04-05""), 6)",12.551645174795661
"(Date(""2025-04-06""), 6)",12.861207238434428
"(Date(""2025-04-07""), 6)",10.321518962432242
"(Date(""2025-04-08""), 6)",11.80596173799452
"(Date(""2025-04-09""), 6)",5.127758699995164
"(Date(""2025-04-10""), 6)",16.047975033587775
"(Date(""2025-04-11""), 6)",19.65981359709873
"(Date(""2025-04-12""), 6)",20.07066878515312
"(Date(""2025-04-13""), 6)",18.102219644822522
"(Date(""2025-04-14""), 6)",20.362252217251847
"(Date(""2025-04-15""), 6)",17.511110636825034
"(Date(""2025-04-16""), 6)",6.841818371737398
"(Date(""2025-04-17""), 6)",10.549530902932062
"(Date(""2025-04-18""), 6)",22.220979962670846
"(Date(""2025-04-19""), 6)",28.44016135083124
"(Date(""2025-04-20""), 6)",12.923866613535619
"(Date(""2025-04-21""), 6)",17.669865761027545
"(Date(""2025-04-22""), 6)",17.582260029317673
"(Date(""2025-04-23""), 6)",13.678617352152045
"(Date(""2025-04-24""), 6)",23.777614455545955
"(Date(""2025-04-25""), 6)",24.165802622789574
"(Date(""2025-04-26""), 6)",20.109369750654388
"(Date(""2025-04-27""), 6)",20.686539167183284
"(Date(""2025-04-28""), 6)",20.56207633809575
"(Date(""2025-04-29""), 6)",26.354831248956554
"(Date(""2025-04-30""), 6)",10.499443829851675
"(Date(""2025-05-01""), 6)",14.837056758991077
"(Date(""2025-05-02""), 6)",20.56938189227137
"(Date(""2025-05-03""), 6)",22.411305904214917
"(Date(""2025-05-04""), 6)",19.842607900878047
"(Date(""2025-05-05""), 6)",17.501573684536485
"(Date(""2025-05-06""), 6)",21.8948809190527
"(Date(""2025-05-07""), 6)",18.90885394966575
"(Date(""2025-05-08""), 6)",9.119743833757067
"(Date(""2025-05-09""), 6)",5.105993343929885
"(Date(""2025-05-10""), 6)",21.68744516296256
"(Date(""2025-05-11""), 6)",14.330427475234215
"(Date(""2025-05-12""), 6)",27.69547918453905
"(Date(""2025-05-13""), 6)",20.495281819306122
"(Date(""2025-05-14""), 6)",22.575402498558763
"(Date(""2025-05-15""), 6)",20.001001149289962
"(Date(""2025-05-16""), 6)",23.196371942173567
"(Date(""2025-05-17""), 6)",24.075612775083822
"(Date(""2025-05-18""), 6)",19.332161703581694
"(Date(""2025-05-19""), 6)",12.111709420400572
"(Date(""2025-05-20""), 6)",9.95696984667799
"(Date(""2025-05-21""), 6)",10.05523924128554
"(Date(""2025-05-22""), 6)",7.418213367360508
"(Date(""2025-05-23""), 6)",7.699365122569753
"(Date(""2025-05-24""), 6)",13.854937990841202
"(Date(""2025-05-25""), 6)",13.6528012360213
"(Date(""2025-05-26""), 6)",19.649773407405185
"(Date(""2025-05-27""), 6)",20.15387533929534
"(Date(""2025-05-28""), 6)",25.224137023795194
"(Date(""2025-05-29""), 6)",21.988470688441772
"(Date(""2025-05-30""), 6)",16.45580087750866
"(Date(""2025-05-31""), 6)",15.245444755125526
"(Date(""2025-06-01""), 6)",0.9176858489389963
"(Date(""2025-06-02""), 6)",11.560129144021952
"(Date(""2025-06-03""), 6)",19.6760149931494
"(Date(""2025-06-04""), 6)",31.176956063380935
"(Date(""2025-06-05""), 6)",27.036104266658374
"(Date(""2025-06-06""), 6)",35.58068701299095
"(Date(""2025-06-07""), 6)",37.47899132927911
"(Date(""2025-06-08""), 6)",31.530236647768117
"(Date(""2025-06-09""), 6)",24.086104467711955
"(Date(""2025-06-10""), 6)",17.469319333026693
"(Date(""2025-06-11""), 6)",14.460559640686704
"(Date(""2025-06-12""), 6)",15.571580108801156
"(Date(""2025-06-13""), 6)",11.008023964989563
"(Date(""2025-06-14""), 6)",17.25254272064353
"(Date(""2025-06-15""), 6)",19.961106800489283
"(Date(""2025-06-16""), 6)",31.677210103769394
"(Date(""2025-06-17""), 6)",30.454680622852457
"(Date(""2025-06-18""), 6)",30.447030630265935
"(Date(""2025-06-19""), 6)",23.169855085560826
"(Date(""2025-06-20""), 6)",15.573014815052485
"(Date(""2025-06-21""), 6)",22.419404620851566
"(Date(""2025-06-22""), 6)",32.06445091925341
"(Date(""2025-06-23""), 6)",30.980566132112333
"(Date(""2025-06-24""), 6)",27.672027908269357
"(Date(""2025-06-25""), 6)",26.585630049890025
"(Date(""2025-06-26""), 6)",12.739015752603116
"(Date(""2025-06-27""), 6)",18.36016276442157
"(Date(""2025-06-28""), 6)",27.250331443689657
"(Date(""2025-06-29""), 6)",18.757840410250946
"(Date(""2025-06-30""), 6)",21.91150402869483
"(Date(""2025-07-01""), 6)",26.340852062529756
"(Date(""2025-07-02""), 6)",24.362093991598694
"(Date(""2025-07-03""), 6)",23.09163542505674
"(Date(""2025-07-04""), 6)",13.299379607298967
"(Date(""2025-07-05""), 6)",20.456832430188896
"(Date(""2025-07-06""), 6)",29.272324800400817
"(Date(""2025-07-07""), 6)",15.2588169510506
"(Date(""2025-07-08""), 6)",17.069515906868435
"(Date(""2025-07-09""), 6)",23.199390783830097
"(Date(""2025-07-10""), 6)",30.532506049351014
"(Date(""2025-07-11""), 6)",29.509812772879364
"(Date(""2025-07-12""), 6)",33.32120674410425
"(Date(""2025-07-13""), 6)",26.713935739529877
"(Date(""2025-07-14""), 6)",29.68798680646389
"(Date(""2025-07-15""), 6)",34.22420070503623
"(Date(""2025-07-16""), 6)",36.732084949116796
"(Date(""2025-07-17""), 6)",28.684095524949303
"(Date(""2025-07-18""), 6)",14.576463747246846
"(Date(""2025-07-19""), 6)",15.846463901862833
"(Date(""2025-07-20""), 6)",12.910768458926452
"(Date(""2025-07-21""), 6)",8.559750938841013
"(Date(""2025-07-22""), 6)",10.580316111190406
"(Date(""2025-07-23""), 6)",19.572179261002457
"(Date(""2025-07-24""), 6)",28.208082928571056
"(Date(""2025-07-25""), 6)",24.424875642707615
"(Date(""2025-07-26""), 6)",30.686920139528336
"(Date(""2025-07-27""), 6)",23.83990230268525
"(Date(""2025-07-28""), 6)",33.637188208542945
"(Date(""2025-07-29""), 6)",30.447879498531975
"(Date(""2025-07-30""), 6)",28.77850122916969
"(Date(""2025-07-31""), 6)",23.61200001971173
"(Date(""2025-08-01""), 6)",14.493337227431354
"(Date(""2025-08-02""), 6)",22.196764694711966
"(Date(""2025-08-03""), 6)",26.918292087993738
"(Date(""2025-08-04""), 6)",34.5346984701224
"(Date(""2025-08-05""), 6)",24.157131308055714
"(Date(""2025-08-06""), 6)",28.760110093569793
"(Date(""2025-08-07""), 6)",32.16818109247021
"(Date(""2025-08-08""), 6)",37.4744055722969
"(Date(""2025-08-09""), 6)",34.99717018023371
"(Date(""2025-08-10""), 6)",33.287832015363755
"(Date(""2025-08-11""), 6)",33.867267181364284
"(Date(""2025-08-12""), 6)",34.43589950241417
"(Date(""2025-08-13""), 6)",24.543510590825697
"(Date(""2025-08-14""), 6)",23.60236082588911
"(Date(""2025-08-15""), 6)",17.50404137387915
"(Date(""2025-08-16""), 6)",24.066193373683358
"(Date(""2025-08-17""), 6)",21.357619353881766
"(Date(""2025-08-18""), 6)",12.251220122815232
"(Date(""2025-08-19""), 6)",16.232126400380782
"(Date(""2025-08-20""), 6)",18.22976959783505
"(Date(""2025-08-21""), 6)",18.091356644912082
"(Date(""2025-08-22""), 6)",20.06273016020959
"(Date(""2025-08-23""), 6)",20.959968901570424
"(Date(""2025-08-24""), 6)",17.47068214451651
"(Date(""2025-08-25""), 6)",12.698665802444493
"(Date(""2025-08-26""), 6)",8.187472032738015
"(Date(""2025-08-27""), 6)",11.226749912838088
"(Date(""2025-08-28""), 6)",13.070711727644703
"(Date(""2025-08-29""), 6)",13.102451154116883
"(Date(""2025-08-30""), 6)",15.151562118073983
"(Date(""2025-08-31""), 6)",16.114728432671942
"(Date(""2025-09-01""), 6)",19.382780049869666
"(Date(""2025-09-02""), 6)",19.819244694129136
"(Date(""2025-09-03""), 6)",19.014561831045135
"(Date(""2025-09-04""), 6)",15.8255154582558
"(Date(""2025-09-05""), 6)",13.066278099217872
"(Date(""2025-09-06""), 6)",16.336276003031802
"(Date(""2025-09-07""), 6)",12.81949307306892
"(Date(""2025-09-08""), 6)",10.85117829559295
"(Date(""2025-09-09""), 6)",14.817778004835601
"(Date(""2025-09-10""), 6)",21.289323816012793
"(Date(""2025-09-11""), 6)",20.915627847167528
"(Date(""2025-09-12""), 6)",16.4151466277176
"(Date(""2025-09-13""), 6)",25.378647854345868
"(Date(""2025-09-14""), 6)",22.08849978892543
"(Date(""2025-09-15""), 6)",11.769800594640504
"(Date(""2025-09-16""), 6)",14.425683233814626
"(Date(""2025-09-17""), 6)",26.950168383538543
"(Date(""2025-09-18""), 6)",19.502537498697727
"(Date(""2025-09-19""), 6)",13.349753462089273
"(Date(""2025-09-20""), 6)",14.496816787542492
"(Date(""2025-09-21""), 6)",16.70842375079811
"(Date(""2025-09-22""), 6)",20.84509727752148
"(Date(""2025-09-23""), 6)",34.83625490160344
"(Date(""2025-09-24""), 6)",22.521586322583442
"(Date(""2025-09-25""), 6)",24.78647776655292
"(Date(""2025-09-26""), 6)",17.694043238964944
"(Date(""2025-09-27""), 6)",15.019193747644145
"(Date(""2025-09-28""), 6)",18.347148502531272
"(Date(""2025-09-29""), 6)",14.369961663793807
"(Date(""2025-09-30""), 6)",12.860221961688218
"(Date(""2025-10-01""), 6)",10.94929467991489
"(Date(""2025-10-02""), 6)",17.101866745291996
"(Date(""2025-10-03""), 6)",21.643842284854898
"(Date(""2025-10-04""), 6)",25.41631201626257
"(Date(""2025-10-05""), 6)",27.665635552759984
"(Date(""2025-10-06""), 6)",27.42816074870213
"(Date(""2025-10-07""), 6)",21.390270019932483
"(Date(""2025-10-08""), 6)",14.759214280028697
"(Date(""2025-10-09""), 6)",9.322814710472231
"(Date(""2025-10-10""), 6)",15.533659057027235
"(Date(""2025-10-11""), 6)",19.440829812848026
"(Date(""2025-10-12""), 6)",14.586465805436609
"(Date(""2025-10-13""), 6)",12.487291514710527
"(Date(""2025-10-14""), 6)",15.314248664733798
"(Date(""2025-10-15""), 6)",9.197078102137942
"(Date(""2025-10-16""), 6)",10.911982341854301
"(Date(""2025-10-17""), 6)",14.317480775519707
"(Date(""2025-10-18""), 6)",20.278632325575604
"(Date(""2025-10-19""), 6)",20.213333111183392
"(Date(""2025-10-20""), 6)",21.567524163777676
"(Date(""2025-10-21""), 6)",11.570044007124428
"(Date(""2025-10-22""), 6)",12.106629210342344
"(Date(""2025-10-23""), 6)",13.08112152873745
"(Date(""2025-10-24""), 6)",18.180847940206377
"(Date(""2025-10-25""), 6)",10.551068022545541
"(Date(""2025-10-26""), 6)",10.37687952002598
"(Date(""2025-10-27""), 6)",17.06009421929805
"(Date(""2025-10-28""), 6)",15.733799620115182
"(Date(""2025-10-29""), 6)",13.52520266240846
"(Date(""2025-10-30""), 6)",17.71065549305978
"(Date(""2025-10-31""), 6)",11.308296753553963
"(Date(""2025-11-01""), 6)",11.872945719977253
"(Date(""2025-11-02""), 6)",12.235945147761232
"(Date(""2025-11-03""), 6)",14.367065165227142
"(Date(""2025-11-04""), 6)",12.425387034348612
"(Date(""2025-11-05""), 6)",17.98490546629063
"(Date(""2025-11-06""), 6)",14.09714286040146
"(Date(""2025-11-07""), 6)",17.28151914740983
"(Date(""2025-11-08""), 6)",13.551500233638196
"(Date(""2025-11-09""), 6)",12.229610902821523
"(Date(""2025-11-10""), 6)",24.105516111184336
"(Date(""2025-11-11""), 6)",9.181563911210377
"(Date(""2025-11-12""), 6)",25.064170454368984
"(Date(""2025-11-13""), 6)",23.50319988216255
"(Date(""2025-11-14""), 6)",21.665101580201924
"(Date(""2025-11-15""), 6)",15.162911400287365
"(Date(""2025-11-16""), 6)",18.51550253680639
"(Date(""2025-11-17""), 6)",11.91138344750721
"(Date(""2025-11-18""), 6)",12.038705697376841
"(Date(""2025-11-19""), 6)",16.417463819534497
"(Date(""2025-11-20""), 6)",34.28795585919514
"(Date(""2025-11-21""), 6)",34.30343580712525
"(Date(""2025-11-22""), 6)",23.931041040840448
"(Date(""2025-11-23""), 6)",31.139110857690206
"(Date(""2025-11-24""), 6)",25.913970276051835
"(Date(""2025-11-25""), 6)",20.109670563189702
"(Date(""2025-11-26""), 6)",23.58508227875849
"(Date(""2025-11-27""), 6)",9.857085106183542
"(Date(""2025-11-28""), 6)",8.942502750786794
"(Date(""2025-11-29""), 6)",10.60139530723148
"(Date(""2025-11-30""), 6)",20.45694527534163
"(Date(""2025-12-01""), 6)",17.22129177749845
"(Date(""2025-12-02""), 6)",23.22589855577576
"(Date(""2025-12-03""), 6)",24.504677183001146
"(Date(""2025-12-04""), 6)",19.630118104664536
"(Date(""2025-12-05""), 6)",22.99923000594988
"(Date(""2025-12-06""), 6)",31.271951211836093
"(Date(""2025-12-07""), 6)",32.094044995553865
"(Date(""2025-12-08""), 6)",18.495606303560496
"(Date(""2025-12-09""), 6)",34.46702824891321
"(Date(""2025-12-10""), 6)",44.67831390216638
"(Date(""2025-12-11""), 6)",22.204539772879883
"(Date(""2025-12-12""), 6)",14.40860243242345
"(Date(""2025-12-13""), 6)",32.37850694618753
"(Date(""2025-12-14""), 6)",30.00902089038283
"(Date(""2025-12-15""), 6)",28.50378072225018
"(Date(""2025-12-16""), 6)",28.914406973741116
"(Date(""2025-12-17""), 6)",23.12546734839922
"(Date(""2025-12-18""), 6)",22.565952083026843
"(Date(""2025-12-19""), 6)",13.260214203979105
"(Date(""2025-12-20""), 6)",13.449449257959605
"(Date(""2025-12-21""), 6)",10.35367563500699
"(Date(""2025-12-22""), 6)",19.39428160541502
"(Date(""2025-12-23""), 6)",26.47725997935706
"(Date(""2025-12-24""), 6)",27.455120050415186
"(Date(""2025-12-25""), 6)",24.329757987536713
"(Date(""2025-12-26""), 6)",18.232303352714034
"(Date(""2025-12-27""), 6)",25.061779479567697
"(Date(""2025-12-28""), 6)",30.631261382807885
"(Date(""2025-12-29""), 6)",26.56859200709767
"(Date(""2025-12-30""), 6)",7.155852222682686
"(Date(""2025-12-31""), 6)",13.27577469546773
"(Date(""2025-01-01""), 17)",22.46421431978795
"(Date(""2025-01-02""), 17)",0.6922649520524813
"(Date(""2025-01-03""), 17)",-0.068811463341689
"(Date(""2025-01-04""), 17)",5.909237553041422
"(Date(""2025-01-05""), 17)",11.4974665808843
"(Date(""2025-01-06""), 17)",16.52133684632758
"(Date(""2025-01-07""), 17)",16.048460669495615
"(Date(""2025-01-08""), 17)",10.350916140809368
"(Date(""2025-01-09""), 17)",6.026217599806239
"(Date(""2025-01-10""), 17)",8.456463575191892
"(Date(""2025-01-11""), 17)",32.33462537246412
"(Date(""2025-01-12""), 17)",18.702314992347098
"(Date(""2025-01-13""), 17)",42.247697112220926
"(Date(""2025-01-14""), 17)",14.270068919094232
"(Date(""2025-01-15""), 17)",18.31555336240805
"(Date(""2025-01-16""), 17)",28.274355289404216
"(Date(""2025-01-17""), 17)",34.12944258623647
"(Date(""2025-01-18""), 17)",28.720218319059125
"(Date(""2025-01-19""), 17)",17.646174415761188
"(Date(""2025-01-20""), 17)",13.92382026796962
"(Date(""2025-01-21""), 17)",21.591339904993134
"(Date(""2025-01-22""), 17)",27.150245955840163
"(Date(""2025-01-23""), 17)",37.592808966126604
"(Date(""2025-01-24""), 17)",21.88111592215417
"(Date(""2025-01-25""), 17)",30.494501222536847
"(Date(""2025-01-26""), 17)",29.13842897695318
"(Date(""2025-01-27""), 17)",17.53433581430247
"(Date(""2025-01-28""), 17)",12.262110751481277
"(Date(""2025-01-29""), 17)",23.7892315018968
"(Date(""2025-01-30""), 17)",22.09675786114587
"(Date(""2025-01-31""), 17)",35.27342957863427
"(Date(""2025-02-01""), 17)",21.31585958879154
"(Date(""2025-02-02""), 17)",29.0043722588405
"(Date(""2025-02-03""), 17)",45.056666068921864
"(Date(""2025-02-04""), 17)",29.970839342803792
"(Date(""2025-02-05""), 17)",16.20531286169498
"(Date(""2025-02-06""), 17)",31.72438133955334
"(Date(""2025-02-07""), 17)",23.749336241246585
"(Date(""2025-02-08""), 17)",25.0427779494252
"(Date(""2025-02-09""), 17)",31.965709934577202
"(Date(""2025-02-10""), 17)",27.302248829231125
"(Date(""2025-02-11""), 17)",27.670010517793767
"(Date(""2025-02-12""), 17)",16.02743469062293
"(Date(""2025-02-13""), 17)",22.556501466953613
"(Date(""2025-02-14""), 17)",18.946252734553287
"(Date(""2025-02-15""), 17)",29.901402619719725
"(Date(""2025-02-16""), 17)",15.618221901727708
"(Date(""2025-02-17""), 17)",10.716410235133528
"(Date(""2025-02-18""), 17)",4.0758310376327875
"(Date(""2025-02-19""), 17)",3.452982569223475
"(Date(""2025-02-20""), 17)",17.55730269063043
"(Date(""2025-02-21""), 17)",20.022403769662986
"(Date(""2025-02-22""), 17)",26.76604225537398
"(Date(""2025-02-23""), 17)",31.582303980714855
"(Date(""2025-02-24""), 17)",34.37361488738239
"(Date(""2025-02-25""), 17)",36.50618829012197
"(Date(""2025-02-26""), 17)",26.71946187337399
"(Date(""2025-02-27""), 17)",35.248668224027604
"(Date(""2025-02-28""), 17)",20.306279095786156
"(Date(""2025-03-01""), 17)",22.400133503022833
"(Date(""2025-03-02""), 17)",3.1617423881981432
"(Date(""2025-03-03""), 17)",15.54556431642072
"(Date(""2025-03-04""), 17)",37.033770801662065
"(Date(""2025-03-05""), 17)",30.9518078325094
"(Date(""2025-03-06""), 17)",18.615192145386835
"(Date(""2025-03-07""), 17)",3.8558198842655287
"(Date(""2025-03-08""), 17)",8.564175740965595
"(Date(""2025-03-09""), 17)",17.00478978203079
"(Date(""2025-03-10""), 17)",24.494851048132837
"(Date(""2025-03-11""), 17)",24.85784201833019
"(Date(""2025-03-12""), 17)",20.038834992465215
"(Date(""2025-03-13""), 17)",20.830234579619685
"(Date(""2025-03-14""), 17)",32.212313452596426
"(Date(""2025-03-15""), 17)",31.555922215048774
"(Date(""2025-03-16""), 17)",25.131006550948168
"(Date(""2025-03-17""), 17)",13.342570761545753
"(Date(""2025-03-18""), 17)",9.408825365449042
"(Date(""2025-03-19""), 17)",19.073049155959875
"(Date(""2025-03-20""), 17)",21.058644082378404
"(Date(""2025-03-21""), 17)",7.940871703694495
"(Date(""2025-03-22""), 17)",13.842552147024053
"(Date(""2025-03-23""), 17)",7.550548423643617
"(Date(""2025-03-24""), 17)",21.079065450661552
"(Date(""2025-03-25""), 17)",14.189394080340548
"(Date(""2025-03-26""), 17)",13.030832137245964
"(Date(""2025-03-27""), 17)",9.305110984887314
"(Date(""2025-03-28""), 17)",12.623640725762604
"(Date(""2025-03-29""), 17)",13.538834680706554
"(Date(""2025-03-30""), 17)",15.479516154138206
"(Date(""2025-03-31""), 17)",22.57911197522605
"(Date(""2025-04-01""), 17)",6.643467079827988
"(Date(""2025-04-02""), 17)",9.106840287242317
"(Date(""2025-04-03""), 17)",13.089567450545415
"(Date(""2025-04-04""), 17)",12.275314665780236
"(Date(""2025-04-05""), 17)",11.940372385606766
"(Date(""2025-04-06""), 17)",12.24993444924554
"(Date(""2025-04-07""), 17)",13.377882908376705
"(Date(""2025-04-08""), 17)",13.639780105561192
"(Date(""2025-04-09""), 17)",6.9615770675618425
"(Date(""2025-04-10""), 17)",12.991611087643314
"(Date(""2025-04-11""), 17)",17.21472244034316
"(Date(""2025-04-12""), 17)",17.625577628397547
"(Date(""2025-04-13""), 17)",17.490946855633634
"(Date(""2025-04-14""), 17)",21.58479779562963
"(Date(""2025-04-15""), 17)",19.9562017935806
"(Date(""2025-04-16""), 17)",8.675636739304077
"(Date(""2025-04-17""), 17)",9.326985324554279
"(Date(""2025-04-18""), 17)",20.387161595104175
"(Date(""2025-04-19""), 17)",25.383797404886778
"(Date(""2025-04-20""), 17)",10.478775456780053
"(Date(""2025-04-21""), 17)",14.613501815083094
"(Date(""2025-04-22""), 17)",14.525896083373208
"(Date(""2025-04-23""), 17)",10.622253406207577
"(Date(""2025-04-24""), 17)",20.721250509601493
"(Date(""2025-04-25""), 17)",21.109438676845112
"(Date(""2025-04-26""), 17)",17.053005804709926
"(Date(""2025-04-27""), 17)",17.630175221238822
"(Date(""2025-04-28""), 17)",17.50571239215129
"(Date(""2025-04-29""), 17)",24.521012881389886
"(Date(""2025-04-30""), 17)",8.665625462285004
"(Date(""2025-05-01""), 17)",16.059602337368865
"(Date(""2025-05-02""), 17)",21.180654681460265
"(Date(""2025-05-03""), 17)",24.245124271781595
"(Date(""2025-05-04""), 17)",19.842607900878047
"(Date(""2025-05-05""), 17)",16.890300895347593
"(Date(""2025-05-06""), 17)",20.061062551486025
"(Date(""2025-05-07""), 17)",17.686308371287968
"(Date(""2025-05-08""), 17)",9.119743833757067
"(Date(""2025-05-09""), 17)",8.77363007906324
"(Date(""2025-05-10""), 17)",24.743809108907023
"(Date(""2025-05-11""), 17)",16.164245842800895
"(Date(""2025-05-12""), 17)",28.306751973727945
"(Date(""2025-05-13""), 17)",20.495281819306122
"(Date(""2025-05-14""), 17)",20.74158413099209
"(Date(""2025-05-15""), 17)",18.778455570912186
"(Date(""2025-05-16""), 17)",21.362553574606896
"(Date(""2025-05-17""), 17)",24.686885564272718
"(Date(""2025-05-18""), 17)",21.165980071148372
"(Date(""2025-05-19""), 17)",17.00189173391171
"(Date(""2025-05-20""), 17)",15.458424949378024
"(Date(""2025-05-21""), 17)",15.55669434398557
"(Date(""2025-05-22""), 17)",12.308395680871644
"(Date(""2025-05-23""), 17)",12.589547436080897
"(Date(""2025-05-24""), 17)",18.74512030435234
"(Date(""2025-05-25""), 17)",18.54298354953244
"(Date(""2025-05-26""), 17)",22.70613735334965
"(Date(""2025-05-27""), 17)",20.765148128484235
"(Date(""2025-05-28""), 17)",25.83540981298409
"(Date(""2025-05-29""), 17)",20.76592511006399
"(Date(""2025-05-30""), 17)",14.621982509941988
"(Date(""2025-05-31""), 17)",13.411626387558847
"(Date(""2025-06-01""), 17)",0.3064130597501083
"(Date(""2025-06-02""), 17)",12.171401933210847
"(Date(""2025-06-03""), 17)",20.898560571527188
"(Date(""2025-06-04""), 17)",34.233320009325396
"(Date(""2025-06-05""), 17)",28.869922634225052
"(Date(""2025-06-06""), 17)",37.41450538055763
"(Date(""2025-06-07""), 17)",37.47899132927911
"(Date(""2025-06-08""), 17)",31.530236647768117
"(Date(""2025-06-09""), 17)",24.086104467711955
"(Date(""2025-06-10""), 17)",16.858046543837798
"(Date(""2025-06-11""), 17)",13.849286851497808
"(Date(""2025-06-12""), 17)",14.349034530423372
"(Date(""2025-06-13""), 17)",11.008023964989563
"(Date(""2025-06-14""), 17)",18.475088299021312
"(Date(""2025-06-15""), 17)",21.794925168055958
"(Date(""2025-06-16""), 17)",32.89975568214718
"(Date(""2025-06-17""), 17)",30.454680622852457
"(Date(""2025-06-18""), 17)",29.83575784107704
"(Date(""2025-06-19""), 17)",25.614946242316392
"(Date(""2025-06-20""), 17)",16.79556039343026
"(Date(""2025-06-21""), 17)",21.196859042473776
"(Date(""2025-06-22""), 17)",27.785541394931172
"(Date(""2025-06-23""), 17)",26.70165660779008
"(Date(""2025-06-24""), 17)",23.39311838394712
"(Date(""2025-06-25""), 17)",22.30672052556778
"(Date(""2025-06-26""), 17)",9.682651806658662
"(Date(""2025-06-27""), 17)",17.74888997523267
"(Date(""2025-06-28""), 17)",27.861604232878545
"(Date(""2025-06-29""), 17)",17.535294831873156
"(Date(""2025-06-30""), 17)",18.855140082750378
"(Date(""2025-07-01""), 17)",22.6732153273964
"(Date(""2025-07-02""), 17)",20.694457256465338
"(Date(""2025-07-03""), 17)",18.812725900734495
"(Date(""2025-07-04""), 17)",8.409197293787823
"(Date(""2025-07-05""), 17)",16.177922905866655
"(Date(""2025-07-06""), 17)",24.993415276078572
"(Date(""2025-07-07""), 17)",14.036271372672816
"(Date(""2025-07-08""), 17)",15.846970328490652
"(Date(""2025-07-09""), 17)",21.976845205452314
"(Date(""2025-07-10""), 17)",29.92123326016212
"(Date(""2025-07-11""), 17)",28.898539983690476
"(Date(""2025-07-12""), 17)",33.32120674410425
"(Date(""2025-07-13""), 17)",26.713935739529877
"(Date(""2025-07-14""), 17)",29.076714017275002
"(Date(""2025-07-15""), 17)",32.39038233746955
"(Date(""2025-07-16""), 17)",33.67572100317234
"(Date(""2025-07-17""), 17)",25.62773157900484
"(Date(""2025-07-18""), 17)",12.742645379680168
"(Date(""2025-07-19""), 17)",15.846463901862833
"(Date(""2025-07-20""), 17)",14.133314037304235
"(Date(""2025-07-21""), 17)",9.782296517218796
"(Date(""2025-07-22""), 17)",10.580316111190406
"(Date(""2025-07-23""), 17)",18.96090647181357
"(Date(""2025-07-24""), 17)",27.596810139382168
"(Date(""2025-07-25""), 17)",26.258694010274294
"(Date(""2025-07-26""), 17)",33.43764769087835
"(Date(""2025-07-27""), 17)",28.730084616196375
"(Date(""2025-07-28""), 17)",31.19209705178737
"(Date(""2025-07-29""), 17)",26.78024276339862
"(Date(""2025-07-30""), 17)",24.499591704847447
"(Date(""2025-07-31""), 17)",19.333090495389484
"(Date(""2025-08-01""), 17)",11.436973281486893
"(Date(""2025-08-02""), 17)",19.751673537956396
"(Date(""2025-08-03""), 17)",23.861928142049276
"(Date(""2025-08-04""), 17)",30.86706173498904
"(Date(""2025-08-05""), 17)",21.100767362111252
"(Date(""2025-08-06""), 17)",26.31501893681422
"(Date(""2025-08-07""), 17)",30.94563551409242
"(Date(""2025-08-08""), 17)",37.4744055722969
"(Date(""2025-08-09""), 17)",35.6084429694226
"(Date(""2025-08-10""), 17)",32.67655922617486
"(Date(""2025-08-11""), 17)",31.42217602460871
"(Date(""2025-08-12""), 17)",31.990808345658596
"(Date(""2025-08-13""), 17)",24.543510590825697
"(Date(""2025-08-14""), 17)",24.519270009672443
"(Date(""2025-08-15""), 17)",16.89276858469025
"(Date(""2025-08-16""), 17)",22.843647795305568
"(Date(""2025-08-17""), 17)",20.13507377550397
"(Date(""2025-08-18""), 17)",12.251220122815232
"(Date(""2025-08-19""), 17)",16.843399189569677
"(Date(""2025-08-20""), 17)",18.22976959783505
"(Date(""2025-08-21""), 17)",17.480083855723187
"(Date(""2025-08-22""), 17)",19.4514573710207
"(Date(""2025-08-23""), 17)",20.959968901570424
"(Date(""2025-08-24""), 17)",18.6932277228943
"(Date(""2025-08-25""), 17)",12.087393013255598
"(Date(""2025-08-26""), 17)",6.353653665171336
"(Date(""2025-08-27""), 17)",7.559113177704742
"(Date(""2025-08-28""), 17)",10.014347781700248
"(Date(""2025-08-29""), 17)",11.268632786550205
"(Date(""2025-08-30""), 17)",13.9290165396962
"(Date(""2025-08-31""), 17)",16.114728432671942
"(Date(""2025-09-01""), 17)",19.382780049869666
"(Date(""2025-09-02""), 17)",20.430517483318024
"(Date(""2025-09-03""), 17)",20.23710740942292
"(Date(""2025-09-04""), 17)",16.4367882474447
"(Date(""2025-09-05""), 17)",13.066278099217872
"(Date(""2025-09-06""), 17)",15.113730424654019
"(Date(""2025-09-07""), 17)",11.596947494691136
"(Date(""2025-09-08""), 17)",9.628632717215167
"(Date(""2025-09-09""), 17)",12.983959637268923
"(Date(""2025-09-10""), 17)",18.23295987006834
"(Date(""2025-09-11""), 17)",17.859263901223066
"(Date(""2025-09-12""), 17)",13.970055470962034
"(Date(""2025-09-13""), 17)",25.378647854345868
"(Date(""2025-09-14""), 17)",23.311045367303212
"(Date(""2025-09-15""), 17)",12.992346173018294
"(Date(""2025-09-16""), 17)",14.425683233814626
"(Date(""2025-09-17""), 17)",25.116350015971864
"(Date(""2025-09-18""), 17)",17.668719131131063
"(Date(""2025-09-19""), 17)",12.127207883711483
"(Date(""2025-09-20""), 17)",13.27427120916471
"(Date(""2025-09-21""), 17)",14.874605383231442
"(Date(""2025-09-22""), 17)",19.622551699143695
"(Date(""2025-09-23""), 17)",34.224982112414544
"(Date(""2025-09-24""), 17)",21.29904074420566
"(Date(""2025-09-25""), 17)",23.563932188175137
"(Date(""2025-09-26""), 17)",16.47149766058716
"(Date(""2025-09-27""), 17)",14.407920958455257
"(Date(""2025-09-28""), 17)",15.902057345775702
"(Date(""2025-09-29""), 17)",11.924870507038245
"(Date(""2025-09-30""), 17)",10.415130804932641
"(Date(""2025-10-01""), 17)",10.338021890726003
"(Date(""2025-10-02""), 17)",15.879321166914211
"(Date(""2025-10-03""), 17)",20.421296706477115
"(Date(""2025-10-04""), 17)",24.193766437884786
"(Date(""2025-10-05""), 17)",27.665635552759984
"(Date(""2025-10-06""), 17)",28.039433537891032
"(Date(""2025-10-07""), 17)",21.390270019932483
"(Date(""2025-10-08""), 17)",14.759214280028697
"(Date(""2025-10-09""), 17)",7.4889963429055495
"(Date(""2025-10-10""), 17)",11.254749532704995
"(Date(""2025-10-11""), 17)",16.690102261498016
"(Date(""2025-10-12""), 17)",14.280829410842157
"(Date(""2025-10-13""), 17)",13.709837093088307
"(Date(""2025-10-14""), 17)",16.536794243111583
"(Date(""2025-10-15""), 17)",11.03089646970461
"(Date(""2025-10-16""), 17)",11.523255131043186
"(Date(""2025-10-17""), 17)",13.09493519714192
"(Date(""2025-10-18""), 17)",17.222268379631142
"(Date(""2025-10-19""), 17)",17.768241954427825
"(Date(""2025-10-20""), 17)",20.344978585399893
"(Date(""2025-10-21""), 17)",12.181316796313324
"(Date(""2025-10-22""), 17)",12.106629210342344
"(Date(""2025-10-23""), 17)",12.469848739548555
"(Date(""2025-10-24""), 17)",15.124483994261919
"(Date(""2025-10-25""), 17)",8.105976865789977
"(Date(""2025-10-26""), 17)",8.543061152459309
"(Date(""2025-10-27""), 17)",14.615003062542483
"(Date(""2025-10-28""), 17)",11.760526490387385
"(Date(""2025-10-29""), 17)",8.635020348897326
"(Date(""2025-10-30""), 17)",16.18247352008755
"(Date(""2025-10-31""), 17)",8.863205596798394
"(Date(""2025-11-01""), 17)",10.039127352410578
"(Date(""2025-11-02""), 17)",10.402126780194553
"(Date(""2025-11-03""), 17)",13.144519586849361
"(Date(""2025-11-04""), 17)",10.591568666781933
"(Date(""2025-11-05""), 17)",15.539814309535059
"(Date(""2025-11-06""), 17)",11.652051703645892
"(Date(""2025-11-07""), 17)",15.447700779843146
"(Date(""2025-11-08""), 17)",11.717681866071525
"(Date(""2025-11-09""), 17)",11.007065324443738
"(Date(""2025-11-10""), 17)",21.660424954428773
"(Date(""2025-11-11""), 17)",6.736472754454812
"(Date(""2025-11-12""), 17)",22.61907929761342
"(Date(""2025-11-13""), 17)",22.891927092973656
"(Date(""2025-11-14""), 17)",21.053828791013036
"(Date(""2025-11-15""), 17)",13.940365821909575
"(Date(""2025-11-16""), 17)",17.29295695842861
"(Date(""2025-11-17""), 17)",10.077565079940534
"(Date(""2025-11-18""), 17)",10.20488732981016
"(Date(""2025-11-19""), 17)",13.361099873590033
"(Date(""2025-11-20""), 17)",33.06541028081736
"(Date(""2025-11-21""), 17)",36.13725417469192
"(Date(""2025-11-22""), 17)",25.76485940840712
"(Date(""2025-11-23""), 17)",32.36165643606799
"(Date(""2025-11-24""), 17)",24.691424697674055
"(Date(""2025-11-25""), 17)",20.720943352378598
"(Date(""2025-11-26""), 17)",23.58508227875849
"(Date(""2025-11-27""), 17)",9.245812316994646
"(Date(""2025-11-28""), 17)",6.4974115940312265
"(Date(""2025-11-29""), 17)",8.156304150475915
"(Date(""2025-11-30""), 17)",19.234399696963845
"(Date(""2025-12-01""), 17)",17.22129177749845
"(Date(""2025-12-02""), 17)",23.22589855577576
"(Date(""2025-12-03""), 17)",23.89340439381225
"(Date(""2025-12-04""), 17)",18.407572526286753
"(Date(""2025-12-05""), 17)",22.38795721676099
"(Date(""2025-12-06""), 17)",31.271951211836093
"(Date(""2025-12-07""), 17)",32.094044995553865
"(Date(""2025-12-08""), 17)",17.27306072518271
"(Date(""2025-12-09""), 17)",31.410664302968758
"(Date(""2025-12-10""), 17)",41.01067716703302
"(Date(""2025-12-11""), 17)",19.759448616124317
"(Date(""2025-12-12""), 17)",11.963511275667887
"(Date(""2025-12-13""), 17)",32.37850694618753
"(Date(""2025-12-14""), 17)",29.397748101193944
"(Date(""2025-12-15""), 17)",27.281235143872397
"(Date(""2025-12-16""), 17)",25.858043027796658
"(Date(""2025-12-17""), 17)",20.680376191643656
"(Date(""2025-12-18""), 17)",22.565952083026843
"(Date(""2025-12-19""), 17)",13.871486993168
"(Date(""2025-12-20""), 17)",16.20017680930962
"(Date(""2025-12-21""), 17)",9.742402845818102
"(Date(""2025-12-22""), 17)",22.450645551359482
"(Date(""2025-12-23""), 17)",28.922351136112628
"(Date(""2025-12-24""), 17)",28.06639283960408
"(Date(""2025-12-25""), 17)",24.9410307767256
"(Date(""2025-12-26""), 17)",17.62103056352514
"(Date(""2025-12-27""), 17)",24.45050669037881
"(Date(""2025-12-28""), 17)",30.01998859361899
"(Date(""2025-12-29""), 17)",28.402410374664342
"(Date(""2025-12-30""), 17)",8.989670590249364
"(Date(""2025-12-31""), 17)",17.554684219789976
"(Date(""2025-01-01""), 31)",23.075487108976844
"(Date(""2025-01-02""), 31)",0.0809921628635941
"(Date(""2025-01-03""), 31)",-0.068811463341689
"(Date(""2025-01-04""), 31)",6.52051034223031
"(Date(""2025-01-05""), 31)",12.720012159262083
"(Date(""2025-01-06""), 31)",18.355155213894257
"(Date(""2025-01-07""), 31)",17.882279037062293
"(Date(""2025-01-08""), 31)",12.184734508376046
"(Date(""2025-01-09""), 31)",7.860035967372914
"(Date(""2025-01-10""), 31)",11.512827521136343
"(Date(""2025-01-11""), 31)",36.613534896786355
"(Date(""2025-01-12""), 31)",25.42631567342491
"(Date(""2025-01-13""), 31)",47.74915221492094
"(Date(""2025-01-14""), 31)",19.160251232605365
"(Date(""2025-01-15""), 31)",20.76064451916362
"(Date(""2025-01-16""), 31)",28.274355289404216
"(Date(""2025-01-17""), 31)",33.518169797047584
"(Date(""2025-01-18""), 31)",28.10894552987023
"(Date(""2025-01-19""), 31)",18.868719994138974
"(Date(""2025-01-20""), 31)",14.535093057158509
"(Date(""2025-01-21""), 31)",20.368794326615358
"(Date(""2025-01-22""), 31)",25.92770037746238
"(Date(""2025-01-23""), 31)",38.81535454450439
"(Date(""2025-01-24""), 31)",25.54875265728752
"(Date(""2025-01-25""), 31)",35.38468353604798
"(Date(""2025-01-26""), 31)",32.19479292289764
"(Date(""2025-01-27""), 31)",20.590699760246927
"(Date(""2025-01-28""), 31)",14.707201908236849
"(Date(""2025-01-29""), 31)",25.62304986946347
"(Date(""2025-01-30""), 31)",22.70803065033477
"(Date(""2025-01-31""), 31)",37.718520735389845
"(Date(""2025-02-01""), 31)",24.983496323924893
"(Date(""2025-02-02""), 31)",32.060736204784966
"(Date(""2025-02-03""), 31)",47.50175722567744
"(Date(""2025-02-04""), 31)",31.193384921181575
"(Date(""2025-02-05""), 31)",18.650404018450544
"(Date(""2025-02-06""), 31)",34.16947249630891
"(Date(""2025-02-07""), 31)",26.19442739800215
"(Date(""2025-02-08""), 31)",25.0427779494252
"(Date(""2025-02-09""), 31)",27.075527621066062
"(Date(""2025-02-10""), 31)",23.023339304908895
"(Date(""2025-02-11""), 31)",24.61364657184931
"(Date(""2025-02-12""), 31)",16.02743469062293
"(Date(""2025-02-13""), 31)",21.945228677764717
"(Date(""2025-02-14""), 31)",19.557525523742182
"(Date(""2025-02-15""), 31)",28.06758425215305
"(Date(""2025-02-16""), 31)",12.561857955783246
"(Date(""2025-02-17""), 31)",8.271319078377958
"(Date(""2025-02-18""), 31)",4.0758310376327875
"(Date(""2025-02-19""), 31)",6.509346515167933
"(Date(""2025-02-20""), 31)",18.779848269008212
"(Date(""2025-02-21""), 31)",22.467494926418546
"(Date(""2025-02-22""), 31)",27.98858783375176
"(Date(""2025-02-23""), 31)",30.971031191525967
"(Date(""2025-02-24""), 31)",31.31725094143793
"(Date(""2025-02-25""), 31)",32.83855155498861
"(Date(""2025-02-26""), 31)",23.051825138240634
"(Date(""2025-02-27""), 31)",31.581031488894254
"(Date(""2025-02-28""), 31)",15.416096782275018
"(Date(""2025-03-01""), 31)",23.622679081400616
"(Date(""2025-03-02""), 31)",7.440651912520387
"(Date(""2025-03-03""), 31)",23.492110575876307
"(Date(""2025-03-04""), 31)",40.09013474760651
"(Date(""2025-03-05""), 31)",34.008171778453864
"(Date(""2025-03-06""), 31)",18.615192145386835
"(Date(""2025-03-07""), 31)",5.6896382518322
"(Date(""2025-03-08""), 31)",8.564175740965595
"(Date(""2025-03-09""), 31)",17.61606257121968
"(Date(""2025-03-10""), 31)",23.883578258943942
"(Date(""2025-03-11""), 31)",27.914205964274643
"(Date(""2025-03-12""), 31)",23.095198938409666
"(Date(""2025-03-13""), 31)",25.720416893130814
"(Date(""2025-03-14""), 31)",35.87995018772977
"(Date(""2025-03-15""), 31)",39.502468474504376
"(Date(""2025-03-16""), 31)",31.855007232025976
"(Date(""2025-03-17""), 31)",18.232753075056895
"(Date(""2025-03-18""), 31)",11.242643733015722
"(Date(""2025-03-19""), 31)",22.129413101904333
"(Date(""2025-03-20""), 31)",24.72628081751176
"(Date(""2025-03-21""), 31)",10.997235649638958
"(Date(""2025-03-22""), 31)",16.89891609296852
"(Date(""2025-03-23""), 31)",10.60691236958807
"(Date(""2025-03-24""), 31)",22.912883818228234
"(Date(""2025-03-25""), 31)",16.023212447907227
"(Date(""2025-03-26""), 31)",13.64210492643486
"(Date(""2025-03-27""), 31)",11.750202141642882
"(Date(""2025-03-28""), 31)",13.846186304140383
"(Date(""2025-03-29""), 31)",15.372653048273232
"(Date(""2025-03-30""), 31)",16.702061732515993
"(Date(""2025-03-31""), 31)",25.635475921170503
"(Date(""2025-04-01""), 31)",9.088558236583562
"(Date(""2025-04-02""), 31)",11.55193144399789
"(Date(""2025-04-03""), 31)",15.534658607300981
"(Date(""2025-04-04""), 31)",15.331678611724696
"(Date(""2025-04-05""), 31)",14.99673633155123
"(Date(""2025-04-06""), 31)",14.083752816812215
"(Date(""2025-04-07""), 31)",12.766610119187808
"(Date(""2025-04-08""), 31)",13.639780105561192
"(Date(""2025-04-09""), 31)",7.572849856750738
"(Date(""2025-04-10""), 31)",16.047975033587775
"(Date(""2025-04-11""), 31)",21.4936319646654
"(Date(""2025-04-12""), 31)",22.515759941908687
"(Date(""2025-04-13""), 31)",22.381129169144764
"(Date(""2025-04-14""), 31)",22.807343374007413
"(Date(""2025-04-15""), 31)",20.567474582769496
"(Date(""2025-04-16""), 31)",8.675636739304077
"(Date(""2025-04-17""), 31)",11.16080369212095
"(Date(""2025-04-18""), 31)",20.99843438429307
"(Date(""2025-04-19""), 31)",25.995070194075673
"(Date(""2025-04-20""), 31)",11.090048245968942
"(Date(""2025-04-21""), 31)",16.447320182649772
"(Date(""2025-04-22""), 31)",17.582260029317673
"(Date(""2025-04-23""), 31)",13.678617352152045
"(Date(""2025-04-24""), 31)",21.943796087979276
"(Date(""2025-04-25""), 31)",22.331984255222896
"(Date(""2025-04-26""), 31)",18.27555138308771
"(Date(""2025-04-27""), 31)",20.38090277258884
"(Date(""2025-04-28""), 31)",18.422621575934627
"(Date(""2025-04-29""), 31)",26.660467643551005
"(Date(""2025-04-30""), 31)",8.665625462285004
"(Date(""2025-05-01""), 31)",16.059602337368865
"(Date(""2025-05-02""), 31)",21.180654681460265
"(Date(""2025-05-03""), 31)",23.022578693403805
"(Date(""2025-05-04""), 31)",19.23133511168915
"(Date(""2025-05-05""), 31)",16.279028106158698
"(Date(""2025-05-06""), 31)",21.8948809190527
"(Date(""2025-05-07""), 31)",19.52012673885464
"(Date(""2025-05-08""), 31)",9.731016622945951
"(Date(""2025-05-09""), 31)",5.105993343929885
"(Date(""2025-05-10""), 31)",21.076172373773666
"(Date(""2025-05-11""), 31)",13.719154686045323
"(Date(""2025-05-12""), 31)",27.69547918453905
"(Date(""2025-05-13""), 31)",23.551645765250573
"(Date(""2025-05-14""), 31)",24.40922086612544
"(Date(""2025-05-15""), 31)",21.223546727667753
"(Date(""2025-05-16""), 31)",21.973826363795784
"(Date(""2025-05-17""), 31)",25.298158353461606
"(Date(""2025-05-18""), 31)",20.554707281959477
"(Date(""2025-05-19""), 31)",13.334254998778356
"(Date(""2025-05-20""), 31)",9.95696984667799
"(Date(""2025-05-21""), 31)",10.66651203047443
"(Date(""2025-05-22""), 31)",9.252031734927183
"(Date(""2025-05-23""), 31)",10.144456279325324
"(Date(""2025-05-24""), 31)",16.30002914759677
"(Date(""2025-05-25""), 31)",14.875346814399084
"(Date(""2025-05-26""), 31)",19.649773407405185
"(Date(""2025-05-27""), 31)",18.32005697172866
"(Date(""2025-05-28""), 31)",23.39031865622853
"(Date(""2025-05-29""), 31)",17.709561164119542
"(Date(""2025-05-30""), 31)",13.399436931564198
"(Date(""2025-05-31""), 31)",12.80035359836996
"(Date(""2025-06-01""), 31)",1.5289586381278915
"(Date(""2025-06-02""), 31)",11.560129144021952
"(Date(""2025-06-03""), 31)",19.6760149931494
"(Date(""2025-06-04""), 31)",31.78822885256983
"(Date(""2025-06-05""), 31)",27.64737705584727
"(Date(""2025-06-06""), 31)",35.58068701299095
"(Date(""2025-06-07""), 31)",36.86771854009022
"(Date(""2025-06-08""), 31)",32.75278222614589
"(Date(""2025-06-09""), 31)",25.30865004608974
"(Date(""2025-06-10""), 31)",18.691864911404476
"(Date(""2025-06-11""), 31)",13.849286851497808
"(Date(""2025-06-12""), 31)",14.960307319612268
"(Date(""2025-06-13""), 31)",11.008023964989563
"(Date(""2025-06-14""), 31)",19.0863610882102
"(Date(""2025-06-15""), 31)",22.406197957244846
"(Date(""2025-06-16""), 31)",32.28848289295829
"(Date(""2025-06-17""), 31)",29.843407833663562
"(Date(""2025-06-18""), 31)",28.00193947351037
"(Date(""2025-06-19""), 31)",23.78112787474972
"(Date(""2025-06-20""), 31)",14.35046923667469
"(Date(""2025-06-21""), 31)",20.585586253284887
"(Date(""2025-06-22""), 31)",29.008086973308956
"(Date(""2025-06-23""), 31)",29.146747764545655
"(Date(""2025-06-24""), 31)",25.838209540702685
"(Date(""2025-06-25""), 31)",24.751811682323346
"(Date(""2025-06-26""), 31)",9.682651806658662
"(Date(""2025-06-27""), 31)",16.52634439685489
"(Date(""2025-06-28""), 31)",26.63905865450076
"(Date(""2025-06-29""), 31)",17.535294831873156
"(Date(""2025-06-30""), 31)",20.077685661128157
"(Date(""2025-07-01""), 31)",23.284488116585294
"(Date(""2025-07-02""), 31)",21.305730045654233
"(Date(""2025-07-03""), 31)",20.035271479112286
"(Date(""2025-07-04""), 31)",10.854288450543393
"(Date(""2025-07-05""), 31)",18.623014062622218
"(Date(""2025-07-06""), 31)",26.827233643645243
"(Date(""2025-07-07""), 31)",15.2588169510506
"(Date(""2025-07-08""), 31)",17.069515906868435
"(Date(""2025-07-09""), 31)",22.58811799464121
"(Date(""2025-07-10""), 31)",29.309960470973223
"(Date(""2025-07-11""), 31)",28.287267194501588
"(Date(""2025-07-12""), 31)",35.76629790085982
"(Date(""2025-07-13""), 31)",30.381572474663233
"(Date(""2025-07-14""), 31)",32.744350752408344
"(Date(""2025-07-15""), 31)",33.00165512665845
"(Date(""2025-07-16""), 31)",33.06444821398345
"(Date(""2025-07-17""), 31)",25.016458789815953
"(Date(""2025-07-18""), 31)",12.742645379680168
"(Date(""2025-07-19""), 31)",16.45773669105172
"(Date(""2025-07-20""), 31)",14.74458682649313
"(Date(""2025-07-21""), 31)",9.171023728029908
"(Date(""2025-07-22""), 31)",11.191588900379294
"(Date(""2025-07-23""), 31)",18.96090647181357
"(Date(""2025-07-24""), 31)",29.430628506948846
"(Date(""2025-07-25""), 31)",26.86996679946319
"(Date(""2025-07-26""), 31)",35.88273884763392
"(Date(""2025-07-27""), 31)",30.563902983763054
"(Date(""2025-07-28""), 31)",33.02591541935405
"(Date(""2025-07-29""), 31)",27.391515552587514
"(Date(""2025-07-30""), 31)",24.499591704847447
"(Date(""2025-07-31""), 31)",18.72181770620059
"(Date(""2025-08-01""), 31)",10.21442770310911
"(Date(""2025-08-02""), 31)",18.529127959578616
"(Date(""2025-08-03""), 31)",23.250655352860388
"(Date(""2025-08-04""), 31)",31.478334524177935
"(Date(""2025-08-05""), 31)",21.100767362111252
"(Date(""2025-08-06""), 31)",27.537564515192003
"(Date(""2025-08-07""), 31)",31.556908303281315
"(Date(""2025-08-08""), 31)",39.30822393986357
"(Date(""2025-08-09""), 31)",36.219715758611486
"(Date(""2025-08-10""), 31)",32.67655922617486
"(Date(""2025-08-11""), 31)",31.42217602460871
"(Date(""2025-08-12""), 31)",33.82462671322528
"(Date(""2025-08-13""), 31)",26.988601747581264
"(Date(""2025-08-14""), 31)",25.741815588050233
"(Date(""2025-08-15""), 31)",15.670223006312465
"(Date(""2025-08-16""), 31)",21.621102216927785
"(Date(""2025-08-17""), 31)",19.52380098631508
"(Date(""2025-08-18""), 31)",11.639947333626337
"(Date(""2025-08-19""), 31)",16.232126400380782
"(Date(""2025-08-20""), 31)",18.22976959783505
"(Date(""2025-08-21""), 31)",18.091356644912082
"(Date(""2025-08-22""), 31)",18.84018458183182
"(Date(""2025-08-23""), 31)",19.126150534003745
"(Date(""2025-08-24""), 31)",16.859409355327614
"(Date(""2025-08-25""), 31)",12.087393013255598
"(Date(""2025-08-26""), 31)",7.5761992435491194
"(Date(""2025-08-27""), 31)",10.004204334460308
"(Date(""2025-08-28""), 31)",12.459438938455815
"(Date(""2025-08-29""), 31)",13.102451154116883
"(Date(""2025-08-30""), 31)",14.540289328885095
"(Date(""2025-08-31""), 31)",13.058364486727479
"(Date(""2025-09-01""), 31)",15.103870525547421
"(Date(""2025-09-02""), 31)",16.151607958995783
"(Date(""2025-09-03""), 31)",18.40328904185624
"(Date(""2025-09-04""), 31)",16.4367882474447
"(Date(""2025-09-05""), 31)",13.066278099217872
"(Date(""2025-09-06""), 31)",15.725003213842914
"(Date(""2025-09-07""), 31)",11.596947494691136
"(Date(""2025-09-08""), 31)",9.628632717215167
"(Date(""2025-09-09""), 31)",12.372686848080034
"(Date(""2025-09-10""), 31)",17.62168708087945
"(Date(""2025-09-11""), 31)",17.24799111203418
"(Date(""2025-09-12""), 31)",13.358782681773146
"(Date(""2025-09-13""), 31)",24.767375065156973
"(Date(""2025-09-14""), 31)",22.699772578114317
"(Date(""2025-09-15""), 31)",12.992346173018294
"(Date(""2025-09-16""), 31)",15.036956023003514
"(Date(""2025-09-17""), 31)",26.950168383538543
"(Date(""2025-09-18""), 31)",18.891264709508835
"(Date(""2025-09-19""), 31)",12.127207883711483
"(Date(""2025-09-20""), 31)",12.051725630786922
"(Date(""2025-09-21""), 31)",13.652059804853659
"(Date(""2025-09-22""), 31)",19.011278909954807
"(Date(""2025-09-23""), 31)",33.613709323225656
"(Date(""2025-09-24""), 31)",21.910313533394547
"(Date(""2025-09-25""), 31)",24.175204977364032
"(Date(""2025-09-26""), 31)",16.47149766058716
"(Date(""2025-09-27""), 31)",14.407920958455257
"(Date(""2025-09-28""), 31)",15.902057345775702
"(Date(""2025-09-29""), 31)",13.147416085416024
"(Date(""2025-09-30""), 31)",11.02640359412154
"(Date(""2025-10-01""), 31)",10.338021890726003
"(Date(""2025-10-02""), 31)",15.268048377725316
"(Date(""2025-10-03""), 31)",19.810023917288227
"(Date(""2025-10-04""), 31)",22.971220859507003
"(Date(""2025-10-05""), 31)",27.05436276357109
"(Date(""2025-10-06""), 31)",28.039433537891032
"(Date(""2025-10-07""), 31)",22.612815598310267
"(Date(""2025-10-08""), 31)",14.759214280028697
"(Date(""2025-10-09""), 31)",9.322814710472231
"(Date(""2025-10-10""), 31)",15.533659057027235
"(Date(""2025-10-11""), 31)",22.497193758792488
"(Date(""2025-10-12""), 31)",17.64282975138107
"(Date(""2025-10-13""), 31)",16.154928249843874
"(Date(""2025-10-14""), 31)",16.536794243111583
"(Date(""2025-10-15""), 31)",10.419623680515722
"(Date(""2025-10-16""), 31)",11.523255131043186
"(Date(""2025-10-17""), 31)",14.317480775519707
"(Date(""2025-10-18""), 31)",19.056086747197813
"(Date(""2025-10-19""), 31)",19.602060321994497
"(Date(""2025-10-20""), 31)",21.567524163777676
"(Date(""2025-10-21""), 31)",12.181316796313324
"(Date(""2025-10-22""), 31)",12.106629210342344
"(Date(""2025-10-23""), 31)",13.08112152873745
"(Date(""2025-10-24""), 31)",16.958302361828594
"(Date(""2025-10-25""), 31)",9.328522444167758
"(Date(""2025-10-26""), 31)",9.154333941648197
"(Date(""2025-10-27""), 31)",16.448821430109156
"(Date(""2025-10-28""), 31)",16.34507240930407
"(Date(""2025-10-29""), 31)",14.136475451597352
"(Date(""2025-10-30""), 31)",19.54447386062645
"(Date(""2025-10-31""), 31)",11.308296753553963
"(Date(""2025-11-01""), 31)",11.872945719977253
"(Date(""2025-11-02""), 31)",11.624672358572337
"(Date(""2025-11-03""), 31)",13.755792376038256
"(Date(""2025-11-04""), 31)",11.202841455970828
"(Date(""2025-11-05""), 31)",16.76235988791284
"(Date(""2025-11-06""), 31)",14.09714286040146
"(Date(""2025-11-07""), 31)",17.89279193659872
"(Date(""2025-11-08""), 31)",14.162773022827091
"(Date(""2025-11-09""), 31)",12.229610902821523
"(Date(""2025-11-10""), 31)",22.882970532806556
"(Date(""2025-11-11""), 31)",7.959018332832596
"(Date(""2025-11-12""), 31)",23.23035208680231
"(Date(""2025-11-13""), 31)",22.891927092973656
"(Date(""2025-11-14""), 31)",19.831283212635253
"(Date(""2025-11-15""), 31)",13.329093032720687
"(Date(""2025-11-16""), 31)",16.681684169239716
"(Date(""2025-11-17""), 31)",10.077565079940534
"(Date(""2025-11-18""), 31)",10.816160118999058
"(Date(""2025-11-19""), 31)",14.583645451967817
"(Date(""2025-11-20""), 31)",33.67668307000625
"(Date(""2025-11-21""), 31)",33.08089022874746
"(Date(""2025-11-22""), 31)",22.09722267327377
"(Date(""2025-11-23""), 31)",28.69401970093464
"(Date(""2025-11-24""), 31)",24.080151908485167
"(Date(""2025-11-25""), 31)",19.498397774000807
"(Date(""2025-11-26""), 31)",23.58508227875849
"(Date(""2025-11-27""), 31)",9.857085106183542
"(Date(""2025-11-28""), 31)",8.331229961597906
"(Date(""2025-11-29""), 31)",9.378849728853696
"(Date(""2025-11-30""), 31)",18.623126907774953
"(Date(""2025-12-01""), 31)",15.387473409931776
"(Date(""2025-12-02""), 31)",21.39208018820909
"(Date(""2025-12-03""), 31)",23.89340439381225
"(Date(""2025-12-04""), 31)",19.01884531547564
"(Date(""2025-12-05""), 31)",23.610502795138775
"(Date(""2025-12-06""), 31)",31.271951211836093
"(Date(""2025-12-07""), 31)",30.871499417176082
"(Date(""2025-12-08""), 31)",15.439242357616033
"(Date(""2025-12-09""), 31)",29.576845935402076
"(Date(""2025-12-10""), 31)",41.01067716703302
"(Date(""2025-12-11""), 31)",20.370721405313212
"(Date(""2025-12-12""), 31)",13.797329643234562
"(Date(""2025-12-13""), 31)",32.37850694618753
"(Date(""2025-12-14""), 31)",29.397748101193944
"(Date(""2025-12-15""), 31)",28.50378072225018
"(Date(""2025-12-16""), 31)",27.691861395363333
"(Date(""2025-12-17""), 31)",22.51419455921033
"(Date(""2025-12-18""), 31)",20.732133715460172
"(Date(""2025-12-19""), 31)",12.648941414790213
"(Date(""2025-12-20""), 31)",12.838176468770717
"(Date(""2025-12-21""), 31)",10.35367563500699
"(Date(""2025-12-22""), 31)",20.005554394603916
"(Date(""2025-12-23""), 31)",26.47725997935706
"(Date(""2025-12-24""), 31)",28.06639283960408
"(Date(""2025-12-25""), 31)",24.329757987536713
"(Date(""2025-12-26""), 31)",16.398484985147356
"(Date(""2025-12-27""), 31)",23.839233901189914
"(Date(""2025-12-28""), 31)",30.01998859361899
"(Date(""2025-12-29""), 31)",27.791137585475454
"(Date(""2025-12-30""), 31)",7.767125011871574
"(Date(""2025-12-31""), 31)",13.27577469546773
"(Date(""2025-01-01""), 66)",23.075487108976844
"(Date(""2025-01-02""), 66)",0.0809921628635941
"(Date(""2025-01-03""), 66)",-0.680084252530577
"(Date(""2025-01-04""), 66)",5.2979647638525265
"(Date(""2025-01-05""), 66)",10.886193791695412
"(Date(""2025-01-06""), 66)",16.52133684632758
"(Date(""2025-01-07""), 66)",16.048460669495615
"(Date(""2025-01-08""), 66)",10.962188929998263
"(Date(""2025-01-09""), 66)",7.248763178184019
"(Date(""2025-01-10""), 66)",10.901554731947455
"(Date(""2025-01-11""), 66)",36.00226210759747
"(Date(""2025-01-12""), 66)",22.981224516669343
"(Date(""2025-01-13""), 66)",45.91533384735427
"(Date(""2025-01-14""), 66)",17.326432865038687
"(Date(""2025-01-15""), 66)",21.9831900975414
"(Date(""2025-01-16""), 66)",28.88562807859311
"(Date(""2025-01-17""), 66)",33.518169797047584
"(Date(""2025-01-18""), 66)",29.331491108248013
"(Date(""2025-01-19""), 66)",20.091265572516757
"(Date(""2025-01-20""), 66)",17.591457003102974
"(Date(""2025-01-21""), 66)",22.20261269418203
"(Date(""2025-01-22""), 66)",28.372791534217946
"(Date(""2025-01-23""), 66)",38.81535454450439
"(Date(""2025-01-24""), 66)",24.93747986809863
"(Date(""2025-01-25""), 66)",34.1621379576702
"(Date(""2025-01-26""), 66)",34.02861129046431
"(Date(""2025-01-27""), 66)",21.81324533862471
"(Date(""2025-01-28""), 66)",16.541020275803525
"(Date(""2025-01-29""), 66)",26.234322658652363
"(Date(""2025-01-30""), 66)",23.319303439523658
"(Date(""2025-01-31""), 66)",37.10724794620096
"(Date(""2025-02-01""), 66)",24.372223534736005
"(Date(""2025-02-02""), 66)",31.449463415596068
"(Date(""2025-02-03""), 66)",46.89048443648855
"(Date(""2025-02-04""), 66)",30.58211213199268
"(Date(""2025-02-05""), 66)",16.816585650883876
"(Date(""2025-02-06""), 66)",33.55819970712002
"(Date(""2025-02-07""), 66)",26.19442739800215
"(Date(""2025-02-08""), 66)",27.487869106180764
"(Date(""2025-02-09""), 66)",30.131891567010516
"(Date(""2025-02-10""), 66)",25.46843046166446
"(Date(""2025-02-11""), 66)",27.05873772860487
"(Date(""2025-02-12""), 66)",17.249980269000716
"(Date(""2025-02-13""), 66)",22.556501466953613
"(Date(""2025-02-14""), 66)",20.168798312931067
"(Date(""2025-02-15""), 66)",30.51267540890862
"(Date(""2025-02-16""), 66)",15.618221901727708
"(Date(""2025-02-17""), 66)",8.882591867566854
"(Date(""2025-02-18""), 66)",3.4645582484438995
"(Date(""2025-02-19""), 66)",4.064255358412363
"(Date(""2025-02-20""), 66)",18.168575479819324
"(Date(""2025-02-21""), 66)",20.63367655885187
"(Date(""2025-02-22""), 66)",28.599860622940653
"(Date(""2025-02-23""), 66)",33.41612234828153
"(Date(""2025-02-24""), 66)",36.207433254949066
"(Date(""2025-02-25""), 66)",36.50618829012197
"(Date(""2025-02-26""), 66)",26.10818908418509
"(Date(""2025-02-27""), 66)",33.414849856460926
"(Date(""2025-02-28""), 66)",18.47246072821947
"(Date(""2025-03-01""), 66)",23.01140629221172
"(Date(""2025-03-02""), 66)",4.9955607557648145
"(Date(""2025-03-03""), 66)",19.21320105155407
"(Date(""2025-03-04""), 66)",36.42249801247317
"(Date(""2025-03-05""), 66)",32.174353410887186
"(Date(""2025-03-06""), 66)",18.00391935619794
"(Date(""2025-03-07""), 66)",6.300911041021095
"(Date(""2025-03-08""), 66)",8.564175740965595
"(Date(""2025-03-09""), 66)",20.061153727975242
"(Date(""2025-03-10""), 66)",26.32866941569951
"(Date(""2025-03-11""), 66)",29.74802433184132
"(Date(""2025-03-12""), 66)",21.261380570842995
"(Date(""2025-03-13""), 66)",23.275325736375247
"(Date(""2025-03-14""), 66)",33.4348590309742
"(Date(""2025-03-15""), 66)",35.22355895018213
"(Date(""2025-03-16""), 66)",28.798643286081518
"(Date(""2025-03-17""), 66)",15.787661918301328
"(Date(""2025-03-18""), 66)",12.465189311393498
"(Date(""2025-03-19""), 66)",22.74068589109323
"(Date(""2025-03-20""), 66)",24.72628081751176
"(Date(""2025-03-21""), 66)",10.385962860450062
"(Date(""2025-03-22""), 66)",16.28764330377963
"(Date(""2025-03-23""), 66)",12.44073073715475
"(Date(""2025-03-24""), 66)",25.96924776417269
"(Date(""2025-03-25""), 66)",20.302121972229468
"(Date(""2025-03-26""), 66)",17.921014450757106
"(Date(""2025-03-27""), 66)",14.195293298398449
"(Date(""2025-03-28""), 66)",14.45745909332927
"(Date(""2025-03-29""), 66)",14.150107469895449
"(Date(""2025-03-30""), 66)",14.868243364949311
"(Date(""2025-03-31""), 66)",23.80165755360383
"(Date(""2025-04-01""), 66)",7.866012658205771
"(Date(""2025-04-02""), 66)",10.940658654808995
"(Date(""2025-04-03""), 66)",14.312113028923198
"(Date(""2025-04-04""), 66)",15.942951400913593
"(Date(""2025-04-05""), 66)",14.99673633155123
"(Date(""2025-04-06""), 66)",14.69502560600111
"(Date(""2025-04-07""), 66)",13.989155697565602
"(Date(""2025-04-08""), 66)",16.084871262316764
"(Date(""2025-04-09""), 66)",10.017941013506306
"(Date(""2025-04-10""), 66)",16.047975033587775
"(Date(""2025-04-11""), 66)",19.65981359709873
"(Date(""2025-04-12""), 66)",20.07066878515312
"(Date(""2025-04-13""), 66)",19.936038012389197
"(Date(""2025-04-14""), 66)",22.807343374007413
"(Date(""2025-04-15""), 66)",21.79002016114728
"(Date(""2025-04-16""), 66)",9.89818231768186
"(Date(""2025-04-17""), 66)",11.772076481309846
"(Date(""2025-04-18""), 66)",22.83225275185974
"(Date(""2025-04-19""), 66)",28.44016135083124
"(Date(""2025-04-20""), 66)",14.146412191913406
"(Date(""2025-04-21""), 66)",18.281138550216443
"(Date(""2025-04-22""), 66)",18.804805607695457
"(Date(""2025-04-23""), 66)",13.678617352152045
"(Date(""2025-04-24""), 66)",23.777614455545955
"(Date(""2025-04-25""), 66)",24.777075411978466
"(Date(""2025-04-26""), 66)",20.720642539843276
"(Date(""2025-04-27""), 66)",20.07526637799439
"(Date(""2025-04-28""), 66)",18.72825797052907
"(Date(""2025-04-29""), 66)",24.521012881389886
"(Date(""2025-04-30""), 66)",9.276898251473899
"(Date(""2025-05-01""), 66)",16.059602337368865
"(Date(""2025-05-02""), 66)",22.403200259838048
"(Date(""2025-05-03""), 66)",24.856397060970483
"(Date(""2025-05-04""), 66)",20.453880690066935
"(Date(""2025-05-05""), 66)",17.501573684536485
"(Date(""2025-05-06""), 66)",21.8948809190527
"(Date(""2025-05-07""), 66)",18.90885394966575
"(Date(""2025-05-08""), 66)",9.119743833757067
"(Date(""2025-05-09""), 66)",4.494720554740997
"(Date(""2025-05-10""), 66)",22.909990741340344
"(Date(""2025-05-11""), 66)",15.552973053611998
"(Date(""2025-05-12""), 66)",30.75184313048352
"(Date(""2025-05-13""), 66)",25.385464132817244
"(Date(""2025-05-14""), 66)",26.243039233692112
"(Date(""2025-05-15""), 66)",23.66863788442332
"(Date(""2025-05-16""), 66)",23.196371942173567
"(Date(""2025-05-17""), 66)",25.909431142650494
"(Date(""2025-05-18""), 66)",19.332161703581694
"(Date(""2025-05-19""), 66)",12.722982209589468
"(Date(""2025-05-20""), 66)",10.568242635866879
"(Date(""2025-05-21""), 66)",11.889057608852212
"(Date(""2025-05-22""), 66)",9.86330452411607
"(Date(""2025-05-23""), 66)",10.144456279325324
"(Date(""2025-05-24""), 66)",15.077483569218986
"(Date(""2025-05-25""), 66)",16.097892392776867
"(Date(""2025-05-26""), 66)",22.70613735334965
"(Date(""2025-05-27""), 66)",24.432784863617574
"(Date(""2025-05-28""), 66)",27.057955391361865
"(Date(""2025-05-29""), 66)",20.154652320875094
"(Date(""2025-05-30""), 66)",14.010709720753093
"(Date(""2025-05-31""), 66)",15.245444755125526
"(Date(""2025-06-01""), 66)",3.97404979488346
"(Date(""2025-06-02""), 66)",14.616493089966417
"(Date(""2025-06-03""), 66)",20.898560571527188
"(Date(""2025-06-04""), 66)",34.233320009325396
"(Date(""2025-06-05""), 66)",28.869922634225052
"(Date(""2025-06-06""), 66)",40.47086932650209
"(Date(""2025-06-07""), 66)",38.090264118468006
"(Date(""2025-06-08""), 66)",33.97532780452368
"(Date(""2025-06-09""), 66)",24.086104467711955
"(Date(""2025-06-10""), 66)",18.691864911404476
"(Date(""2025-06-11""), 66)",15.683105219064487
"(Date(""2025-06-12""), 66)",15.571580108801156
"(Date(""2025-06-13""), 66)",12.230569543367347
"(Date(""2025-06-14""), 66)",18.475088299021312
"(Date(""2025-06-15""), 66)",22.406197957244846
"(Date(""2025-06-16""), 66)",33.511028471336076
"(Date(""2025-06-17""), 66)",29.843407833663562
"(Date(""2025-06-18""), 66)",28.613212262699257
"(Date(""2025-06-19""), 66)",22.558582296371938
"(Date(""2025-06-20""), 66)",16.184287604241373
"(Date(""2025-06-21""), 66)",21.80813183166267
"(Date(""2025-06-22""), 66)",31.453178130064515
"(Date(""2025-06-23""), 66)",29.146747764545655
"(Date(""2025-06-24""), 66)",25.838209540702685
"(Date(""2025-06-25""), 66)",23.529266103945563
"(Date(""2025-06-26""), 66)",8.765742622875322
"(Date(""2025-06-27""), 66)",13.46998045091043
"(Date(""2025-06-28""), 66)",27.250331443689657
"(Date(""2025-06-29""), 66)",18.757840410250946
"(Date(""2025-06-30""), 66)",21.91150402869483
"(Date(""2025-07-01""), 66)",26.340852062529756
"(Date(""2025-07-02""), 66)",24.362093991598694
"(Date(""2025-07-03""), 66)",23.09163542505674
"(Date(""2025-07-04""), 66)",13.299379607298967
"(Date(""2025-07-05""), 66)",20.456832430188896
"(Date(""2025-07-06""), 66)",29.272324800400817
"(Date(""2025-07-07""), 66)",18.315180896995063
"(Date(""2025-07-08""), 66)",20.1258798528129
"(Date(""2025-07-09""), 66)",24.421936362207887
"(Date(""2025-07-10""), 66)",30.532506049351014
"(Date(""2025-07-11""), 66)",28.287267194501588
"(Date(""2025-07-12""), 66)",33.93247953329314
"(Date(""2025-07-13""), 66)",25.797026555746545
"(Date(""2025-07-14""), 66)",30.299259595652778
"(Date(""2025-07-15""), 66)",35.446746283414015
"(Date(""2025-07-16""), 66)",37.34335773830569
"(Date(""2025-07-17""), 66)",27.46154994657152
"(Date(""2025-07-18""), 66)",12.742645379680168
"(Date(""2025-07-19""), 66)",16.45773669105172
"(Date(""2025-07-20""), 66)",15.355859615682018
"(Date(""2025-07-21""), 66)",11.00484209559658
"(Date(""2025-07-22""), 66)",13.025407267945972
"(Date(""2025-07-23""), 66)",20.794724839380248
"(Date(""2025-07-24""), 66)",30.041901296137734
"(Date(""2025-07-25""), 66)",28.092512377840965
"(Date(""2025-07-26""), 66)",38.32783000438949
"(Date(""2025-07-27""), 66)",34.23153971889641
"(Date(""2025-07-28""), 66)",36.6935521544874
"(Date(""2025-07-29""), 66)",31.059152287720863
"(Date(""2025-07-30""), 66)",27.5559556507919
"(Date(""2025-07-31""), 66)",20.555636073767268
"(Date(""2025-08-01""), 66)",12.659518859864676
"(Date(""2025-08-02""), 66)",20.974219116334176
"(Date(""2025-08-03""), 66)",27.529564877182626
"(Date(""2025-08-04""), 66)",33.31215289174461
"(Date(""2025-08-05""), 66)",24.157131308055714
"(Date(""2025-08-06""), 66)",25.70374614762533
"(Date(""2025-08-07""), 66)",37.36399980057579
"(Date(""2025-08-08""), 66)",41.14204230743025
"(Date(""2025-08-09""), 66)",40.49862528293373
"(Date(""2025-08-10""), 66)",33.89910480455264
"(Date(""2025-08-11""), 66)",33.867267181364284
"(Date(""2025-08-12""), 66)",35.04717229160306
"(Date(""2025-08-13""), 66)",28.211147325959054
"(Date(""2025-08-14""), 66)",28.798179533994688
"(Date(""2025-08-15""), 66)",20.560405319823595
"(Date(""2025-08-16""), 66)",25.28873895206114
"(Date(""2025-08-17""), 66)",21.968892143070654
"(Date(""2025-08-18""), 66)",12.86249291200412
"(Date(""2025-08-19""), 66)",19.288490346325244
"(Date(""2025-08-20""), 66)",20.063587965401723
"(Date(""2025-08-21""), 66)",20.536447801667645
"(Date(""2025-08-22""), 66)",19.4514573710207
"(Date(""2025-08-23""), 66)",21.57124169075931
"(Date(""2025-08-24""), 66)",18.081954933705404
"(Date(""2025-08-25""), 66)",13.309938591633381
"(Date(""2025-08-26""), 66)",8.187472032738015
"(Date(""2025-08-27""), 66)",10.615477123649196
"(Date(""2025-08-28""), 66)",12.459438938455815
"(Date(""2025-08-29""), 66)",11.8799055757391
"(Date(""2025-08-30""), 66)",14.540289328885095
"(Date(""2025-08-31""), 66)",15.503455643483045
"(Date(""2025-09-01""), 66)",19.382780049869666
"(Date(""2025-09-02""), 66)",19.207971904940248
"(Date(""2025-09-03""), 66)",19.014561831045135
"(Date(""2025-09-04""), 66)",14.602969879878021
"(Date(""2025-09-05""), 66)",11.232459731651193
"(Date(""2025-09-06""), 66)",14.502457635465131
"(Date(""2025-09-07""), 66)",14.042038651446703
"(Date(""2025-09-08""), 66)",13.296269452348517
"(Date(""2025-09-09""), 66)",19.096687529157844
"(Date(""2025-09-10""), 66)",25.56823334033503
"(Date(""2025-09-11""), 66)",26.41708294986756
"(Date(""2025-09-12""), 66)",22.52787451960652
"(Date(""2025-09-13""), 66)",30.880102957045896
"(Date(""2025-09-14""), 66)",26.367409313247673
"(Date(""2025-09-15""), 66)",15.43743732977386
"(Date(""2025-09-16""), 66)",17.482047179759082
"(Date(""2025-09-17""), 66)",29.39525954029411
"(Date(""2025-09-18""), 66)",19.502537498697727
"(Date(""2025-09-19""), 66)",12.738480672900378
"(Date(""2025-09-20""), 66)",12.051725630786922
"(Date(""2025-09-21""), 66)",15.485878172420337
"(Date(""2025-09-22""), 66)",20.84509727752148
"(Date(""2025-09-23""), 66)",37.281346058359006
"(Date(""2025-09-24""), 66)",24.96667747933901
"(Date(""2025-09-25""), 66)",27.23156892330848
"(Date(""2025-09-26""), 66)",18.916588817342735
"(Date(""2025-09-27""), 66)",16.24173932602193
"(Date(""2025-09-28""), 66)",17.735875713342374
"(Date(""2025-09-29""), 66)",14.981234452982703
"(Date(""2025-09-30""), 66)",12.248949172499323
"(Date(""2025-10-01""), 66)",12.171840258292681
"(Date(""2025-10-02""), 66)",16.490593956103105
"(Date(""2025-10-03""), 66)",21.643842284854898
"(Date(""2025-10-04""), 66)",26.027584805451458
"(Date(""2025-10-05""), 66)",31.333272287893333
"(Date(""2025-10-06""), 66)",31.70707027302438
"(Date(""2025-10-07""), 66)",24.446633965876945
"(Date(""2025-10-08""), 66)",15.98175985840648
"(Date(""2025-10-09""), 66)",9.934087499661123
"(Date(""2025-10-10""), 66)",14.92238626783834
"(Date(""2025-10-11""), 66)",21.274648180414705
"(Date(""2025-10-12""), 66)",18.86537532975885
"(Date(""2025-10-13""), 66)",17.988746617410552
"(Date(""2025-10-14""), 66)",19.593158189056037
"(Date(""2025-10-15""), 66)",11.03089646970461
"(Date(""2025-10-16""), 66)",11.523255131043186
"(Date(""2025-10-17""), 66)",13.09493519714192
"(Date(""2025-10-18""), 66)",17.222268379631142
"(Date(""2025-10-19""), 66)",18.37951474361672
"(Date(""2025-10-20""), 66)",20.95625137458878
"(Date(""2025-10-21""), 66)",14.015135163880002
"(Date(""2025-10-22""), 66)",13.940447577909023
"(Date(""2025-10-23""), 66)",13.692394317926345
"(Date(""2025-10-24""), 66)",15.735756783450814
"(Date(""2025-10-25""), 66)",8.105976865789977
"(Date(""2025-10-26""), 66)",8.543061152459309
"(Date(""2025-10-27""), 66)",16.448821430109156
"(Date(""2025-10-28""), 66)",15.733799620115182
"(Date(""2025-10-29""), 66)",13.52520266240846
"(Date(""2025-10-30""), 66)",18.933201071437562
"(Date(""2025-10-31""), 66)",11.308296753553963
"(Date(""2025-11-01""), 66)",11.261672930788357
"(Date(""2025-11-02""), 66)",11.624672358572337
"(Date(""2025-11-03""), 66)",13.144519586849361
"(Date(""2025-11-04""), 66)",11.202841455970828
"(Date(""2025-11-05""), 66)",15.539814309535059
"(Date(""2025-11-06""), 66)",12.874597282023677
"(Date(""2025-11-07""), 66)",16.058973569032034
"(Date(""2025-11-08""), 66)",12.940227444449308
"(Date(""2025-11-09""), 66)",12.840883692010411
"(Date(""2025-11-10""), 66)",22.882970532806556
"(Date(""2025-11-11""), 66)",7.959018332832596
"(Date(""2025-11-12""), 66)",22.007806508424526
"(Date(""2025-11-13""), 66)",21.669381514595873
"(Date(""2025-11-14""), 66)",18.60873763425747
"(Date(""2025-11-15""), 66)",12.717820243531792
"(Date(""2025-11-16""), 66)",17.29295695842861
"(Date(""2025-11-17""), 66)",10.688837869129427
"(Date(""2025-11-18""), 66)",11.427432908187944
"(Date(""2025-11-19""), 66)",16.417463819534497
"(Date(""2025-11-20""), 66)",35.51050143757293
"(Date(""2025-11-21""), 66)",34.914708596314135
"(Date(""2025-11-22""), 66)",22.708495462462658
"(Date(""2025-11-23""), 66)",29.916565279312415
"(Date(""2025-11-24""), 66)",24.691424697674055
"(Date(""2025-11-25""), 66)",20.720943352378598
"(Date(""2025-11-26""), 66)",24.196355067947387
"(Date(""2025-11-27""), 66)",12.913449052127994
"(Date(""2025-11-28""), 66)",10.776321118353472
"(Date(""2025-11-29""), 66)",13.657759253175941
"(Date(""2025-11-30""), 66)",22.902036432097194
"(Date(""2025-12-01""), 66)",21.5002013018207
"(Date(""2025-12-02""), 66)",26.893535290909117
"(Date(""2025-12-03""), 66)",26.338495550567824
"(Date(""2025-12-04""), 66)",19.630118104664536
"(Date(""2025-12-05""), 66)",20.554138849194313
"(Date(""2025-12-06""), 66)",30.660678422647198
"(Date(""2025-12-07""), 66)",31.482772206364977
"(Date(""2025-12-08""), 66)",19.106879092749384
"(Date(""2025-12-09""), 66)",32.02193709215765
"(Date(""2025-12-10""), 66)",42.84449553459971
"(Date(""2025-12-11""), 66)",20.9819941945021
"(Date(""2025-12-12""), 66)",13.797329643234562
"(Date(""2025-12-13""), 66)",32.37850694618753
"(Date(""2025-12-14""), 66)",30.00902089038283
"(Date(""2025-12-15""), 66)",29.726326300627964
"(Date(""2025-12-16""), 66)",28.303134184552228
"(Date(""2025-12-17""), 66)",22.51419455921033
"(Date(""2025-12-18""), 66)",20.12086092627128
"(Date(""2025-12-19""), 66)",13.260214203979105
"(Date(""2025-12-20""), 66)",14.671994836337392
"(Date(""2025-12-21""), 66)",13.41003958095145
"(Date(""2025-12-22""), 66)",22.450645551359482
"(Date(""2025-12-23""), 66)",28.922351136112628
"(Date(""2025-12-24""), 66)",29.900211207170752
"(Date(""2025-12-25""), 66)",26.163576355103384
"(Date(""2025-12-26""), 66)",19.45484893109181
"(Date(""2025-12-27""), 66)",26.28432505794548
"(Date(""2025-12-28""), 66)",32.46507975037456
"(Date(""2025-12-29""), 66)",29.013683163853237
"(Date(""2025-12-30""), 66)",8.989670590249364
"(Date(""2025-12-31""), 66)",16.33213864141219
"(Date(""2025-01-01""), 80)",23.68675989816574
"(Date(""2025-01-02""), 80)",0.6922649520524813
"(Date(""2025-01-03""), 80)",-0.680084252530577
"(Date(""2025-01-04""), 80)",5.2979647638525265
"(Date(""2025-01-05""), 80)",10.886193791695412
"(Date(""2025-01-06""), 80)",17.132609635516474
"(Date(""2025-01-07""), 80)",17.271006247873398
"(Date(""2025-01-08""), 80)",11.57346171918715
"(Date(""2025-01-09""), 80)",6.637490388995134
"(Date(""2025-01-10""), 80)",9.679009153569675
"(Date(""2025-01-11""), 80)",34.779716529219684
"(Date(""2025-01-12""), 80)",22.981224516669343
"(Date(""2025-01-13""), 80)",45.30406105816538
"(Date(""2025-01-14""), 80)",16.7151600758498
"(Date(""2025-01-15""), 80)",21.371917308352504
"(Date(""2025-01-16""), 80)",29.496900867782
"(Date(""2025-01-17""), 80)",34.74071537542537
"(Date(""2025-01-18""), 80)",27.49767274068134
"(Date(""2025-01-19""), 80)",18.25744720495008
"(Date(""2025-01-20""), 80)",14.535093057158509
"(Date(""2025-01-21""), 80)",21.591339904993134
"(Date(""2025-01-22""), 80)",26.538973166651274
"(Date(""2025-01-23""), 80)",37.592808966126604
"(Date(""2025-01-24""), 80)",21.88111592215417
"(Date(""2025-01-25""), 80)",31.71704680091463
"(Date(""2025-01-26""), 80)",30.360974555330962
"(Date(""2025-01-27""), 80)",19.368154181869148
"(Date(""2025-01-28""), 80)",14.095929119047957
"(Date(""2025-01-29""), 80)",24.40050429108569
"(Date(""2025-01-30""), 80)",20.874212282768088
"(Date(""2025-01-31""), 80)",34.66215678944538
"(Date(""2025-02-01""), 80)",21.31585958879154
"(Date(""2025-02-02""), 80)",29.0043722588405
"(Date(""2025-02-03""), 80)",44.445393279732976
"(Date(""2025-02-04""), 80)",29.359566553614897
"(Date(""2025-02-05""), 80)",15.594040072506093
"(Date(""2025-02-06""), 80)",31.72438133955334
"(Date(""2025-02-07""), 80)",24.360609030435477
"(Date(""2025-02-08""), 80)",25.0427779494252
"(Date(""2025-02-09""), 80)",26.464254831877167
"(Date(""2025-02-10""), 80)",21.189520937342216
"(Date(""2025-02-11""), 80)",22.168555415093742
"(Date(""2025-02-12""), 80)",14.19361632305625
"(Date(""2025-02-13""), 80)",19.50013752100915
"(Date(""2025-02-14""), 80)",17.723707156175504
"(Date(""2025-02-15""), 80)",26.233765884586372
"(Date(""2025-02-16""), 80)",10.728039588216575
"(Date(""2025-02-17""), 80)",5.826227921622389
"(Date(""2025-02-18""), 80)",2.853285459255008
"(Date(""2025-02-19""), 80)",5.28680093679015
"(Date(""2025-02-20""), 80)",17.55730269063043
"(Date(""2025-02-21""), 80)",19.411130980474088
"(Date(""2025-02-22""), 80)",25.54349667699619
"(Date(""2025-02-23""), 80)",29.748485613148176
"(Date(""2025-02-24""), 80)",31.31725094143793
"(Date(""2025-02-25""), 80)",33.4498243441775
"(Date(""2025-02-26""), 80)",23.051825138240634
"(Date(""2025-02-27""), 80)",30.96975869970536
"(Date(""2025-02-28""), 80)",14.804823993086123
"(Date(""2025-03-01""), 80)",20.566315135456154
"(Date(""2025-03-02""), 80)",3.7730151773870375
"(Date(""2025-03-03""), 80)",17.990655473176286
"(Date(""2025-03-04""), 80)",37.033770801662065
"(Date(""2025-03-05""), 80)",30.9518078325094
"(Date(""2025-03-06""), 80)",18.00391935619794
"(Date(""2025-03-07""), 80)",5.078365462643312
"(Date(""2025-03-08""), 80)",8.564175740965595
"(Date(""2025-03-09""), 80)",16.393516992841896
"(Date(""2025-03-10""), 80)",22.66103268056616
"(Date(""2025-03-11""), 80)",25.469114807519077
"(Date(""2025-03-12""), 80)",20.038834992465215
"(Date(""2025-03-13""), 80)",21.44150736880858
"(Date(""2025-03-14""), 80)",32.823586241785314
"(Date(""2025-03-15""), 80)",34.61228616099323
"(Date(""2025-03-16""), 80)",28.798643286081518
"(Date(""2025-03-17""), 80)",15.787661918301328
"(Date(""2025-03-18""), 80)",11.85391652220461
"(Date(""2025-03-19""), 80)",20.90686752352655
"(Date(""2025-03-20""), 80)",22.892462449945082
"(Date(""2025-03-21""), 80)",9.16341728207228
"(Date(""2025-03-22""), 80)",14.453824936212952
"(Date(""2025-03-23""), 80)",7.550548423643617
"(Date(""2025-03-24""), 80)",19.856519872283773
"(Date(""2025-03-25""), 80)",14.189394080340548
"(Date(""2025-03-26""), 80)",13.64210492643486
"(Date(""2025-03-27""), 80)",11.138929352453994
"(Date(""2025-03-28""), 80)",13.846186304140383
"(Date(""2025-03-29""), 80)",14.150107469895449
"(Date(""2025-03-30""), 80)",15.479516154138206
"(Date(""2025-03-31""), 80)",23.80165755360383
"(Date(""2025-04-01""), 80)",7.254739869016883
"(Date(""2025-04-02""), 80)",9.718113076431212
"(Date(""2025-04-03""), 80)",13.089567450545415
"(Date(""2025-04-04""), 80)",12.886587454969131
"(Date(""2025-04-05""), 80)",12.551645174795661
"(Date(""2025-04-06""), 80)",12.24993444924554
"(Date(""2025-04-07""), 80)",12.15533732999892
"(Date(""2025-04-08""), 80)",13.028507316372304
"(Date(""2025-04-09""), 80)",5.127758699995164
"(Date(""2025-04-10""), 80)",11.157792720076634
"(Date(""2025-04-11""), 80)",12.935812916020922
"(Date(""2025-04-12""), 80)",20.07066878515312
"(Date(""2025-04-13""), 80)",19.32476522320031
"(Date(""2025-04-14""), 80)",19.75097942806296
"(Date(""2025-04-15""), 80)",15.677292269258366
"(Date(""2025-04-16""), 80)",6.230545582548509
"(Date(""2025-04-17""), 80)",9.938258113743174
"(Date(""2025-04-18""), 80)",20.99843438429307
"(Date(""2025-04-19""), 80)",24.161251826508998
"(Date(""2025-04-20""), 80)",10.478775456780053
"(Date(""2025-04-21""), 80)",16.447320182649772
"(Date(""2025-04-22""), 80)",18.19353281850657
"(Date(""2025-04-23""), 80)",14.289890141340935
"(Date(""2025-04-24""), 80)",23.166341666357066
"(Date(""2025-04-25""), 80)",23.554529833600686
"(Date(""2025-04-26""), 80)",19.4980969614655
"(Date(""2025-04-27""), 80)",22.520357534749962
"(Date(""2025-04-28""), 80)",20.56207633809575
"(Date(""2025-04-29""), 80)",25.132285670578778
"(Date(""2025-04-30""), 80)",9.276898251473899
"(Date(""2025-05-01""), 80)",16.67087512655776
"(Date(""2025-05-02""), 80)",23.014473049026943
"(Date(""2025-05-03""), 80)",24.245124271781595
"(Date(""2025-05-04""), 80)",19.842607900878047
"(Date(""2025-05-05""), 80)",17.501573684536485
"(Date(""2025-05-06""), 80)",21.8948809190527
"(Date(""2025-05-07""), 80)",20.74267231723243
"(Date(""2025-05-08""), 80)",12.176107779701521
"(Date(""2025-05-09""), 80)",8.77363007906324
"(Date(""2025-05-10""), 80)",24.743809108907023
"(Date(""2025-05-11""), 80)",16.164245842800895
"(Date(""2025-05-12""), 80)",28.306751973727945
"(Date(""2025-05-13""), 80)",20.495281819306122
"(Date(""2025-05-14""), 80)",20.74158413099209
"(Date(""2025-05-15""), 80)",18.778455570912186
"(Date(""2025-05-16""), 80)",21.362553574606896
"(Date(""2025-05-17""), 80)",24.686885564272718
"(Date(""2025-05-18""), 80)",21.165980071148372
"(Date(""2025-05-19""), 80)",17.00189173391171
"(Date(""2025-05-20""), 80)",15.458424949378024
"(Date(""2025-05-21""), 80)",15.55669434398557
"(Date(""2025-05-22""), 80)",12.308395680871644
"(Date(""2025-05-23""), 80)",12.589547436080897
"(Date(""2025-05-24""), 80)",18.74512030435234
"(Date(""2025-05-25""), 80)",18.54298354953244
"(Date(""2025-05-26""), 80)",22.70613735334965
"(Date(""2025-05-27""), 80)",20.765148128484235
"(Date(""2025-05-28""), 80)",23.39031865622853
"(Date(""2025-05-29""), 80)",18.32083395330843
"(Date(""2025-05-30""), 80)",14.621982509941988
"(Date(""2025-05-31""), 80)",15.85671754431442
"(Date(""2025-06-01""), 80)",5.807868162450139
"(Date(""2025-06-02""), 80)",15.227765879155312
"(Date(""2025-06-03""), 80)",22.12110614990498
"(Date(""2025-06-04""), 80)",32.39950164175873
"(Date(""2025-06-05""), 80)",28.258649845036164
"(Date(""2025-06-06""), 80)",36.19195980217985
"(Date(""2025-06-07""), 80)",36.256445750901335
"(Date(""2025-06-08""), 80)",31.530236647768117
"(Date(""2025-06-09""), 80)",25.919922835278633
"(Date(""2025-06-10""), 80)",20.525683278971155
"(Date(""2025-06-11""), 80)",17.516923586631165
"(Date(""2025-06-12""), 80)",18.016671265556727
"(Date(""2025-06-13""), 80)",14.675660700122917
"(Date(""2025-06-14""), 80)",20.30890666658799
"(Date(""2025-06-15""), 80)",21.794925168055958
"(Date(""2025-06-16""), 80)",29.843391736202722
"(Date(""2025-06-17""), 80)",28.620862255285786
"(Date(""2025-06-18""), 80)",28.00193947351037
"(Date(""2025-06-19""), 80)",24.392400663938616
"(Date(""2025-06-20""), 80)",15.573014815052485
"(Date(""2025-06-21""), 80)",22.419404620851566
"(Date(""2025-06-22""), 80)",32.06445091925341
"(Date(""2025-06-23""), 80)",30.980566132112333
"(Date(""2025-06-24""), 80)",27.672027908269357
"(Date(""2025-06-25""), 80)",26.585630049890025
"(Date(""2025-06-26""), 80)",12.739015752603116
"(Date(""2025-06-27""), 80)",18.36016276442157
"(Date(""2025-06-28""), 80)",27.250331443689657
"(Date(""2025-06-29""), 80)",18.757840410250946
"(Date(""2025-06-30""), 80)",21.91150402869483
"(Date(""2025-07-01""), 80)",26.340852062529756
"(Date(""2025-07-02""), 80)",24.362093991598694
"(Date(""2025-07-03""), 80)",23.09163542505674
"(Date(""2025-07-04""), 80)",13.299379607298967
"(Date(""2025-07-05""), 80)",20.456832430188896
"(Date(""2025-07-06""), 80)",29.272324800400817
"(Date(""2025-07-07""), 80)",18.315180896995063
"(Date(""2025-07-08""), 80)",20.1258798528129
"(Date(""2025-07-09""), 80)",24.421936362207887
"(Date(""2025-07-10""), 80)",30.532506049351014
"(Date(""2025-07-11""), 80)",28.287267194501588
"(Date(""2025-07-12""), 80)",33.32120674410425
"(Date(""2025-07-13""), 80)",27.936481317907667
"(Date(""2025-07-14""), 80)",31.52180517403057
"(Date(""2025-07-15""), 80)",34.83547349422513
"(Date(""2025-07-16""), 80)",35.50953937073902
"(Date(""2025-07-17""), 80)",26.85027715738263
"(Date(""2025-07-18""), 80)",15.187736536435741
"(Date(""2025-07-19""), 80)",18.9028278478073
"(Date(""2025-07-20""), 80)",17.800950772437588
"(Date(""2025-07-21""), 80)",13.449933252352153
"(Date(""2025-07-22""), 80)",14.85922563551265
"(Date(""2025-07-23""), 80)",22.017270417758038
"(Date(""2025-07-24""), 80)",29.430628506948846
"(Date(""2025-07-25""), 80)",26.86996679946319
"(Date(""2025-07-26""), 80)",34.66019326925614
"(Date(""2025-07-27""), 80)",30.563902983763054
"(Date(""2025-07-28""), 80)",33.637188208542945
"(Date(""2025-07-29""), 80)",30.447879498531975
"(Date(""2025-07-30""), 80)",28.77850122916969
"(Date(""2025-07-31""), 80)",23.61200001971173
"(Date(""2025-08-01""), 80)",14.493337227431354
"(Date(""2025-08-02""), 80)",22.196764694711966
"(Date(""2025-08-03""), 80)",26.918292087993738
"(Date(""2025-08-04""), 80)",34.5346984701224
"(Date(""2025-08-05""), 80)",24.157131308055714
"(Date(""2025-08-06""), 80)",28.760110093569793
"(Date(""2025-08-07""), 80)",32.16818109247021
"(Date(""2025-08-08""), 80)",37.4744055722969
"(Date(""2025-08-09""), 80)",34.99717018023371
"(Date(""2025-08-10""), 80)",33.287832015363755
"(Date(""2025-08-11""), 80)",33.867267181364284
"(Date(""2025-08-12""), 80)",34.43589950241417
"(Date(""2025-08-13""), 80)",25.766056169203488
"(Date(""2025-08-14""), 80)",25.741815588050233
"(Date(""2025-08-15""), 80)",17.50404137387915
"(Date(""2025-08-16""), 80)",23.454920584494463
"(Date(""2025-08-17""), 80)",21.357619353881766
"(Date(""2025-08-18""), 80)",14.08503849038191
"(Date(""2025-08-19""), 80)",18.677217557136355
"(Date(""2025-08-20""), 80)",19.45231517621284
"(Date(""2025-08-21""), 80)",18.091356644912082
"(Date(""2025-08-22""), 80)",18.84018458183182
"(Date(""2025-08-23""), 80)",20.348696112381536
"(Date(""2025-08-24""), 80)",19.304500512083195
"(Date(""2025-08-25""), 80)",15.755029748388955
"(Date(""2025-08-26""), 80)",11.243835978682474
"(Date(""2025-08-27""), 80)",13.060568280404766
"(Date(""2025-08-28""), 80)",14.293257306022493
"(Date(""2025-08-29""), 80)",13.713723943305778
"(Date(""2025-08-30""), 80)",16.374107696451777
"(Date(""2025-08-31""), 80)",16.726001221860834
"(Date(""2025-09-01""), 80)",18.771507260680778
"(Date(""2025-09-02""), 80)",17.374153537373576
"(Date(""2025-09-03""), 80)",17.180743463478464
"(Date(""2025-09-04""), 80)",14.602969879878021
"(Date(""2025-09-05""), 80)",13.066278099217872
"(Date(""2025-09-06""), 80)",17.558821581409592
"(Date(""2025-09-07""), 80)",15.264584229824493
"(Date(""2025-09-08""), 80)",12.684996663159628
"(Date(""2025-09-09""), 80)",14.206505215646713
"(Date(""2025-09-10""), 80)",17.62168708087945
"(Date(""2025-09-11""), 80)",16.63671832284529
"(Date(""2025-09-12""), 80)",13.358782681773146
"(Date(""2025-09-13""), 80)",24.767375065156973
"(Date(""2025-09-14""), 80)",23.922318156492107
"(Date(""2025-09-15""), 80)",12.992346173018294
"(Date(""2025-09-16""), 80)",14.425683233814626
"(Date(""2025-09-17""), 80)",24.505077226782976
"(Date(""2025-09-18""), 80)",17.668719131131063
"(Date(""2025-09-19""), 80)",13.349753462089273
"(Date(""2025-09-20""), 80)",13.885543998353604
"(Date(""2025-09-21""), 80)",15.485878172420337
"(Date(""2025-09-22""), 80)",19.011278909954807
"(Date(""2025-09-23""), 80)",33.00243653403677
"(Date(""2025-09-24""), 80)",20.68776795501677
"(Date(""2025-09-25""), 80)",24.175204977364032
"(Date(""2025-09-26""), 80)",18.916588817342735
"(Date(""2025-09-27""), 80)",17.46428490439972
"(Date(""2025-09-28""), 80)",18.958421291720164
"(Date(""2025-09-29""), 80)",14.981234452982703
"(Date(""2025-09-30""), 80)",12.860221961688218
"(Date(""2025-10-01""), 80)",12.171840258292681
"(Date(""2025-10-02""), 80)",16.490593956103105
"(Date(""2025-10-03""), 80)",19.810023917288227
"(Date(""2025-10-04""), 80)",21.748675281129223
"(Date(""2025-10-05""), 80)",25.220544396004417
"(Date(""2025-10-06""), 80)",24.371796802757682
"(Date(""2025-10-07""), 80)",18.333906073988025
"(Date(""2025-10-08""), 80)",12.925395912462026
"(Date(""2025-10-09""), 80)",9.934087499661123
"(Date(""2025-10-10""), 80)",16.14493184621613
"(Date(""2025-10-11""), 80)",18.829557023659138
"(Date(""2025-10-12""), 80)",14.586465805436609
"(Date(""2025-10-13""), 80)",14.932382671466097
"(Date(""2025-10-14""), 80)",18.37061261067826
"(Date(""2025-10-15""), 80)",12.2534420480824
"(Date(""2025-10-16""), 80)",12.745800709420976
"(Date(""2025-10-17""), 80)",14.317480775519707
"(Date(""2025-10-18""), 80)",17.833541168820037
"(Date(""2025-10-19""), 80)",18.37951474361672
"(Date(""2025-10-20""), 80)",22.17879695296657
"(Date(""2025-10-21""), 80)",14.015135163880002
"(Date(""2025-10-22""), 80)",13.329174788720135
"(Date(""2025-10-23""), 80)",13.692394317926345
"(Date(""2025-10-24""), 80)",17.56957515101749
"(Date(""2025-10-25""), 80)",11.773613600923328
"(Date(""2025-10-26""), 80)",12.82197067678155
"(Date(""2025-10-27""), 80)",20.11645816524251
"(Date(""2025-10-28""), 80)",17.567617987681864
"(Date(""2025-10-29""), 80)",13.52520266240846
"(Date(""2025-10-30""), 80)",18.321928282248674
"(Date(""2025-10-31""), 80)",11.919569542742858
"(Date(""2025-11-01""), 80)",13.706764087543934
"(Date(""2025-11-02""), 80)",14.06976351532791
"(Date(""2025-11-03""), 80)",15.589610743604933
"(Date(""2025-11-04""), 80)",13.036659823537507
"(Date(""2025-11-05""), 80)",17.98490546629063
"(Date(""2025-11-06""), 80)",15.319688438779249
"(Date(""2025-11-07""), 80)",17.28151914740983
"(Date(""2025-11-08""), 80)",14.774045812015986
"(Date(""2025-11-09""), 80)",14.063429270388202
"(Date(""2025-11-10""), 80)",25.939334478751015
"(Date(""2025-11-11""), 80)",11.015382278777057
"(Date(""2025-11-12""), 80)",24.4528976651801
"(Date(""2025-11-13""), 80)",24.114472671351447
"(Date(""2025-11-14""), 80)",20.442556001824148
"(Date(""2025-11-15""), 80)",15.162911400287365
"(Date(""2025-11-16""), 80)",19.126775325995286
"(Date(""2025-11-17""), 80)",13.745201815073889
"(Date(""2025-11-18""), 80)",13.872524064943518
"(Date(""2025-11-19""), 80)",16.417463819534497
"(Date(""2025-11-20""), 80)",33.06541028081736
"(Date(""2025-11-21""), 80)",31.858344650369677
"(Date(""2025-11-22""), 80)",21.48594988408488
"(Date(""2025-11-23""), 80)",28.69401970093464
"(Date(""2025-11-24""), 80)",24.080151908485167
"(Date(""2025-11-25""), 80)",18.275852195623035
"(Date(""2025-11-26""), 80)",22.362536700380716
"(Date(""2025-11-27""), 80)",9.857085106183542
"(Date(""2025-11-28""), 80)",10.165048329164584
"(Date(""2025-11-29""), 80)",11.82394088560927
"(Date(""2025-11-30""), 80)",19.845672486152743
"(Date(""2025-12-01""), 80)",16.610018988309566
"(Date(""2025-12-02""), 80)",22.003352977397984
"(Date(""2025-12-03""), 80)",22.67085881543447
"(Date(""2025-12-04""), 80)",17.796299737097865
"(Date(""2025-12-05""), 80)",19.942866060005425
"(Date(""2025-12-06""), 80)",29.438132844269422
"(Date(""2025-12-07""), 80)",27.815135471231635
"(Date(""2025-12-08""), 80)",14.827969568427145
"(Date(""2025-12-09""), 80)",27.743027567835405
"(Date(""2025-12-10""), 80)",40.399404377844135
"(Date(""2025-12-11""), 80)",17.619993853963194
"(Date(""2025-12-12""), 80)",12.574784064856782
"(Date(""2025-12-13""), 80)",32.37850694618753
"(Date(""2025-12-14""), 80)",30.620293679571724
"(Date(""2025-12-15""), 80)",29.115053511439072
"(Date(""2025-12-16""), 80)",27.691861395363333
"(Date(""2025-12-17""), 80)",21.90292177002144
"(Date(""2025-12-18""), 80)",21.34340650464906
"(Date(""2025-12-19""), 80)",14.482759782356888
"(Date(""2025-12-20""), 80)",14.060722047148497
"(Date(""2025-12-21""), 80)",12.187494002573667
"(Date(""2025-12-22""), 80)",20.005554394603916
"(Date(""2025-12-23""), 80)",27.699805557734845
"(Date(""2025-12-24""), 80)",28.06639283960408
"(Date(""2025-12-25""), 80)",24.9410307767256
"(Date(""2025-12-26""), 80)",15.78721219595846
"(Date(""2025-12-27""), 80)",23.22796111200102
"(Date(""2025-12-28""), 80)",29.408715804430102
"(Date(""2025-12-29""), 80)",27.791137585475454
"(Date(""2025-12-30""), 80)",7.767125011871574
"(Date(""2025-12-31""), 80)",14.498320273845513
"(Date(""2025-01-01""), 103)",22.46421431978795
"(Date(""2025-01-02""), 103)",0.6922649520524813
"(Date(""2025-01-03""), 103)",1.7650069042249894
"(Date(""2025-01-04""), 103)",7.743055920608093
"(Date(""2025-01-05""), 103)",13.331284948450982
"(Date(""2025-01-06""), 103)",18.966428003083145
"(Date(""2025-01-07""), 103)",19.716097404628968
"(Date(""2025-01-08""), 103)",14.629825665131612
"(Date(""2025-01-09""), 103)",10.30512712412848
"(Date(""2025-01-10""), 103)",11.512827521136343
"(Date(""2025-01-11""), 103)",35.39098931840858
"(Date(""2025-01-12""), 103)",21.758678938291556
"(Date(""2025-01-13""), 103)",44.69278826897649
"(Date(""2025-01-14""), 103)",16.7151600758498
"(Date(""2025-01-15""), 103)",21.9831900975414
"(Date(""2025-01-16""), 103)",28.88562807859311
"(Date(""2025-01-17""), 103)",34.12944258623647
"(Date(""2025-01-18""), 103)",25.05258158392577
"(Date(""2025-01-19""), 103)",17.0349016265723
"(Date(""2025-01-20""), 103)",15.146365846347404
"(Date(""2025-01-21""), 103)",23.425158272559813
"(Date(""2025-01-22""), 103)",28.372791534217946
"(Date(""2025-01-23""), 103)",34.53644502018215
"(Date(""2025-01-24""), 103)",20.658570343776383
"(Date(""2025-01-25""), 103)",30.494501222536847
"(Date(""2025-01-26""), 103)",30.972247344519857
"(Date(""2025-01-27""), 103)",18.145608603491358
"(Date(""2025-01-28""), 103)",12.873383540670167
"(Date(""2025-01-29""), 103)",23.7892315018968
"(Date(""2025-01-30""), 103)",20.2629394935792
"(Date(""2025-01-31""), 103)",34.05088400025649
"(Date(""2025-02-01""), 103)",22.538405167169326
"(Date(""2025-02-02""), 103)",30.83819062640718
"(Date(""2025-02-03""), 103)",46.279211647299654
"(Date(""2025-02-04""), 103)",30.58211213199268
"(Date(""2025-02-05""), 103)",17.42785844007276
"(Date(""2025-02-06""), 103)",33.55819970712002
"(Date(""2025-02-07""), 103)",24.971881819624365
"(Date(""2025-02-08""), 103)",23.820232371047418
"(Date(""2025-02-09""), 103)",27.075527621066062
"(Date(""2025-02-10""), 103)",23.023339304908895
"(Date(""2025-02-11""), 103)",25.83619215022709
"(Date(""2025-02-12""), 103)",17.249980269000716
"(Date(""2025-02-13""), 103)",23.1677742561425
"(Date(""2025-02-14""), 103)",23.836435048064423
"(Date(""2025-02-15""), 103)",33.56903935485308
"(Date(""2025-02-16""), 103)",16.84076748010549
"(Date(""2025-02-17""), 103)",8.882591867566854
"(Date(""2025-02-18""), 103)",4.0758310376327875
"(Date(""2025-02-19""), 103)",5.898073725979045
"(Date(""2025-02-20""), 103)",18.168575479819324
"(Date(""2025-02-21""), 103)",21.244949348040763
"(Date(""2025-02-22""), 103)",26.76604225537398
"(Date(""2025-02-23""), 103)",31.582303980714855
"(Date(""2025-02-24""), 103)",30.094705363060147
"(Date(""2025-02-25""), 103)",32.83855155498861
"(Date(""2025-02-26""), 103)",23.663097927429522
"(Date(""2025-02-27""), 103)",32.80357706727204
"(Date(""2025-02-28""), 103)",16.6386423606528
"(Date(""2025-03-01""), 103)",22.400133503022833
"(Date(""2025-03-02""), 103)",6.829379123331492
"(Date(""2025-03-03""), 103)",21.658292208309636
"(Date(""2025-03-04""), 103)",35.81122522328428
"(Date(""2025-03-05""), 103)",27.895443886564937
"(Date(""2025-03-06""), 103)",14.94755541025348
"(Date(""2025-03-07""), 103)",5.6896382518322
"(Date(""2025-03-08""), 103)",11.009266897721162
"(Date(""2025-03-09""), 103)",18.83860814959746
"(Date(""2025-03-10""), 103)",23.272305469755047
"(Date(""2025-03-11""), 103)",24.85784201833019
"(Date(""2025-03-12""), 103)",19.42756220327632
"(Date(""2025-03-13""), 103)",22.052780157997464
"(Date(""2025-03-14""), 103)",30.989767874218636
"(Date(""2025-03-15""), 103)",33.38974058261545
"(Date(""2025-03-16""), 103)",25.742279340137063
"(Date(""2025-03-17""), 103)",16.398934707490216
"(Date(""2025-03-18""), 103)",11.242643733015722
"(Date(""2025-03-19""), 103)",22.129413101904333
"(Date(""2025-03-20""), 103)",22.892462449945082
"(Date(""2025-03-21""), 103)",9.774690071261174
"(Date(""2025-03-22""), 103)",14.453824936212952
"(Date(""2025-03-23""), 103)",8.7730940020214
"(Date(""2025-03-24""), 103)",19.856519872283773
"(Date(""2025-03-25""), 103)",14.189394080340548
"(Date(""2025-03-26""), 103)",11.808286558868181
"(Date(""2025-03-27""), 103)",12.361474930831777
"(Date(""2025-03-28""), 103)",16.291277460895948
"(Date(""2025-03-29""), 103)",16.595198626651015
"(Date(""2025-03-30""), 103)",16.090788943327098
"(Date(""2025-03-31""), 103)",23.190384764414937
"(Date(""2025-04-01""), 103)",9.088558236583562
"(Date(""2025-04-02""), 103)",11.55193144399789
"(Date(""2025-04-03""), 103)",14.923385818112093
"(Date(""2025-04-04""), 103)",14.720405822535803
"(Date(""2025-04-05""), 103)",14.38546354236233
"(Date(""2025-04-06""), 103)",14.69502560600111
"(Date(""2025-04-07""), 103)",13.989155697565602
"(Date(""2025-04-08""), 103)",14.25105289475009
"(Date(""2025-04-09""), 103)",9.40666822431741
"(Date(""2025-04-10""), 103)",16.659247822776663
"(Date(""2025-04-11""), 103)",21.4936319646654
"(Date(""2025-04-12""), 103)",21.293214363530897
"(Date(""2025-04-13""), 103)",21.15858359076698
"(Date(""2025-04-14""), 103)",24.029888952385196
"(Date(""2025-04-15""), 103)",21.79002016114728
"(Date(""2025-04-16""), 103)",9.286909528492965
"(Date(""2025-04-17""), 103)",12.994622059687629
"(Date(""2025-04-18""), 103)",22.220979962670846
"(Date(""2025-04-19""), 103)",27.82888856164235
"(Date(""2025-04-20""), 103)",11.090048245968942
"(Date(""2025-04-21""), 103)",16.447320182649772
"(Date(""2025-04-22""), 103)",16.97098724012878
"(Date(""2025-04-23""), 103)",13.067344562963143
"(Date(""2025-04-24""), 103)",23.777614455545955
"(Date(""2025-04-25""), 103)",24.165802622789574
"(Date(""2025-04-26""), 103)",20.109369750654388
"(Date(""2025-04-27""), 103)",20.07526637799439
"(Date(""2025-04-28""), 103)",20.56207633809575
"(Date(""2025-04-29""), 103)",26.96610403814545
"(Date(""2025-04-30""), 103)",12.333262197418346
"(Date(""2025-05-01""), 103)",16.67087512655776
"(Date(""2025-05-02""), 103)",20.56938189227137
"(Date(""2025-05-03""), 103)",21.188760325837134
"(Date(""2025-05-04""), 103)",17.397516744122473
"(Date(""2025-05-05""), 103)",15.056482527780917
"(Date(""2025-05-06""), 103)",21.283608129863808
"(Date(""2025-05-07""), 103)",19.52012673885464
"(Date(""2025-05-08""), 103)",11.564834990512626
"(Date(""2025-05-09""), 103)",6.3285389223076685
"(Date(""2025-05-10""), 103)",22.29871795215145
"(Date(""2025-05-11""), 103)",14.330427475234215
"(Date(""2025-05-12""), 103)",28.306751973727945
"(Date(""2025-05-13""), 103)",22.940372976061685
"(Date(""2025-05-14""), 103)",22.575402498558763
"(Date(""2025-05-15""), 103)",18.778455570912186
"(Date(""2025-05-16""), 103)",19.528735207040217
"(Date(""2025-05-17""), 103)",22.853067196706046
"(Date(""2025-05-18""), 103)",18.7208889143928
"(Date(""2025-05-19""), 103)",13.334254998778356
"(Date(""2025-05-20""), 103)",11.179515425055776
"(Date(""2025-05-21""), 103)",11.889057608852212
"(Date(""2025-05-22""), 103)",8.640758945738291
"(Date(""2025-05-23""), 103)",9.533183490136434
"(Date(""2025-05-24""), 103)",15.68875635840788
"(Date(""2025-05-25""), 103)",17.32043797115465
"(Date(""2025-05-26""), 103)",22.70613735334965
"(Date(""2025-05-27""), 103)",23.2102392852398
"(Date(""2025-05-28""), 103)",26.446682602172977
"(Date(""2025-05-29""), 103)",20.154652320875094
"(Date(""2025-05-30""), 103)",13.399436931564198
"(Date(""2025-05-31""), 103)",13.411626387558847
"(Date(""2025-06-01""), 103)",2.1402314273167797
"(Date(""2025-06-02""), 103)",12.171401933210847
"(Date(""2025-06-03""), 103)",18.453469414771618
"(Date(""2025-06-04""), 103)",29.95441048500315
"(Date(""2025-06-05""), 103)",26.424831477469485
"(Date(""2025-06-06""), 103)",36.19195980217985
"(Date(""2025-06-07""), 103)",35.64517296171244
"(Date(""2025-06-08""), 103)",30.307691069390327
"(Date(""2025-06-09""), 103)",22.252286100145277
"(Date(""2025-06-10""), 103)",16.246773754648913
"(Date(""2025-06-11""), 103)",12.626741273120025
"(Date(""2025-06-12""), 103)",14.349034530423372
"(Date(""2025-06-13""), 103)",12.230569543367347
"(Date(""2025-06-14""), 103)",19.0863610882102
"(Date(""2025-06-15""), 103)",21.794925168055958
"(Date(""2025-06-16""), 103)",30.45466452539161
"(Date(""2025-06-17""), 103)",28.00958946609689
"(Date(""2025-06-18""), 103)",25.556848316754795
"(Date(""2025-06-19""), 103)",21.336036717994155
"(Date(""2025-06-20""), 103)",15.573014815052485
"(Date(""2025-06-21""), 103)",25.47576856679602
"(Date(""2025-06-22""), 103)",34.50954207600898
"(Date(""2025-06-23""), 103)",31.59183892130122
"(Date(""2025-06-24""), 103)",24.004391173136007
"(Date(""2025-06-25""), 103)",23.529266103945563
"(Date(""2025-06-26""), 103)",9.071379017469766
"(Date(""2025-06-27""), 103)",18.97143555361046
"(Date(""2025-06-28""), 103)",27.250331443689657
"(Date(""2025-06-29""), 103)",18.14656762106205
"(Date(""2025-06-30""), 103)",17.632594504372594
"(Date(""2025-07-01""), 103)",21.450669749018616
"(Date(""2025-07-02""), 103)",20.08318446727645
"(Date(""2025-07-03""), 103)",20.035271479112286
"(Date(""2025-07-04""), 103)",11.465561239732288
"(Date(""2025-07-05""), 103)",18.623014062622218
"(Date(""2025-07-06""), 103)",26.827233643645243
"(Date(""2025-07-07""), 103)",15.870089740239488
"(Date(""2025-07-08""), 103)",18.292061485246222
"(Date(""2025-07-09""), 103)",23.199390783830097
"(Date(""2025-07-10""), 103)",29.92123326016212
"(Date(""2025-07-11""), 103)",28.287267194501588
"(Date(""2025-07-12""), 103)",33.93247953329314
"(Date(""2025-07-13""), 103)",26.713935739529877
"(Date(""2025-07-14""), 103)",28.465441228086114
"(Date(""2025-07-15""), 103)",30.556563969902882
"(Date(""2025-07-16""), 103)",31.230629846416775
"(Date(""2025-07-17""), 103)",23.182640422249268
"(Date(""2025-07-18""), 103)",12.13137259049128
"(Date(""2025-07-19""), 103)",15.846463901862833
"(Date(""2025-07-20""), 103)",14.74458682649313
"(Date(""2025-07-21""), 103)",9.171023728029908
"(Date(""2025-07-22""), 103)",11.80286168956819
"(Date(""2025-07-23""), 103)",19.572179261002457
"(Date(""2025-07-24""), 103)",26.985537350193272
"(Date(""2025-07-25""), 103)",24.424875642707615
"(Date(""2025-07-26""), 103)",33.43764769087835
"(Date(""2025-07-27""), 103)",29.341357405385263
"(Date(""2025-07-28""), 103)",33.02591541935405
"(Date(""2025-07-29""), 103)",28.614061130965297
"(Date(""2025-07-30""), 103)",27.5559556507919
"(Date(""2025-07-31""), 103)",21.166908862956156
"(Date(""2025-08-01""), 103)",10.825700492297997
"(Date(""2025-08-02""), 103)",18.529127959578616
"(Date(""2025-08-03""), 103)",22.028109774482605
"(Date(""2025-08-04""), 103)",32.08960731336683
"(Date(""2025-08-05""), 103)",22.323312940489036
"(Date(""2025-08-06""), 103)",28.760110093569793
"(Date(""2025-08-07""), 103)",30.94563551409242
"(Date(""2025-08-08""), 103)",36.25185999391911
"(Date(""2025-08-09""), 103)",32.552079023478136
"(Date(""2025-08-10""), 103)",29.620195280230398
"(Date(""2025-08-11""), 103)",29.58835765704204
"(Date(""2025-08-12""), 103)",31.990808345658596
"(Date(""2025-08-13""), 103)",24.543510590825697
"(Date(""2025-08-14""), 103)",26.35308837723912
"(Date(""2025-08-15""), 103)",17.50404137387915
"(Date(""2025-08-16""), 103)",24.066193373683358
"(Date(""2025-08-17""), 103)",19.52380098631508
"(Date(""2025-08-18""), 103)",12.86249291200412
"(Date(""2025-08-19""), 103)",17.454671978758565
"(Date(""2025-08-20""), 103)",19.45231517621284
"(Date(""2025-08-21""), 103)",18.702629434100967
"(Date(""2025-08-22""), 103)",20.06273016020959
"(Date(""2025-08-23""), 103)",20.348696112381536
"(Date(""2025-08-24""), 103)",16.859409355327614
"(Date(""2025-08-25""), 103)",10.864847434877815
"(Date(""2025-08-26""), 103)",6.353653665171336
"(Date(""2025-08-27""), 103)",9.392931545271413
"(Date(""2025-08-28""), 103)",11.84816614926692
"(Date(""2025-08-29""), 103)",11.8799055757391
"(Date(""2025-08-30""), 103)",13.9290165396962
"(Date(""2025-08-31""), 103)",14.280910065105262
"(Date(""2025-09-01""), 103)",17.548961682302988
"(Date(""2025-09-02""), 103)",16.76288074818469
"(Date(""2025-09-03""), 103)",16.569470674289573
"(Date(""2025-09-04""), 103)",12.769151512311343
"(Date(""2025-09-05""), 103)",10.621186942462298
"(Date(""2025-09-06""), 103)",13.891184846276236
"(Date(""2025-09-07""), 103)",12.208220283880031
"(Date(""2025-09-08""), 103)",10.85117829559295
"(Date(""2025-09-09""), 103)",15.429050794024489
"(Date(""2025-09-10""), 103)",21.90059660520168
"(Date(""2025-09-11""), 103)",22.749446214734206
"(Date(""2025-09-12""), 103)",17.637692206095384
"(Date(""2025-09-13""), 103)",25.378647854345868
"(Date(""2025-09-14""), 103)",21.477226999736533
"(Date(""2025-09-15""), 103)",10.54725501626272
"(Date(""2025-09-16""), 103)",13.81441044462573
"(Date(""2025-09-17""), 103)",25.727622805160753
"(Date(""2025-09-18""), 103)",18.279991920319947
"(Date(""2025-09-19""), 103)",12.127207883711483
"(Date(""2025-09-20""), 103)",11.440452841598027
"(Date(""2025-09-21""), 103)",14.874605383231442
"(Date(""2025-09-22""), 103)",20.233824488332584
"(Date(""2025-09-23""), 103)",35.447527690792334
"(Date(""2025-09-24""), 103)",23.132859111772337
"(Date(""2025-09-25""), 103)",25.39775055574181
"(Date(""2025-09-26""), 103)",18.30531602815384
"(Date(""2025-09-27""), 103)",15.63046653683304
"(Date(""2025-09-28""), 103)",19.569694080909052
"(Date(""2025-09-29""), 103)",16.20378003136048
"(Date(""2025-09-30""), 103)",14.694040329254886
"(Date(""2025-10-01""), 103)",11.560567469103786
"(Date(""2025-10-02""), 103)",16.490593956103105
"(Date(""2025-10-03""), 103)",19.810023917288227
"(Date(""2025-10-04""), 103)",22.35994807031811
"(Date(""2025-10-05""), 103)",25.220544396004417
"(Date(""2025-10-06""), 103)",24.371796802757682
"(Date(""2025-10-07""), 103)",17.722633284799134
"(Date(""2025-10-08""), 103)",11.70285033408424
"(Date(""2025-10-09""), 103)",9.934087499661123
"(Date(""2025-10-10""), 103)",17.367477424593904
"(Date(""2025-10-11""), 103)",23.71973933717027
"(Date(""2025-10-12""), 103)",18.254102540569964
"(Date(""2025-10-13""), 103)",16.76620103903277
"(Date(""2025-10-14""), 103)",17.759339821489366
"(Date(""2025-10-15""), 103)",12.2534420480824
"(Date(""2025-10-16""), 103)",13.968346287798752
"(Date(""2025-10-17""), 103)",16.762571932275275
"(Date(""2025-10-18""), 103)",18.444813958008925
"(Date(""2025-10-19""), 103)",18.37951474361672
"(Date(""2025-10-20""), 103)",19.12243300702211
"(Date(""2025-10-21""), 103)",11.570044007124428
"(Date(""2025-10-22""), 103)",11.495356421153456
"(Date(""2025-10-23""), 103)",12.469848739548555
"(Date(""2025-10-24""), 103)",16.958302361828594
"(Date(""2025-10-25""), 103)",9.939795233356653
"(Date(""2025-10-26""), 103)",10.988152309214875
"(Date(""2025-10-27""), 103)",18.28263979767583
"(Date(""2025-10-28""), 103)",16.34507240930407
"(Date(""2025-10-29""), 103)",12.913929873219566
"(Date(""2025-10-30""), 103)",17.099382703870884
"(Date(""2025-10-31""), 103)",10.697023964365068
"(Date(""2025-11-01""), 103)",12.48421850916614
"(Date(""2025-11-02""), 103)",12.235945147761232
"(Date(""2025-11-03""), 103)",13.144519586849361
"(Date(""2025-11-04""), 103)",10.591568666781933
"(Date(""2025-11-05""), 103)",15.539814309535059
"(Date(""2025-11-06""), 103)",13.485870071212572
"(Date(""2025-11-07""), 103)",14.83642799065425
"(Date(""2025-11-08""), 103)",12.328954655260413
"(Date(""2025-11-09""), 103)",10.395792535254845
"(Date(""2025-11-10""), 103)",23.49424332199544
"(Date(""2025-11-11""), 103)",8.570291122021484
"(Date(""2025-11-12""), 103)",23.23035208680231
"(Date(""2025-11-13""), 103)",22.891927092973656
"(Date(""2025-11-14""), 103)",18.60873763425747
"(Date(""2025-11-15""), 103)",13.329093032720687
"(Date(""2025-11-16""), 103)",15.459138590861933
"(Date(""2025-11-17""), 103)",10.688837869129427
"(Date(""2025-11-18""), 103)",11.733069302782397
"(Date(""2025-11-19""), 103)",17.945645792506724
"(Date(""2025-11-20""), 103)",34.28795585919514
"(Date(""2025-11-21""), 103)",33.08089022874746
"(Date(""2025-11-22""), 103)",22.708495462462658
"(Date(""2025-11-23""), 103)",30.52783806850131
"(Date(""2025-11-24""), 103)",25.913970276051835
"(Date(""2025-11-25""), 103)",20.109670563189702
"(Date(""2025-11-26""), 103)",23.58508227875849
"(Date(""2025-11-27""), 103)",8.634539527805751
"(Date(""2025-11-28""), 103)",6.4974115940312265
"(Date(""2025-11-29""), 103)",9.990122518042591
"(Date(""2025-11-30""), 103)",19.845672486152743
"(Date(""2025-12-01""), 103)",17.83256456668734
"(Date(""2025-12-02""), 103)",21.39208018820909
"(Date(""2025-12-03""), 103)",24.504677183001146
"(Date(""2025-12-04""), 103)",20.241390893853428
"(Date(""2025-12-05""), 103)",22.38795721676099
"(Date(""2025-12-06""), 103)",28.21558726589163
"(Date(""2025-12-07""), 103)",27.20386268204274
"(Date(""2025-12-08""), 103)",15.439242357616033
"(Date(""2025-12-09""), 103)",32.02193709215765
"(Date(""2025-12-10""), 103)",42.23322274541081
"(Date(""2025-12-11""), 103)",20.370721405313212
"(Date(""2025-12-12""), 103)",14.40860243242345
"(Date(""2025-12-13""), 103)",32.98977973537642
"(Date(""2025-12-14""), 103)",30.620293679571724
"(Date(""2025-12-15""), 103)",27.281235143872397
"(Date(""2025-12-16""), 103)",26.469315816985546
"(Date(""2025-12-17""), 103)",18.846557824076978
"(Date(""2025-12-18""), 103)",18.287042558704613
"(Date(""2025-12-19""), 103)",10.203850258034642
"(Date(""2025-12-20""), 103)",11.004358101204042
"(Date(""2025-12-21""), 103)",7.908584478251421
"(Date(""2025-12-22""), 103)",18.171736027037237
"(Date(""2025-12-23""), 103)",25.865987190168166
"(Date(""2025-12-24""), 103)",28.67766562879297
"(Date(""2025-12-25""), 103)",24.9410307767256
"(Date(""2025-12-26""), 103)",16.398484985147356
"(Date(""2025-12-27""), 103)",22.005415533623243
"(Date(""2025-12-28""), 103)",28.797443015241203
"(Date(""2025-12-29""), 103)",25.957319217908775
"(Date(""2025-12-30""), 103)",7.155852222682686
"(Date(""2025-12-31""), 103)",13.887047484656625
