ID,PM
"(Date(""2025-01-01""), 3)",20.74118228396248
"(Date(""2025-01-01""), 80)",20.74118228396248
"(Date(""2025-01-01""), 6)",20.74118228396248
"(Date(""2025-01-01""), 31)",20.74118228396248
"(Date(""2025-01-01""), 66)",20.74118228396248
"(Date(""2025-01-01""), 17)",20.74118228396248
"(Date(""2025-01-01""), 103)",20.74118228396248
"(Date(""2025-01-02""), 31)",10.763815368580605
"(Date(""2025-01-02""), 3)",10.763815368580605
"(Date(""2025-01-02""), 80)",10.763815368580605
"(Date(""2025-01-02""), 6)",10.763815368580605
"(Date(""2025-01-02""), 66)",10.763815368580605
"(Date(""2025-01-02""), 17)",10.763815368580605
"(Date(""2025-01-02""), 103)",10.763815368580605
"(Date(""2025-01-03""), 3)",13.376209462043047
"(Date(""2025-01-03""), 80)",13.376209462043047
"(Date(""2025-01-03""), 31)",13.376209462043047
"(Date(""2025-01-03""), 6)",13.376209462043047
"(Date(""2025-01-03""), 66)",13.376209462043047
"(Date(""2025-01-03""), 17)",13.376209462043047
"(Date(""2025-01-03""), 103)",13.376209462043047
"(Date(""2025-01-04""), 3)",15.856740299042906
"(Date(""2025-01-04""), 80)",15.856740299042906
"(Date(""2025-01-04""), 6)",15.856740299042906
"(Date(""2025-01-04""), 31)",15.856740299042906
"(Date(""2025-01-04""), 66)",15.856740299042906
"(Date(""2025-01-04""), 17)",15.856740299042906
"(Date(""2025-01-04""), 103)",15.856740299042906
"(Date(""2025-01-05""), 3)",19.068019609416915
"(Date(""2025-01-05""), 80)",19.068019609416915
"(Date(""2025-01-05""), 31)",19.068019609416915
"(Date(""2025-01-05""), 6)",19.068019609416915
"(Date(""2025-01-05""), 66)",19.068019609416915
"(Date(""2025-01-05""), 17)",19.068019609416915
"(Date(""2025-01-05""), 103)",19.068019609416915
"(Date(""2025-01-06""), 3)",21.116124140954465
"(Date(""2025-01-06""), 80)",21.116124140954465
"(Date(""2025-01-06""), 6)",21.116124140954465
"(Date(""2025-01-06""), 31)",21.116124140954465
"(Date(""2025-01-06""), 66)",21.116124140954465
"(Date(""2025-01-06""), 17)",21.116124140954465
"(Date(""2025-01-06""), 103)",21.116124140954465
"(Date(""2025-01-07""), 3)",14.36041041458122
"(Date(""2025-01-07""), 80)",14.36041041458122
"(Date(""2025-01-07""), 6)",14.36041041458122
"(Date(""2025-01-07""), 31)",14.36041041458122
"(Date(""2025-01-07""), 66)",14.36041041458122
"(Date(""2025-01-07""), 103)",14.36041041458122
"(Date(""2025-01-07""), 17)",14.36041041458122
"(Date(""2025-01-08""), 3)",13.062710881238043
"(Date(""2025-01-08""), 80)",13.062710881238043
"(Date(""2025-01-08""), 31)",13.062710881238043
"(Date(""2025-01-08""), 6)",13.062710881238043
"(Date(""2025-01-08""), 103)",13.062710881238043
"(Date(""2025-01-08""), 66)",13.062710881238043
"(Date(""2025-01-08""), 17)",13.062710881238043
"(Date(""2025-01-09""), 3)",13.315263364739753
"(Date(""2025-01-09""), 80)",13.315263364739753
"(Date(""2025-01-09""), 6)",13.315263364739753
"(Date(""2025-01-09""), 31)",13.315263364739753
"(Date(""2025-01-09""), 66)",13.315263364739753
"(Date(""2025-01-09""), 103)",13.315263364739753
"(Date(""2025-01-09""), 17)",13.315263364739753
"(Date(""2025-01-10""), 80)",16.787139994033097
"(Date(""2025-01-10""), 6)",16.787139994033097
"(Date(""2025-01-10""), 31)",16.787139994033097
"(Date(""2025-01-10""), 3)",16.787139994033097
"(Date(""2025-01-10""), 66)",16.787139994033097
"(Date(""2025-01-10""), 103)",16.787139994033097
"(Date(""2025-01-10""), 17)",16.787139994033097
"(Date(""2025-01-11""), 80)",25.45728576015724
"(Date(""2025-01-11""), 31)",25.45728576015724
"(Date(""2025-01-11""), 3)",25.45728576015724
"(Date(""2025-01-11""), 6)",25.45728576015724
"(Date(""2025-01-11""), 103)",25.45728576015724
"(Date(""2025-01-11""), 66)",25.45728576015724
"(Date(""2025-01-11""), 17)",25.45728576015724
"(Date(""2025-01-12""), 80)",24.19437123110852
"(Date(""2025-01-12""), 31)",24.19437123110852
"(Date(""2025-01-12""), 3)",24.19437123110852
"(Date(""2025-01-12""), 6)",24.19437123110852
"(Date(""2025-01-12""), 103)",24.19437123110852
"(Date(""2025-01-12""), 66)",24.19437123110852
"(Date(""2025-01-12""), 17)",24.19437123110852
"(Date(""2025-01-13""), 80)",24.117772224188723
"(Date(""2025-01-13""), 31)",24.117772224188723
"(Date(""2025-01-13""), 3)",24.117772224188723
"(Date(""2025-01-13""), 6)",24.117772224188723
"(Date(""2025-01-13""), 17)",24.117772224188723
"(Date(""2025-01-13""), 66)",24.117772224188723
"(Date(""2025-01-13""), 103)",24.117772224188723
"(Date(""2025-01-14""), 80)",11.698176415377066
"(Date(""2025-01-14""), 31)",11.698176415377066
"(Date(""2025-01-14""), 6)",11.698176415377066
"(Date(""2025-01-14""), 3)",11.698176415377066
"(Date(""2025-01-14""), 17)",11.698176415377066
"(Date(""2025-01-14""), 103)",11.698176415377066
"(Date(""2025-01-14""), 66)",11.698176415377066
"(Date(""2025-01-15""), 80)",19.28720598668979
"(Date(""2025-01-15""), 31)",19.28720598668979
"(Date(""2025-01-15""), 6)",19.28720598668979
"(Date(""2025-01-15""), 3)",19.28720598668979
"(Date(""2025-01-15""), 17)",19.28720598668979
"(Date(""2025-01-15""), 103)",19.28720598668979
"(Date(""2025-01-15""), 66)",19.28720598668979
"(Date(""2025-01-16""), 80)",24.741500563817045
"(Date(""2025-01-16""), 31)",24.741500563817045
"(Date(""2025-01-16""), 6)",24.741500563817045
"(Date(""2025-01-16""), 3)",24.741500563817045
"(Date(""2025-01-16""), 17)",24.741500563817045
"(Date(""2025-01-16""), 103)",24.741500563817045
"(Date(""2025-01-16""), 66)",24.741500563817045
"(Date(""2025-01-17""), 80)",23.927227226506687
"(Date(""2025-01-17""), 31)",23.927227226506687
"(Date(""2025-01-17""), 6)",23.927227226506687
"(Date(""2025-01-17""), 3)",23.927227226506687
"(Date(""2025-01-17""), 17)",23.927227226506687
"(Date(""2025-01-17""), 66)",23.927227226506687
"(Date(""2025-01-17""), 103)",23.927227226506687
"(Date(""2025-01-18""), 80)",17.393476090919616
"(Date(""2025-01-18""), 31)",17.393476090919616
"(Date(""2025-01-18""), 6)",17.393476090919616
"(Date(""2025-01-18""), 3)",17.393476090919616
"(Date(""2025-01-18""), 17)",17.393476090919616
"(Date(""2025-01-18""), 103)",17.393476090919616
"(Date(""2025-01-18""), 66)",17.393476090919616
"(Date(""2025-01-19""), 80)",20.040992992259945
"(Date(""2025-01-19""), 31)",20.040992992259945
"(Date(""2025-01-19""), 6)",20.040992992259945
"(Date(""2025-01-19""), 3)",20.040992992259945
"(Date(""2025-01-19""), 17)",20.040992992259945
"(Date(""2025-01-19""), 103)",20.040992992259945
"(Date(""2025-01-19""), 66)",20.040992992259945
"(Date(""2025-01-20""), 80)",19.65806439334075
"(Date(""2025-01-20""), 31)",19.65806439334075
"(Date(""2025-01-20""), 6)",19.65806439334075
"(Date(""2025-01-20""), 3)",19.65806439334075
"(Date(""2025-01-20""), 17)",19.65806439334075
"(Date(""2025-01-20""), 103)",19.65806439334075
"(Date(""2025-01-20""), 66)",19.65806439334075
"(Date(""2025-01-21""), 80)",18.980933330767805
"(Date(""2025-01-21""), 31)",18.980933330767805
"(Date(""2025-01-21""), 6)",18.980933330767805
"(Date(""2025-01-21""), 3)",18.980933330767805
"(Date(""2025-01-21""), 17)",18.980933330767805
"(Date(""2025-01-21""), 66)",18.980933330767805
"(Date(""2025-01-21""), 103)",18.980933330767805
"(Date(""2025-01-22""), 80)",20.76217488356587
"(Date(""2025-01-22""), 31)",20.76217488356587
"(Date(""2025-01-22""), 6)",20.76217488356587
"(Date(""2025-01-22""), 3)",20.76217488356587
"(Date(""2025-01-22""), 17)",20.76217488356587
"(Date(""2025-01-22""), 103)",20.76217488356587
"(Date(""2025-01-22""), 66)",20.76217488356587
"(Date(""2025-01-23""), 80)",19.445896840364348
"(Date(""2025-01-23""), 31)",19.445896840364348
"(Date(""2025-01-23""), 6)",19.445896840364348
"(Date(""2025-01-23""), 3)",19.445896840364348
"(Date(""2025-01-23""), 17)",19.445896840364348
"(Date(""2025-01-23""), 103)",19.445896840364348
"(Date(""2025-01-23""), 66)",19.445896840364348
"(Date(""2025-01-24""), 80)",22.09956137503298
"(Date(""2025-01-24""), 31)",22.09956137503298
"(Date(""2025-01-24""), 6)",22.09956137503298
"(Date(""2025-01-24""), 3)",22.09956137503298
"(Date(""2025-01-24""), 17)",22.09956137503298
"(Date(""2025-01-24""), 66)",22.09956137503298
"(Date(""2025-01-24""), 103)",22.09956137503298
"(Date(""2025-01-25""), 80)",24.535257820194737
"(Date(""2025-01-25""), 31)",24.535257820194737
"(Date(""2025-01-25""), 6)",24.535257820194737
"(Date(""2025-01-25""), 3)",24.535257820194737
"(Date(""2025-01-25""), 66)",24.535257820194737
"(Date(""2025-01-25""), 17)",24.535257820194737
"(Date(""2025-01-25""), 103)",24.535257820194737
"(Date(""2025-01-26""), 80)",15.234720524495794
"(Date(""2025-01-26""), 31)",15.234720524495794
"(Date(""2025-01-26""), 6)",15.234720524495794
"(Date(""2025-01-26""), 3)",15.234720524495794
"(Date(""2025-01-26""), 17)",15.234720524495794
"(Date(""2025-01-26""), 103)",15.234720524495794
"(Date(""2025-01-26""), 66)",15.234720524495794
"(Date(""2025-01-27""), 80)",14.168518285270876
"(Date(""2025-01-27""), 31)",14.168518285270876
"(Date(""2025-01-27""), 6)",14.168518285270876
"(Date(""2025-01-27""), 3)",14.168518285270876
"(Date(""2025-01-27""), 17)",14.168518285270876
"(Date(""2025-01-27""), 103)",14.168518285270876
"(Date(""2025-01-27""), 66)",14.168518285270876
"(Date(""2025-01-28""), 80)",20.37532640089632
"(Date(""2025-01-28""), 31)",20.37532640089632
"(Date(""2025-01-28""), 6)",20.37532640089632
"(Date(""2025-01-28""), 3)",20.37532640089632
"(Date(""2025-01-28""), 17)",20.37532640089632
"(Date(""2025-01-28""), 103)",20.37532640089632
"(Date(""2025-01-28""), 66)",20.37532640089632
"(Date(""2025-01-29""), 80)",20.41166359525341
"(Date(""2025-01-29""), 6)",20.41166359525341
"(Date(""2025-01-29""), 31)",20.41166359525341
"(Date(""2025-01-29""), 3)",20.41166359525341
"(Date(""2025-01-29""), 17)",20.41166359525341
"(Date(""2025-01-29""), 66)",20.41166359525341
"(Date(""2025-01-29""), 103)",20.41166359525341
"(Date(""2025-01-30""), 80)",20.11024576710889
"(Date(""2025-01-30""), 6)",20.11024576710889
"(Date(""2025-01-30""), 3)",20.11024576710889
"(Date(""2025-01-30""), 31)",20.11024576710889
"(Date(""2025-01-30""), 17)",20.11024576710889
"(Date(""2025-01-30""), 66)",20.11024576710889
"(Date(""2025-01-30""), 103)",20.11024576710889
"(Date(""2025-01-31""), 80)",22.30230663478997
"(Date(""2025-01-31""), 6)",22.30230663478997
"(Date(""2025-01-31""), 31)",22.30230663478997
"(Date(""2025-01-31""), 3)",22.30230663478997
"(Date(""2025-01-31""), 17)",22.30230663478997
"(Date(""2025-01-31""), 66)",22.30230663478997
"(Date(""2025-01-31""), 103)",22.30230663478997
"(Date(""2025-02-01""), 80)",19.12006315492013
"(Date(""2025-02-01""), 6)",19.12006315492013
"(Date(""2025-02-01""), 31)",19.12006315492013
"(Date(""2025-02-01""), 3)",19.12006315492013
"(Date(""2025-02-01""), 17)",19.12006315492013
"(Date(""2025-02-01""), 66)",19.12006315492013
"(Date(""2025-02-01""), 103)",19.12006315492013
"(Date(""2025-02-02""), 80)",20.710552928968536
"(Date(""2025-02-02""), 6)",20.710552928968536
"(Date(""2025-02-02""), 31)",20.710552928968536
"(Date(""2025-02-02""), 3)",20.710552928968536
"(Date(""2025-02-02""), 17)",20.710552928968536
"(Date(""2025-02-02""), 66)",20.710552928968536
"(Date(""2025-02-02""), 103)",20.710552928968536
"(Date(""2025-02-03""), 80)",23.339719458356544
"(Date(""2025-02-03""), 6)",23.339719458356544
"(Date(""2025-02-03""), 31)",23.339719458356544
"(Date(""2025-02-03""), 3)",23.339719458356544
"(Date(""2025-02-03""), 17)",23.339719458356544
"(Date(""2025-02-03""), 66)",23.339719458356544
"(Date(""2025-02-03""), 103)",23.339719458356544
"(Date(""2025-02-04""), 80)",18.31163901755407
"(Date(""2025-02-04""), 6)",18.31163901755407
"(Date(""2025-02-04""), 31)",18.31163901755407
"(Date(""2025-02-04""), 3)",18.31163901755407
"(Date(""2025-02-04""), 17)",18.31163901755407
"(Date(""2025-02-04""), 66)",18.31163901755407
"(Date(""2025-02-04""), 103)",18.31163901755407
"(Date(""2025-02-05""), 80)",19.6866702506927
"(Date(""2025-02-05""), 6)",19.6866702506927
"(Date(""2025-02-05""), 31)",19.6866702506927
"(Date(""2025-02-05""), 3)",19.6866702506927
"(Date(""2025-02-05""), 17)",19.6866702506927
"(Date(""2025-02-05""), 66)",19.6866702506927
"(Date(""2025-02-05""), 103)",19.6866702506927
"(Date(""2025-02-06""), 6)",21.962166765932764
"(Date(""2025-02-06""), 80)",21.962166765932764
"(Date(""2025-02-06""), 31)",21.962166765932764
"(Date(""2025-02-06""), 3)",21.962166765932764
"(Date(""2025-02-06""), 66)",21.962166765932764
"(Date(""2025-02-06""), 103)",21.962166765932764
"(Date(""2025-02-06""), 17)",21.962166765932764
"(Date(""2025-02-07""), 80)",13.851037675665276
"(Date(""2025-02-07""), 6)",13.851037675665276
"(Date(""2025-02-07""), 31)",13.851037675665276
"(Date(""2025-02-07""), 3)",13.851037675665276
"(Date(""2025-02-07""), 17)",13.851037675665276
"(Date(""2025-02-07""), 66)",13.851037675665276
"(Date(""2025-02-07""), 103)",13.851037675665276
"(Date(""2025-02-08""), 80)",22.395316115091703
"(Date(""2025-02-08""), 6)",22.395316115091703
"(Date(""2025-02-08""), 3)",22.395316115091703
"(Date(""2025-02-08""), 31)",22.395316115091703
"(Date(""2025-02-08""), 17)",22.395316115091703
"(Date(""2025-02-08""), 66)",22.395316115091703
"(Date(""2025-02-08""), 103)",22.395316115091703
"(Date(""2025-02-09""), 80)",22.79840606454608
"(Date(""2025-02-09""), 6)",22.79840606454608
"(Date(""2025-02-09""), 31)",22.79840606454608
"(Date(""2025-02-09""), 3)",22.79840606454608
"(Date(""2025-02-09""), 17)",22.79840606454608
"(Date(""2025-02-09""), 66)",22.79840606454608
"(Date(""2025-02-09""), 103)",22.79840606454608
"(Date(""2025-02-10""), 6)",21.376748830174616
"(Date(""2025-02-10""), 80)",21.376748830174616
"(Date(""2025-02-10""), 31)",21.376748830174616
"(Date(""2025-02-10""), 3)",21.376748830174616
"(Date(""2025-02-10""), 17)",21.376748830174616
"(Date(""2025-02-10""), 66)",21.376748830174616
"(Date(""2025-02-10""), 103)",21.376748830174616
"(Date(""2025-02-11""), 6)",16.02267442531568
"(Date(""2025-02-11""), 80)",16.02267442531568
"(Date(""2025-02-11""), 31)",16.02267442531568
"(Date(""2025-02-11""), 3)",16.02267442531568
"(Date(""2025-02-11""), 17)",16.02267442531568
"(Date(""2025-02-11""), 66)",16.02267442531568
"(Date(""2025-02-11""), 103)",16.02267442531568
"(Date(""2025-02-12""), 6)",16.39569860725047
"(Date(""2025-02-12""), 80)",16.39569860725047
"(Date(""2025-02-12""), 31)",16.39569860725047
"(Date(""2025-02-12""), 3)",16.39569860725047
"(Date(""2025-02-12""), 17)",16.39569860725047
"(Date(""2025-02-12""), 66)",16.39569860725047
"(Date(""2025-02-12""), 103)",16.39569860725047
"(Date(""2025-02-13""), 80)",14.072358481190623
"(Date(""2025-02-13""), 6)",14.072358481190623
"(Date(""2025-02-13""), 31)",14.072358481190623
"(Date(""2025-02-13""), 3)",14.072358481190623
"(Date(""2025-02-13""), 66)",14.072358481190623
"(Date(""2025-02-13""), 17)",14.072358481190623
"(Date(""2025-02-13""), 103)",14.072358481190623
"(Date(""2025-02-14""), 80)",12.868666808686484
"(Date(""2025-02-14""), 6)",12.868666808686484
"(Date(""2025-02-14""), 31)",12.868666808686484
"(Date(""2025-02-14""), 3)",12.868666808686484
"(Date(""2025-02-14""), 66)",12.868666808686484
"(Date(""2025-02-14""), 17)",12.868666808686484
"(Date(""2025-02-14""), 103)",12.868666808686484
"(Date(""2025-02-15""), 6)",20.567418611976983
"(Date(""2025-02-15""), 80)",20.567418611976983
"(Date(""2025-02-15""), 3)",20.567418611976983
"(Date(""2025-02-15""), 31)",20.567418611976983
"(Date(""2025-02-15""), 66)",20.567418611976983
"(Date(""2025-02-15""), 17)",20.567418611976983
"(Date(""2025-02-15""), 103)",20.567418611976983
"(Date(""2025-02-16""), 80)",15.419184884774058
"(Date(""2025-02-16""), 6)",15.419184884774058
"(Date(""2025-02-16""), 3)",15.419184884774058
"(Date(""2025-02-16""), 31)",15.419184884774058
"(Date(""2025-02-16""), 66)",15.419184884774058
"(Date(""2025-02-16""), 17)",15.419184884774058
"(Date(""2025-02-16""), 103)",15.419184884774058
"(Date(""2025-02-17""), 80)",13.088751495933554
"(Date(""2025-02-17""), 6)",13.088751495933554
"(Date(""2025-02-17""), 3)",13.088751495933554
"(Date(""2025-02-17""), 31)",13.088751495933554
"(Date(""2025-02-17""), 66)",13.088751495933554
"(Date(""2025-02-17""), 17)",13.088751495933554
"(Date(""2025-02-17""), 103)",13.088751495933554
"(Date(""2025-02-18""), 6)",10.597269221972066
"(Date(""2025-02-18""), 80)",10.597269221972066
"(Date(""2025-02-18""), 31)",10.597269221972066
"(Date(""2025-02-18""), 3)",10.597269221972066
"(Date(""2025-02-18""), 66)",10.597269221972066
"(Date(""2025-02-18""), 17)",10.597269221972066
"(Date(""2025-02-18""), 103)",10.597269221972066
"(Date(""2025-02-19""), 6)",13.500156889172757
"(Date(""2025-02-19""), 80)",13.500156889172757
"(Date(""2025-02-19""), 3)",13.500156889172757
"(Date(""2025-02-19""), 31)",13.500156889172757
"(Date(""2025-02-19""), 66)",13.500156889172757
"(Date(""2025-02-19""), 17)",13.500156889172757
"(Date(""2025-02-19""), 103)",13.500156889172757
"(Date(""2025-02-20""), 6)",22.006423548617775
"(Date(""2025-02-20""), 80)",22.006423548617775
"(Date(""2025-02-20""), 3)",22.006423548617775
"(Date(""2025-02-20""), 31)",22.006423548617775
"(Date(""2025-02-20""), 66)",22.006423548617775
"(Date(""2025-02-20""), 17)",22.006423548617775
"(Date(""2025-02-20""), 103)",22.006423548617775
"(Date(""2025-02-21""), 6)",15.114449733082218
"(Date(""2025-02-21""), 80)",15.114449733082218
"(Date(""2025-02-21""), 31)",15.114449733082218
"(Date(""2025-02-21""), 3)",15.114449733082218
"(Date(""2025-02-21""), 66)",15.114449733082218
"(Date(""2025-02-21""), 17)",15.114449733082218
"(Date(""2025-02-21""), 103)",15.114449733082218
"(Date(""2025-02-22""), 6)",23.11086490447415
"(Date(""2025-02-22""), 80)",23.11086490447415
"(Date(""2025-02-22""), 31)",23.11086490447415
"(Date(""2025-02-22""), 3)",23.11086490447415
"(Date(""2025-02-22""), 66)",23.11086490447415
"(Date(""2025-02-22""), 17)",23.11086490447415
"(Date(""2025-02-22""), 103)",23.11086490447415
"(Date(""2025-02-23""), 6)",18.85745583276431
"(Date(""2025-02-23""), 80)",18.85745583276431
"(Date(""2025-02-23""), 31)",18.85745583276431
"(Date(""2025-02-23""), 3)",18.85745583276431
"(Date(""2025-02-23""), 66)",18.85745583276431
"(Date(""2025-02-23""), 17)",18.85745583276431
"(Date(""2025-02-23""), 103)",18.85745583276431
"(Date(""2025-02-24""), 80)",20.02834893669938
"(Date(""2025-02-24""), 31)",20.02834893669938
"(Date(""2025-02-24""), 3)",20.02834893669938
"(Date(""2025-02-24""), 6)",20.02834893669938
"(Date(""2025-02-24""), 66)",20.02834893669938
"(Date(""2025-02-24""), 17)",20.02834893669938
"(Date(""2025-02-24""), 103)",20.02834893669938
"(Date(""2025-02-25""), 80)",21.86317973957319
"(Date(""2025-02-25""), 6)",21.86317973957319
"(Date(""2025-02-25""), 31)",21.86317973957319
"(Date(""2025-02-25""), 3)",21.86317973957319
"(Date(""2025-02-25""), 66)",21.86317973957319
"(Date(""2025-02-25""), 17)",21.86317973957319
"(Date(""2025-02-25""), 103)",21.86317973957319
"(Date(""2025-02-26""), 6)",21.62415718681144
"(Date(""2025-02-26""), 80)",21.62415718681144
"(Date(""2025-02-26""), 31)",21.62415718681144
"(Date(""2025-02-26""), 3)",21.62415718681144
"(Date(""2025-02-26""), 66)",21.62415718681144
"(Date(""2025-02-26""), 17)",21.62415718681144
"(Date(""2025-02-26""), 103)",21.62415718681144
"(Date(""2025-02-27""), 80)",22.784289895218116
"(Date(""2025-02-27""), 6)",22.784289895218116
"(Date(""2025-02-27""), 31)",22.784289895218116
"(Date(""2025-02-27""), 3)",22.784289895218116
"(Date(""2025-02-27""), 66)",22.784289895218116
"(Date(""2025-02-27""), 17)",22.784289895218116
"(Date(""2025-02-27""), 103)",22.784289895218116
"(Date(""2025-02-28""), 6)",18.405093950440587
"(Date(""2025-02-28""), 80)",18.405093950440587
"(Date(""2025-02-28""), 31)",18.405093950440587
"(Date(""2025-02-28""), 3)",18.405093950440587
"(Date(""2025-02-28""), 66)",18.405093950440587
"(Date(""2025-02-28""), 17)",18.405093950440587
"(Date(""2025-02-28""), 103)",18.405093950440587
"(Date(""2025-03-01""), 6)",18.731298054617252
"(Date(""2025-03-01""), 80)",18.731298054617252
"(Date(""2025-03-01""), 3)",18.731298054617252
"(Date(""2025-03-01""), 31)",18.731298054617252
"(Date(""2025-03-01""), 66)",18.731298054617252
"(Date(""2025-03-01""), 17)",18.731298054617252
"(Date(""2025-03-01""), 103)",18.731298054617252
"(Date(""2025-03-02""), 6)",14.912938298708871
"(Date(""2025-03-02""), 80)",14.912938298708871
"(Date(""2025-03-02""), 3)",14.912938298708871
"(Date(""2025-03-02""), 31)",14.912938298708871
"(Date(""2025-03-02""), 66)",14.912938298708871
"(Date(""2025-03-02""), 17)",14.912938298708871
"(Date(""2025-03-02""), 103)",14.912938298708871
"(Date(""2025-03-03""), 6)",23.939045680079886
"(Date(""2025-03-03""), 80)",23.939045680079886
"(Date(""2025-03-03""), 31)",23.939045680079886
"(Date(""2025-03-03""), 3)",23.939045680079886
"(Date(""2025-03-03""), 66)",23.939045680079886
"(Date(""2025-03-03""), 17)",23.939045680079886
"(Date(""2025-03-03""), 103)",23.939045680079886
"(Date(""2025-03-04""), 80)",23.108808195009978
"(Date(""2025-03-04""), 6)",23.108808195009978
"(Date(""2025-03-04""), 31)",23.108808195009978
"(Date(""2025-03-04""), 3)",23.108808195009978
"(Date(""2025-03-04""), 66)",23.108808195009978
"(Date(""2025-03-04""), 17)",23.108808195009978
"(Date(""2025-03-04""), 103)",23.108808195009978
"(Date(""2025-03-05""), 6)",21.67465491486379
"(Date(""2025-03-05""), 80)",21.67465491486379
"(Date(""2025-03-05""), 31)",21.67465491486379
"(Date(""2025-03-05""), 3)",21.67465491486379
"(Date(""2025-03-05""), 66)",21.67465491486379
"(Date(""2025-03-05""), 17)",21.67465491486379
"(Date(""2025-03-05""), 103)",21.67465491486379
"(Date(""2025-03-06""), 6)",17.943712897049778
"(Date(""2025-03-06""), 80)",17.943712897049778
"(Date(""2025-03-06""), 31)",17.943712897049778
"(Date(""2025-03-06""), 3)",17.943712897049778
"(Date(""2025-03-06""), 66)",17.943712897049778
"(Date(""2025-03-06""), 17)",17.943712897049778
"(Date(""2025-03-06""), 103)",17.943712897049778
"(Date(""2025-03-07""), 6)",11.739522030166139
"(Date(""2025-03-07""), 80)",11.739522030166139
"(Date(""2025-03-07""), 3)",11.739522030166139
"(Date(""2025-03-07""), 31)",11.739522030166139
"(Date(""2025-03-07""), 66)",11.739522030166139
"(Date(""2025-03-07""), 17)",11.739522030166139
"(Date(""2025-03-07""), 103)",11.739522030166139
"(Date(""2025-03-08""), 80)",14.448241060749197
"(Date(""2025-03-08""), 6)",14.448241060749197
"(Date(""2025-03-08""), 3)",14.448241060749197
"(Date(""2025-03-08""), 31)",14.448241060749197
"(Date(""2025-03-08""), 66)",14.448241060749197
"(Date(""2025-03-08""), 17)",14.448241060749197
"(Date(""2025-03-08""), 103)",14.448241060749197
"(Date(""2025-03-09""), 6)",19.296624279511033
"(Date(""2025-03-09""), 80)",19.296624279511033
"(Date(""2025-03-09""), 3)",19.296624279511033
"(Date(""2025-03-09""), 31)",19.296624279511033
"(Date(""2025-03-09""), 66)",19.296624279511033
"(Date(""2025-03-09""), 17)",19.296624279511033
"(Date(""2025-03-09""), 103)",19.296624279511033
"(Date(""2025-03-10""), 80)",22.770055395320632
"(Date(""2025-03-10""), 6)",22.770055395320632
"(Date(""2025-03-10""), 31)",22.770055395320632
"(Date(""2025-03-10""), 3)",22.770055395320632
"(Date(""2025-03-10""), 66)",22.770055395320632
"(Date(""2025-03-10""), 17)",22.770055395320632
"(Date(""2025-03-10""), 103)",22.770055395320632
"(Date(""2025-03-11""), 80)",20.52729874377943
"(Date(""2025-03-11""), 6)",20.52729874377943
"(Date(""2025-03-11""), 31)",20.52729874377943
"(Date(""2025-03-11""), 3)",20.52729874377943
"(Date(""2025-03-11""), 66)",20.52729874377943
"(Date(""2025-03-11""), 17)",20.52729874377943
"(Date(""2025-03-11""), 103)",20.52729874377943
"(Date(""2025-03-12""), 6)",24.22427951272625
"(Date(""2025-03-12""), 80)",24.22427951272625
"(Date(""2025-03-12""), 3)",24.22427951272625
"(Date(""2025-03-12""), 31)",24.22427951272625
"(Date(""2025-03-12""), 66)",24.22427951272625
"(Date(""2025-03-12""), 17)",24.22427951272625
"(Date(""2025-03-12""), 103)",24.22427951272625
"(Date(""2025-03-13""), 6)",22.944010504618575
"(Date(""2025-03-13""), 3)",22.944010504618575
"(Date(""2025-03-13""), 31)",22.944010504618575
"(Date(""2025-03-13""), 80)",22.944010504618575
"(Date(""2025-03-13""), 66)",22.944010504618575
"(Date(""2025-03-13""), 17)",22.944010504618575
"(Date(""2025-03-13""), 103)",22.944010504618575
"(Date(""2025-03-14""), 6)",26.299403255904387
"(Date(""2025-03-14""), 80)",26.299403255904387
"(Date(""2025-03-14""), 3)",26.299403255904387
"(Date(""2025-03-14""), 31)",26.299403255904387
"(Date(""2025-03-14""), 66)",26.299403255904387
"(Date(""2025-03-14""), 17)",26.299403255904387
"(Date(""2025-03-14""), 103)",26.299403255904387
"(Date(""2025-03-15""), 80)",21.770128806545728
"(Date(""2025-03-15""), 6)",21.770128806545728
"(Date(""2025-03-15""), 3)",21.770128806545728
"(Date(""2025-03-15""), 31)",21.770128806545728
"(Date(""2025-03-15""), 66)",21.770128806545728
"(Date(""2025-03-15""), 17)",21.770128806545728
"(Date(""2025-03-15""), 103)",21.770128806545728
"(Date(""2025-03-16""), 6)",18.27756643613417
"(Date(""2025-03-16""), 80)",18.27756643613417
"(Date(""2025-03-16""), 3)",18.27756643613417
"(Date(""2025-03-16""), 31)",18.27756643613417
"(Date(""2025-03-16""), 66)",18.27756643613417
"(Date(""2025-03-16""), 17)",18.27756643613417
"(Date(""2025-03-16""), 103)",18.27756643613417
"(Date(""2025-03-17""), 6)",18.912258535988588
"(Date(""2025-03-17""), 80)",18.912258535988588
"(Date(""2025-03-17""), 3)",18.912258535988588
"(Date(""2025-03-17""), 31)",18.912258535988588
"(Date(""2025-03-17""), 66)",18.912258535988588
"(Date(""2025-03-17""), 17)",18.912258535988588
"(Date(""2025-03-17""), 103)",18.912258535988588
"(Date(""2025-03-18""), 80)",24.469700199404766
"(Date(""2025-03-18""), 6)",24.469700199404766
"(Date(""2025-03-18""), 3)",24.469700199404766
"(Date(""2025-03-18""), 31)",24.469700199404766
"(Date(""2025-03-18""), 66)",24.469700199404766
"(Date(""2025-03-18""), 17)",24.469700199404766
"(Date(""2025-03-18""), 103)",24.469700199404766
"(Date(""2025-03-19""), 6)",19.521046124111344
"(Date(""2025-03-19""), 80)",19.521046124111344
"(Date(""2025-03-19""), 3)",19.521046124111344
"(Date(""2025-03-19""), 31)",19.521046124111344
"(Date(""2025-03-19""), 66)",19.521046124111344
"(Date(""2025-03-19""), 17)",19.521046124111344
"(Date(""2025-03-19""), 103)",19.521046124111344
"(Date(""2025-03-20""), 80)",16.589530076961687
"(Date(""2025-03-20""), 6)",16.589530076961687
"(Date(""2025-03-20""), 3)",16.589530076961687
"(Date(""2025-03-20""), 31)",16.589530076961687
"(Date(""2025-03-20""), 66)",16.589530076961687
"(Date(""2025-03-20""), 17)",16.589530076961687
"(Date(""2025-03-20""), 103)",16.589530076961687
"(Date(""2025-03-21""), 3)",16.67413711997252
"(Date(""2025-03-21""), 6)",16.67413711997252
"(Date(""2025-03-21""), 80)",16.67413711997252
"(Date(""2025-03-21""), 31)",16.67413711997252
"(Date(""2025-03-21""), 66)",16.67413711997252
"(Date(""2025-03-21""), 17)",16.67413711997252
"(Date(""2025-03-21""), 103)",16.67413711997252
"(Date(""2025-03-22""), 80)",20.01118740896322
"(Date(""2025-03-22""), 6)",20.01118740896322
"(Date(""2025-03-22""), 31)",20.01118740896322
"(Date(""2025-03-22""), 3)",20.01118740896322
"(Date(""2025-03-22""), 66)",20.01118740896322
"(Date(""2025-03-22""), 17)",20.01118740896322
"(Date(""2025-03-22""), 103)",20.01118740896322
"(Date(""2025-03-23""), 6)",20.37047827539545
"(Date(""2025-03-23""), 80)",20.37047827539545
"(Date(""2025-03-23""), 31)",20.37047827539545
"(Date(""2025-03-23""), 3)",20.37047827539545
"(Date(""2025-03-23""), 66)",20.37047827539545
"(Date(""2025-03-23""), 17)",20.37047827539545
"(Date(""2025-03-23""), 103)",20.37047827539545
"(Date(""2025-03-24""), 31)",20.01871447901847
"(Date(""2025-03-24""), 6)",20.01871447901847
"(Date(""2025-03-24""), 80)",20.01871447901847
"(Date(""2025-03-24""), 3)",20.01871447901847
"(Date(""2025-03-24""), 17)",20.01871447901847
"(Date(""2025-03-24""), 103)",20.01871447901847
"(Date(""2025-03-24""), 66)",20.01871447901847
"(Date(""2025-03-25""), 6)",17.363461360639562
"(Date(""2025-03-25""), 80)",17.363461360639562
"(Date(""2025-03-25""), 31)",17.363461360639562
"(Date(""2025-03-25""), 3)",17.363461360639562
"(Date(""2025-03-25""), 66)",17.363461360639562
"(Date(""2025-03-25""), 17)",17.363461360639562
"(Date(""2025-03-25""), 103)",17.363461360639562
"(Date(""2025-03-26""), 6)",18.97374118717179
"(Date(""2025-03-26""), 80)",18.97374118717179
"(Date(""2025-03-26""), 31)",18.97374118717179
"(Date(""2025-03-26""), 3)",18.97374118717179
"(Date(""2025-03-26""), 66)",18.97374118717179
"(Date(""2025-03-26""), 17)",18.97374118717179
"(Date(""2025-03-26""), 103)",18.97374118717179
"(Date(""2025-03-27""), 31)",16.330070799380348
"(Date(""2025-03-27""), 6)",16.330070799380348
"(Date(""2025-03-27""), 80)",16.330070799380348
"(Date(""2025-03-27""), 3)",16.330070799380348
"(Date(""2025-03-27""), 17)",16.330070799380348
"(Date(""2025-03-27""), 103)",16.330070799380348
"(Date(""2025-03-27""), 66)",16.330070799380348
"(Date(""2025-03-28""), 6)",18.207143475133375
"(Date(""2025-03-28""), 80)",18.207143475133375
"(Date(""2025-03-28""), 3)",18.207143475133375
"(Date(""2025-03-28""), 31)",18.207143475133375
"(Date(""2025-03-28""), 66)",18.207143475133375
"(Date(""2025-03-28""), 17)",18.207143475133375
"(Date(""2025-03-28""), 103)",18.207143475133375
"(Date(""2025-03-29""), 80)",13.804162386952125
"(Date(""2025-03-29""), 6)",13.804162386952125
"(Date(""2025-03-29""), 31)",13.804162386952125
"(Date(""2025-03-29""), 3)",13.804162386952125
"(Date(""2025-03-29""), 66)",13.804162386952125
"(Date(""2025-03-29""), 17)",13.804162386952125
"(Date(""2025-03-29""), 103)",13.804162386952125
"(Date(""2025-03-30""), 6)",15.581368186221942
"(Date(""2025-03-30""), 80)",15.581368186221942
"(Date(""2025-03-30""), 31)",15.581368186221942
"(Date(""2025-03-30""), 3)",15.581368186221942
"(Date(""2025-03-30""), 66)",15.581368186221942
"(Date(""2025-03-30""), 17)",15.581368186221942
"(Date(""2025-03-30""), 103)",15.581368186221942
"(Date(""2025-03-31""), 6)",20.366816963053324
"(Date(""2025-03-31""), 80)",20.366816963053324
"(Date(""2025-03-31""), 31)",20.366816963053324
"(Date(""2025-03-31""), 3)",20.366816963053324
"(Date(""2025-03-31""), 66)",20.366816963053324
"(Date(""2025-03-31""), 17)",20.366816963053324
"(Date(""2025-03-31""), 103)",20.366816963053324
"(Date(""2025-04-01""), 80)",15.859947150476515
"(Date(""2025-04-01""), 6)",15.859947150476515
"(Date(""2025-04-01""), 3)",15.859947150476515
"(Date(""2025-04-01""), 31)",15.859947150476515
"(Date(""2025-04-01""), 66)",15.859947150476515
"(Date(""2025-04-01""), 17)",15.859947150476515
"(Date(""2025-04-01""), 103)",15.859947150476515
"(Date(""2025-04-02""), 3)",18.98235369455952
"(Date(""2025-04-02""), 31)",18.98235369455952
"(Date(""2025-04-02""), 6)",18.98235369455952
"(Date(""2025-04-02""), 80)",18.98235369455952
"(Date(""2025-04-02""), 17)",18.98235369455952
"(Date(""2025-04-02""), 103)",18.98235369455952
"(Date(""2025-04-02""), 66)",18.98235369455952
"(Date(""2025-04-03""), 80)",14.655494627359591
"(Date(""2025-04-03""), 3)",14.655494627359591
"(Date(""2025-04-03""), 31)",14.655494627359591
"(Date(""2025-04-03""), 6)",14.655494627359591
"(Date(""2025-04-03""), 66)",14.655494627359591
"(Date(""2025-04-03""), 17)",14.655494627359591
"(Date(""2025-04-03""), 103)",14.655494627359591
"(Date(""2025-04-04""), 6)",16.976234093617318
"(Date(""2025-04-04""), 80)",16.976234093617318
"(Date(""2025-04-04""), 3)",16.976234093617318
"(Date(""2025-04-04""), 31)",16.976234093617318
"(Date(""2025-04-04""), 66)",16.976234093617318
"(Date(""2025-04-04""), 17)",16.976234093617318
"(Date(""2025-04-04""), 103)",16.976234093617318
"(Date(""2025-04-05""), 6)",16.54692057388707
"(Date(""2025-04-05""), 80)",16.54692057388707
"(Date(""2025-04-05""), 3)",16.54692057388707
"(Date(""2025-04-05""), 31)",16.54692057388707
"(Date(""2025-04-05""), 66)",16.54692057388707
"(Date(""2025-04-05""), 17)",16.54692057388707
"(Date(""2025-04-05""), 103)",16.54692057388707
"(Date(""2025-04-06""), 6)",18.83152235742077
"(Date(""2025-04-06""), 80)",18.83152235742077
"(Date(""2025-04-06""), 3)",18.83152235742077
"(Date(""2025-04-06""), 31)",18.83152235742077
"(Date(""2025-04-06""), 66)",18.83152235742077
"(Date(""2025-04-06""), 17)",18.83152235742077
"(Date(""2025-04-06""), 103)",18.83152235742077
"(Date(""2025-04-07""), 6)",22.57269537418306
"(Date(""2025-04-07""), 80)",22.57269537418306
"(Date(""2025-04-07""), 3)",22.57269537418306
"(Date(""2025-04-07""), 31)",22.57269537418306
"(Date(""2025-04-07""), 66)",22.57269537418306
"(Date(""2025-04-07""), 17)",22.57269537418306
"(Date(""2025-04-07""), 103)",22.57269537418306
"(Date(""2025-04-08""), 6)",19.141565374562134
"(Date(""2025-04-08""), 80)",19.141565374562134
"(Date(""2025-04-08""), 3)",19.141565374562134
"(Date(""2025-04-08""), 31)",19.141565374562134
"(Date(""2025-04-08""), 66)",19.141565374562134
"(Date(""2025-04-08""), 17)",19.141565374562134
"(Date(""2025-04-08""), 103)",19.141565374562134
"(Date(""2025-04-09""), 6)",17.239833136888667
"(Date(""2025-04-09""), 80)",17.239833136888667
"(Date(""2025-04-09""), 3)",17.239833136888667
"(Date(""2025-04-09""), 31)",17.239833136888667
"(Date(""2025-04-09""), 66)",17.239833136888667
"(Date(""2025-04-09""), 17)",17.239833136888667
"(Date(""2025-04-09""), 103)",17.239833136888667
"(Date(""2025-04-10""), 3)",22.72048962900692
"(Date(""2025-04-10""), 31)",22.72048962900692
"(Date(""2025-04-10""), 6)",22.72048962900692
"(Date(""2025-04-10""), 80)",22.72048962900692
"(Date(""2025-04-10""), 17)",22.72048962900692
"(Date(""2025-04-10""), 103)",22.72048962900692
"(Date(""2025-04-10""), 66)",22.72048962900692
"(Date(""2025-04-11""), 6)",20.33698504737614
"(Date(""2025-04-11""), 3)",20.33698504737614
"(Date(""2025-04-11""), 31)",20.33698504737614
"(Date(""2025-04-11""), 80)",20.33698504737614
"(Date(""2025-04-11""), 66)",20.33698504737614
"(Date(""2025-04-11""), 17)",20.33698504737614
"(Date(""2025-04-11""), 103)",20.33698504737614
"(Date(""2025-04-12""), 6)",19.807096990330137
"(Date(""2025-04-12""), 3)",19.807096990330137
"(Date(""2025-04-12""), 31)",19.807096990330137
"(Date(""2025-04-12""), 80)",19.807096990330137
"(Date(""2025-04-12""), 66)",19.807096990330137
"(Date(""2025-04-12""), 17)",19.807096990330137
"(Date(""2025-04-12""), 103)",19.807096990330137
"(Date(""2025-04-13""), 6)",20.319036906418752
"(Date(""2025-04-13""), 3)",20.319036906418752
"(Date(""2025-04-13""), 31)",20.319036906418752
"(Date(""2025-04-13""), 80)",20.319036906418752
"(Date(""2025-04-13""), 66)",20.319036906418752
"(Date(""2025-04-13""), 17)",20.319036906418752
"(Date(""2025-04-13""), 103)",20.319036906418752
"(Date(""2025-04-14""), 6)",24.096467957947496
"(Date(""2025-04-14""), 3)",24.096467957947496
"(Date(""2025-04-14""), 31)",24.096467957947496
"(Date(""2025-04-14""), 80)",24.096467957947496
"(Date(""2025-04-14""), 66)",24.096467957947496
"(Date(""2025-04-14""), 17)",24.096467957947496
"(Date(""2025-04-14""), 103)",24.096467957947496
"(Date(""2025-04-15""), 3)",19.68878077890107
"(Date(""2025-04-15""), 31)",19.68878077890107
"(Date(""2025-04-15""), 6)",19.68878077890107
"(Date(""2025-04-15""), 80)",19.68878077890107
"(Date(""2025-04-15""), 66)",19.68878077890107
"(Date(""2025-04-15""), 17)",19.68878077890107
"(Date(""2025-04-15""), 103)",19.68878077890107
"(Date(""2025-04-16""), 3)",14.891889105907412
"(Date(""2025-04-16""), 31)",14.891889105907412
"(Date(""2025-04-16""), 6)",14.891889105907412
"(Date(""2025-04-16""), 80)",14.891889105907412
"(Date(""2025-04-16""), 17)",14.891889105907412
"(Date(""2025-04-16""), 103)",14.891889105907412
"(Date(""2025-04-16""), 66)",14.891889105907412
"(Date(""2025-04-17""), 6)",14.873159147655697
"(Date(""2025-04-17""), 3)",14.873159147655697
"(Date(""2025-04-17""), 31)",14.873159147655697
"(Date(""2025-04-17""), 80)",14.873159147655697
"(Date(""2025-04-17""), 66)",14.873159147655697
"(Date(""2025-04-17""), 17)",14.873159147655697
"(Date(""2025-04-17""), 103)",14.873159147655697
"(Date(""2025-04-18""), 6)",23.11376096865999
"(Date(""2025-04-18""), 3)",23.11376096865999
"(Date(""2025-04-18""), 31)",23.11376096865999
"(Date(""2025-04-18""), 80)",23.11376096865999
"(Date(""2025-04-18""), 17)",23.11376096865999
"(Date(""2025-04-18""), 103)",23.11376096865999
"(Date(""2025-04-18""), 66)",23.11376096865999
"(Date(""2025-04-19""), 6)",19.055071439797253
"(Date(""2025-04-19""), 3)",19.055071439797253
"(Date(""2025-04-19""), 31)",19.055071439797253
"(Date(""2025-04-19""), 80)",19.055071439797253
"(Date(""2025-04-19""), 66)",19.055071439797253
"(Date(""2025-04-19""), 17)",19.055071439797253
"(Date(""2025-04-19""), 103)",19.055071439797253
"(Date(""2025-04-20""), 3)",13.846670317224628
"(Date(""2025-04-20""), 31)",13.846670317224628
"(Date(""2025-04-20""), 6)",13.846670317224628
"(Date(""2025-04-20""), 80)",13.846670317224628
"(Date(""2025-04-20""), 17)",13.846670317224628
"(Date(""2025-04-20""), 103)",13.846670317224628
"(Date(""2025-04-20""), 66)",13.846670317224628
"(Date(""2025-04-21""), 3)",20.851635877280064
"(Date(""2025-04-21""), 31)",20.851635877280064
"(Date(""2025-04-21""), 6)",20.851635877280064
"(Date(""2025-04-21""), 80)",20.851635877280064
"(Date(""2025-04-21""), 66)",20.851635877280064
"(Date(""2025-04-21""), 17)",20.851635877280064
"(Date(""2025-04-21""), 103)",20.851635877280064
"(Date(""2025-04-22""), 3)",16.166679089778867
"(Date(""2025-04-22""), 31)",16.166679089778867
"(Date(""2025-04-22""), 6)",16.166679089778867
"(Date(""2025-04-22""), 80)",16.166679089778867
"(Date(""2025-04-22""), 17)",16.166679089778867
"(Date(""2025-04-22""), 103)",16.166679089778867
"(Date(""2025-04-22""), 66)",16.166679089778867
"(Date(""2025-04-23""), 3)",16.193956984093845
"(Date(""2025-04-23""), 31)",16.193956984093845
"(Date(""2025-04-23""), 6)",16.193956984093845
"(Date(""2025-04-23""), 80)",16.193956984093845
"(Date(""2025-04-23""), 17)",16.193956984093845
"(Date(""2025-04-23""), 103)",16.193956984093845
"(Date(""2025-04-23""), 66)",16.193956984093845
"(Date(""2025-04-24""), 6)",23.587579927988575
"(Date(""2025-04-24""), 3)",23.587579927988575
"(Date(""2025-04-24""), 31)",23.587579927988575
"(Date(""2025-04-24""), 80)",23.587579927988575
"(Date(""2025-04-24""), 66)",23.587579927988575
"(Date(""2025-04-24""), 17)",23.587579927988575
"(Date(""2025-04-24""), 103)",23.587579927988575
"(Date(""2025-04-25""), 3)",17.443978742483658
"(Date(""2025-04-25""), 31)",17.443978742483658
"(Date(""2025-04-25""), 6)",17.443978742483658
"(Date(""2025-04-25""), 80)",17.443978742483658
"(Date(""2025-04-25""), 17)",17.443978742483658
"(Date(""2025-04-25""), 103)",17.443978742483658
"(Date(""2025-04-25""), 66)",17.443978742483658
"(Date(""2025-04-26""), 3)",18.072435977975864
"(Date(""2025-04-26""), 31)",18.072435977975864
"(Date(""2025-04-26""), 6)",18.072435977975864
"(Date(""2025-04-26""), 80)",18.072435977975864
"(Date(""2025-04-26""), 17)",18.072435977975864
"(Date(""2025-04-26""), 103)",18.072435977975864
"(Date(""2025-04-26""), 66)",18.072435977975864
"(Date(""2025-04-27""), 3)",18.713167293788107
"(Date(""2025-04-27""), 6)",18.713167293788107
"(Date(""2025-04-27""), 31)",18.713167293788107
"(Date(""2025-04-27""), 80)",18.713167293788107
"(Date(""2025-04-27""), 17)",18.713167293788107
"(Date(""2025-04-27""), 103)",18.713167293788107
"(Date(""2025-04-27""), 66)",18.713167293788107
"(Date(""2025-04-28""), 3)",19.33046045397319
"(Date(""2025-04-28""), 31)",19.33046045397319
"(Date(""2025-04-28""), 6)",19.33046045397319
"(Date(""2025-04-28""), 80)",19.33046045397319
"(Date(""2025-04-28""), 17)",19.33046045397319
"(Date(""2025-04-28""), 103)",19.33046045397319
"(Date(""2025-04-28""), 66)",19.33046045397319
"(Date(""2025-04-29""), 3)",19.981887309424195
"(Date(""2025-04-29""), 31)",19.981887309424195
"(Date(""2025-04-29""), 6)",19.981887309424195
"(Date(""2025-04-29""), 80)",19.981887309424195
"(Date(""2025-04-29""), 17)",19.981887309424195
"(Date(""2025-04-29""), 103)",19.981887309424195
"(Date(""2025-04-29""), 66)",19.981887309424195
"(Date(""2025-04-30""), 3)",17.615932255091774
"(Date(""2025-04-30""), 31)",17.615932255091774
"(Date(""2025-04-30""), 6)",17.615932255091774
"(Date(""2025-04-30""), 80)",17.615932255091774
"(Date(""2025-04-30""), 17)",17.615932255091774
"(Date(""2025-04-30""), 103)",17.615932255091774
"(Date(""2025-04-30""), 66)",17.615932255091774
"(Date(""2025-05-01""), 3)",22.489349881138047
"(Date(""2025-05-01""), 31)",22.489349881138047
"(Date(""2025-05-01""), 6)",22.489349881138047
"(Date(""2025-05-01""), 80)",22.489349881138047
"(Date(""2025-05-01""), 17)",22.489349881138047
"(Date(""2025-05-01""), 103)",22.489349881138047
"(Date(""2025-05-01""), 66)",22.489349881138047
"(Date(""2025-05-02""), 3)",17.062483709522404
"(Date(""2025-05-02""), 31)",17.062483709522404
"(Date(""2025-05-02""), 6)",17.062483709522404
"(Date(""2025-05-02""), 80)",17.062483709522404
"(Date(""2025-05-02""), 17)",17.062483709522404
"(Date(""2025-05-02""), 103)",17.062483709522404
"(Date(""2025-05-02""), 66)",17.062483709522404
"(Date(""2025-05-03""), 3)",24.682183388953025
"(Date(""2025-05-03""), 31)",24.682183388953025
"(Date(""2025-05-03""), 6)",24.682183388953025
"(Date(""2025-05-03""), 80)",24.682183388953025
"(Date(""2025-05-03""), 17)",24.682183388953025
"(Date(""2025-05-03""), 103)",24.682183388953025
"(Date(""2025-05-03""), 66)",24.682183388953025
"(Date(""2025-05-04""), 3)",25.646784738919386
"(Date(""2025-05-04""), 31)",25.646784738919386
"(Date(""2025-05-04""), 6)",25.646784738919386
"(Date(""2025-05-04""), 80)",25.646784738919386
"(Date(""2025-05-04""), 17)",25.646784738919386
"(Date(""2025-05-04""), 103)",25.646784738919386
"(Date(""2025-05-04""), 66)",25.646784738919386
"(Date(""2025-05-05""), 3)",13.822252102725127
"(Date(""2025-05-05""), 31)",13.822252102725127
"(Date(""2025-05-05""), 6)",13.822252102725127
"(Date(""2025-05-05""), 80)",13.822252102725127
"(Date(""2025-05-05""), 17)",13.822252102725127
"(Date(""2025-05-05""), 103)",13.822252102725127
"(Date(""2025-05-05""), 66)",13.822252102725127
"(Date(""2025-05-06""), 3)",18.614154005387896
"(Date(""2025-05-06""), 31)",18.614154005387896
"(Date(""2025-05-06""), 6)",18.614154005387896
"(Date(""2025-05-06""), 80)",18.614154005387896
"(Date(""2025-05-06""), 17)",18.614154005387896
"(Date(""2025-05-06""), 103)",18.614154005387896
"(Date(""2025-05-06""), 66)",18.614154005387896
"(Date(""2025-05-07""), 3)",19.803217662095292
"(Date(""2025-05-07""), 31)",19.803217662095292
"(Date(""2025-05-07""), 6)",19.803217662095292
"(Date(""2025-05-07""), 80)",19.803217662095292
"(Date(""2025-05-07""), 103)",19.803217662095292
"(Date(""2025-05-07""), 66)",19.803217662095292
"(Date(""2025-05-07""), 17)",19.803217662095292
"(Date(""2025-05-08""), 3)",17.271529405451954
"(Date(""2025-05-08""), 31)",17.271529405451954
"(Date(""2025-05-08""), 6)",17.271529405451954
"(Date(""2025-05-08""), 80)",17.271529405451954
"(Date(""2025-05-08""), 103)",17.271529405451954
"(Date(""2025-05-08""), 66)",17.271529405451954
"(Date(""2025-05-08""), 17)",17.271529405451954
"(Date(""2025-05-09""), 3)",15.313895379327912
"(Date(""2025-05-09""), 31)",15.313895379327912
"(Date(""2025-05-09""), 6)",15.313895379327912
"(Date(""2025-05-09""), 80)",15.313895379327912
"(Date(""2025-05-09""), 66)",15.313895379327912
"(Date(""2025-05-09""), 103)",15.313895379327912
"(Date(""2025-05-09""), 17)",15.313895379327912
"(Date(""2025-05-10""), 3)",21.821226575517258
"(Date(""2025-05-10""), 31)",21.821226575517258
"(Date(""2025-05-10""), 6)",21.821226575517258
"(Date(""2025-05-10""), 80)",21.821226575517258
"(Date(""2025-05-10""), 103)",21.821226575517258
"(Date(""2025-05-10""), 66)",21.821226575517258
"(Date(""2025-05-10""), 17)",21.821226575517258
"(Date(""2025-05-11""), 3)",18.95869092946797
"(Date(""2025-05-11""), 31)",18.95869092946797
"(Date(""2025-05-11""), 6)",18.95869092946797
"(Date(""2025-05-11""), 80)",18.95869092946797
"(Date(""2025-05-11""), 103)",18.95869092946797
"(Date(""2025-05-11""), 66)",18.95869092946797
"(Date(""2025-05-11""), 17)",18.95869092946797
"(Date(""2025-05-12""), 3)",21.99955346858235
"(Date(""2025-05-12""), 31)",21.99955346858235
"(Date(""2025-05-12""), 6)",21.99955346858235
"(Date(""2025-05-12""), 80)",21.99955346858235
"(Date(""2025-05-12""), 103)",21.99955346858235
"(Date(""2025-05-12""), 66)",21.99955346858235
"(Date(""2025-05-12""), 17)",21.99955346858235
"(Date(""2025-05-13""), 3)",19.343971388993502
"(Date(""2025-05-13""), 31)",19.343971388993502
"(Date(""2025-05-13""), 6)",19.343971388993502
"(Date(""2025-05-13""), 80)",19.343971388993502
"(Date(""2025-05-13""), 103)",19.343971388993502
"(Date(""2025-05-13""), 66)",19.343971388993502
"(Date(""2025-05-13""), 17)",19.343971388993502
"(Date(""2025-05-14""), 3)",22.93621489014956
"(Date(""2025-05-14""), 31)",22.93621489014956
"(Date(""2025-05-14""), 6)",22.93621489014956
"(Date(""2025-05-14""), 80)",22.93621489014956
"(Date(""2025-05-14""), 103)",22.93621489014956
"(Date(""2025-05-14""), 66)",22.93621489014956
"(Date(""2025-05-14""), 17)",22.93621489014956
"(Date(""2025-05-15""), 3)",25.118107510822927
"(Date(""2025-05-15""), 31)",25.118107510822927
"(Date(""2025-05-15""), 6)",25.118107510822927
"(Date(""2025-05-15""), 80)",25.118107510822927
"(Date(""2025-05-15""), 103)",25.118107510822927
"(Date(""2025-05-15""), 66)",25.118107510822927
"(Date(""2025-05-15""), 17)",25.118107510822927
"(Date(""2025-05-16""), 3)",24.593200624758694
"(Date(""2025-05-16""), 31)",24.593200624758694
"(Date(""2025-05-16""), 6)",24.593200624758694
"(Date(""2025-05-16""), 80)",24.593200624758694
"(Date(""2025-05-16""), 103)",24.593200624758694
"(Date(""2025-05-16""), 66)",24.593200624758694
"(Date(""2025-05-16""), 17)",24.593200624758694
"(Date(""2025-05-17""), 3)",22.104772378588063
"(Date(""2025-05-17""), 31)",22.104772378588063
"(Date(""2025-05-17""), 6)",22.104772378588063
"(Date(""2025-05-17""), 80)",22.104772378588063
"(Date(""2025-05-17""), 103)",22.104772378588063
"(Date(""2025-05-17""), 66)",22.104772378588063
"(Date(""2025-05-17""), 17)",22.104772378588063
"(Date(""2025-05-18""), 3)",20.603184700246043
"(Date(""2025-05-18""), 31)",20.603184700246043
"(Date(""2025-05-18""), 6)",20.603184700246043
"(Date(""2025-05-18""), 80)",20.603184700246043
"(Date(""2025-05-18""), 103)",20.603184700246043
"(Date(""2025-05-18""), 66)",20.603184700246043
"(Date(""2025-05-18""), 17)",20.603184700246043
"(Date(""2025-05-19""), 3)",19.11659289969655
"(Date(""2025-05-19""), 31)",19.11659289969655
"(Date(""2025-05-19""), 6)",19.11659289969655
"(Date(""2025-05-19""), 80)",19.11659289969655
"(Date(""2025-05-19""), 103)",19.11659289969655
"(Date(""2025-05-19""), 66)",19.11659289969655
"(Date(""2025-05-19""), 17)",19.11659289969655
"(Date(""2025-05-20""), 3)",20.346968146881647
"(Date(""2025-05-20""), 31)",20.346968146881647
"(Date(""2025-05-20""), 6)",20.346968146881647
"(Date(""2025-05-20""), 80)",20.346968146881647
"(Date(""2025-05-20""), 103)",20.346968146881647
"(Date(""2025-05-20""), 66)",20.346968146881647
"(Date(""2025-05-20""), 17)",20.346968146881647
"(Date(""2025-05-21""), 3)",18.17264503477756
"(Date(""2025-05-21""), 31)",18.17264503477756
"(Date(""2025-05-21""), 6)",18.17264503477756
"(Date(""2025-05-21""), 80)",18.17264503477756
"(Date(""2025-05-21""), 103)",18.17264503477756
"(Date(""2025-05-21""), 66)",18.17264503477756
"(Date(""2025-05-21""), 17)",18.17264503477756
"(Date(""2025-05-22""), 3)",17.458225514075856
"(Date(""2025-05-22""), 31)",17.458225514075856
"(Date(""2025-05-22""), 6)",17.458225514075856
"(Date(""2025-05-22""), 80)",17.458225514075856
"(Date(""2025-05-22""), 103)",17.458225514075856
"(Date(""2025-05-22""), 66)",17.458225514075856
"(Date(""2025-05-22""), 17)",17.458225514075856
"(Date(""2025-05-23""), 3)",19.458777958373496
"(Date(""2025-05-23""), 31)",19.458777958373496
"(Date(""2025-05-23""), 6)",19.458777958373496
"(Date(""2025-05-23""), 80)",19.458777958373496
"(Date(""2025-05-23""), 103)",19.458777958373496
"(Date(""2025-05-23""), 66)",19.458777958373496
"(Date(""2025-05-23""), 17)",19.458777958373496
"(Date(""2025-05-24""), 3)",23.972760441600638
"(Date(""2025-05-24""), 31)",23.972760441600638
"(Date(""2025-05-24""), 6)",23.972760441600638
"(Date(""2025-05-24""), 80)",23.972760441600638
"(Date(""2025-05-24""), 103)",23.972760441600638
"(Date(""2025-05-24""), 66)",23.972760441600638
"(Date(""2025-05-24""), 17)",23.972760441600638
"(Date(""2025-05-25""), 3)",22.79375233915171
"(Date(""2025-05-25""), 31)",22.79375233915171
"(Date(""2025-05-25""), 6)",22.79375233915171
"(Date(""2025-05-25""), 80)",22.79375233915171
"(Date(""2025-05-25""), 103)",22.79375233915171
"(Date(""2025-05-25""), 66)",22.79375233915171
"(Date(""2025-05-25""), 17)",22.79375233915171
"(Date(""2025-05-26""), 3)",22.95259369890978
"(Date(""2025-05-26""), 31)",22.95259369890978
"(Date(""2025-05-26""), 6)",22.95259369890978
"(Date(""2025-05-26""), 80)",22.95259369890978
"(Date(""2025-05-26""), 103)",22.95259369890978
"(Date(""2025-05-26""), 66)",22.95259369890978
"(Date(""2025-05-26""), 17)",22.95259369890978
"(Date(""2025-05-27""), 3)",22.168448442671497
"(Date(""2025-05-27""), 31)",22.168448442671497
"(Date(""2025-05-27""), 6)",22.168448442671497
"(Date(""2025-05-27""), 80)",22.168448442671497
"(Date(""2025-05-27""), 103)",22.168448442671497
"(Date(""2025-05-27""), 66)",22.168448442671497
"(Date(""2025-05-27""), 17)",22.168448442671497
"(Date(""2025-05-28""), 3)",26.311210704353947
"(Date(""2025-05-28""), 31)",26.311210704353947
"(Date(""2025-05-28""), 6)",26.311210704353947
"(Date(""2025-05-28""), 80)",26.311210704353947
"(Date(""2025-05-28""), 17)",26.311210704353947
"(Date(""2025-05-28""), 103)",26.311210704353947
"(Date(""2025-05-28""), 66)",26.311210704353947
"(Date(""2025-05-29""), 3)",22.108771581479463
"(Date(""2025-05-29""), 31)",22.108771581479463
"(Date(""2025-05-29""), 6)",22.108771581479463
"(Date(""2025-05-29""), 80)",22.108771581479463
"(Date(""2025-05-29""), 17)",22.108771581479463
"(Date(""2025-05-29""), 103)",22.108771581479463
"(Date(""2025-05-29""), 66)",22.108771581479463
"(Date(""2025-05-30""), 3)",21.34553138139539
"(Date(""2025-05-30""), 31)",21.34553138139539
"(Date(""2025-05-30""), 6)",21.34553138139539
"(Date(""2025-05-30""), 80)",21.34553138139539
"(Date(""2025-05-30""), 17)",21.34553138139539
"(Date(""2025-05-30""), 66)",21.34553138139539
"(Date(""2025-05-30""), 103)",21.34553138139539
"(Date(""2025-05-31""), 3)",21.981686140956597
"(Date(""2025-05-31""), 31)",21.981686140956597
"(Date(""2025-05-31""), 6)",21.981686140956597
"(Date(""2025-05-31""), 80)",21.981686140956597
"(Date(""2025-05-31""), 17)",21.981686140956597
"(Date(""2025-05-31""), 66)",21.981686140956597
"(Date(""2025-05-31""), 103)",21.981686140956597
"(Date(""2025-06-01""), 31)",17.16184783004782
"(Date(""2025-06-01""), 3)",17.16184783004782
"(Date(""2025-06-01""), 6)",17.16184783004782
"(Date(""2025-06-01""), 80)",17.16184783004782
"(Date(""2025-06-01""), 17)",17.16184783004782
"(Date(""2025-06-01""), 66)",17.16184783004782
"(Date(""2025-06-01""), 103)",17.16184783004782
"(Date(""2025-06-02""), 6)",18.146334272149254
"(Date(""2025-06-02""), 3)",18.146334272149254
"(Date(""2025-06-02""), 31)",18.146334272149254
"(Date(""2025-06-02""), 80)",18.146334272149254
"(Date(""2025-06-02""), 17)",18.146334272149254
"(Date(""2025-06-02""), 66)",18.146334272149254
"(Date(""2025-06-02""), 103)",18.146334272149254
"(Date(""2025-06-03""), 6)",22.196983583108974
"(Date(""2025-06-03""), 3)",22.196983583108974
"(Date(""2025-06-03""), 31)",22.196983583108974
"(Date(""2025-06-03""), 80)",22.196983583108974
"(Date(""2025-06-03""), 17)",22.196983583108974
"(Date(""2025-06-03""), 66)",22.196983583108974
"(Date(""2025-06-03""), 103)",22.196983583108974
"(Date(""2025-06-04""), 6)",20.255659986210567
"(Date(""2025-06-04""), 3)",20.255659986210567
"(Date(""2025-06-04""), 31)",20.255659986210567
"(Date(""2025-06-04""), 80)",20.255659986210567
"(Date(""2025-06-04""), 17)",20.255659986210567
"(Date(""2025-06-04""), 66)",20.255659986210567
"(Date(""2025-06-04""), 103)",20.255659986210567
"(Date(""2025-06-05""), 3)",20.809163639441206
"(Date(""2025-06-05""), 31)",20.809163639441206
"(Date(""2025-06-05""), 6)",20.809163639441206
"(Date(""2025-06-05""), 80)",20.809163639441206
"(Date(""2025-06-05""), 17)",20.809163639441206
"(Date(""2025-06-05""), 66)",20.809163639441206
"(Date(""2025-06-05""), 103)",20.809163639441206
"(Date(""2025-06-06""), 3)",25.06074592795132
"(Date(""2025-06-06""), 31)",25.06074592795132
"(Date(""2025-06-06""), 6)",25.06074592795132
"(Date(""2025-06-06""), 80)",25.06074592795132
"(Date(""2025-06-06""), 17)",25.06074592795132
"(Date(""2025-06-06""), 66)",25.06074592795132
"(Date(""2025-06-06""), 103)",25.06074592795132
"(Date(""2025-06-07""), 6)",21.39929253108403
"(Date(""2025-06-07""), 3)",21.39929253108403
"(Date(""2025-06-07""), 31)",21.39929253108403
"(Date(""2025-06-07""), 80)",21.39929253108403
"(Date(""2025-06-07""), 17)",21.39929253108403
"(Date(""2025-06-07""), 66)",21.39929253108403
"(Date(""2025-06-07""), 103)",21.39929253108403
"(Date(""2025-06-08""), 6)",21.596925357623732
"(Date(""2025-06-08""), 3)",21.596925357623732
"(Date(""2025-06-08""), 31)",21.596925357623732
"(Date(""2025-06-08""), 80)",21.596925357623732
"(Date(""2025-06-08""), 17)",21.596925357623732
"(Date(""2025-06-08""), 66)",21.596925357623732
"(Date(""2025-06-08""), 103)",21.596925357623732
"(Date(""2025-06-09""), 6)",16.041805732998693
"(Date(""2025-06-09""), 3)",16.041805732998693
"(Date(""2025-06-09""), 31)",16.041805732998693
"(Date(""2025-06-09""), 80)",16.041805732998693
"(Date(""2025-06-09""), 17)",16.041805732998693
"(Date(""2025-06-09""), 66)",16.041805732998693
"(Date(""2025-06-09""), 103)",16.041805732998693
"(Date(""2025-06-10""), 3)",17.66131419766157
"(Date(""2025-06-10""), 31)",17.66131419766157
"(Date(""2025-06-10""), 6)",17.66131419766157
"(Date(""2025-06-10""), 80)",17.66131419766157
"(Date(""2025-06-10""), 17)",17.66131419766157
"(Date(""2025-06-10""), 66)",17.66131419766157
"(Date(""2025-06-10""), 103)",17.66131419766157
"(Date(""2025-06-11""), 3)",16.300029457575036
"(Date(""2025-06-11""), 31)",16.300029457575036
"(Date(""2025-06-11""), 6)",16.300029457575036
"(Date(""2025-06-11""), 80)",16.300029457575036
"(Date(""2025-06-11""), 17)",16.300029457575036
"(Date(""2025-06-11""), 66)",16.300029457575036
"(Date(""2025-06-11""), 103)",16.300029457575036
"(Date(""2025-06-12""), 6)",18.459746328238253
"(Date(""2025-06-12""), 31)",18.459746328238253
"(Date(""2025-06-12""), 3)",18.459746328238253
"(Date(""2025-06-12""), 80)",18.459746328238253
"(Date(""2025-06-12""), 17)",18.459746328238253
"(Date(""2025-06-12""), 66)",18.459746328238253
"(Date(""2025-06-12""), 103)",18.459746328238253
"(Date(""2025-06-13""), 3)",23.318255446949337
"(Date(""2025-06-13""), 6)",23.318255446949337
"(Date(""2025-06-13""), 31)",23.318255446949337
"(Date(""2025-06-13""), 80)",23.318255446949337
"(Date(""2025-06-13""), 17)",23.318255446949337
"(Date(""2025-06-13""), 66)",23.318255446949337
"(Date(""2025-06-13""), 103)",23.318255446949337
"(Date(""2025-06-14""), 3)",21.523547286736026
"(Date(""2025-06-14""), 31)",21.523547286736026
"(Date(""2025-06-14""), 6)",21.523547286736026
"(Date(""2025-06-14""), 80)",21.523547286736026
"(Date(""2025-06-14""), 17)",21.523547286736026
"(Date(""2025-06-14""), 66)",21.523547286736026
"(Date(""2025-06-14""), 103)",21.523547286736026
"(Date(""2025-06-15""), 3)",25.755139656847888
"(Date(""2025-06-15""), 31)",25.755139656847888
"(Date(""2025-06-15""), 6)",25.755139656847888
"(Date(""2025-06-15""), 80)",25.755139656847888
"(Date(""2025-06-15""), 17)",25.755139656847888
"(Date(""2025-06-15""), 66)",25.755139656847888
"(Date(""2025-06-15""), 103)",25.755139656847888
"(Date(""2025-06-16""), 3)",24.311123930438917
"(Date(""2025-06-16""), 6)",24.311123930438917
"(Date(""2025-06-16""), 31)",24.311123930438917
"(Date(""2025-06-16""), 80)",24.311123930438917
"(Date(""2025-06-16""), 17)",24.311123930438917
"(Date(""2025-06-16""), 66)",24.311123930438917
"(Date(""2025-06-16""), 103)",24.311123930438917
"(Date(""2025-06-17""), 3)",20.353520187738596
"(Date(""2025-06-17""), 6)",20.353520187738596
"(Date(""2025-06-17""), 31)",20.353520187738596
"(Date(""2025-06-17""), 80)",20.353520187738596
"(Date(""2025-06-17""), 17)",20.353520187738596
"(Date(""2025-06-17""), 66)",20.353520187738596
"(Date(""2025-06-17""), 103)",20.353520187738596
"(Date(""2025-06-18""), 3)",21.35246225649241
"(Date(""2025-06-18""), 31)",21.35246225649241
"(Date(""2025-06-18""), 6)",21.35246225649241
"(Date(""2025-06-18""), 80)",21.35246225649241
"(Date(""2025-06-18""), 17)",21.35246225649241
"(Date(""2025-06-18""), 66)",21.35246225649241
"(Date(""2025-06-18""), 103)",21.35246225649241
"(Date(""2025-06-19""), 3)",22.71801956442737
"(Date(""2025-06-19""), 31)",22.71801956442737
"(Date(""2025-06-19""), 6)",22.71801956442737
"(Date(""2025-06-19""), 80)",22.71801956442737
"(Date(""2025-06-19""), 17)",22.71801956442737
"(Date(""2025-06-19""), 66)",22.71801956442737
"(Date(""2025-06-19""), 103)",22.71801956442737
"(Date(""2025-06-20""), 31)",17.559961966246984
"(Date(""2025-06-20""), 3)",17.559961966246984
"(Date(""2025-06-20""), 6)",17.559961966246984
"(Date(""2025-06-20""), 80)",17.559961966246984
"(Date(""2025-06-20""), 17)",17.559961966246984
"(Date(""2025-06-20""), 66)",17.559961966246984
"(Date(""2025-06-20""), 103)",17.559961966246984
"(Date(""2025-06-21""), 3)",22.118036639793665
"(Date(""2025-06-21""), 31)",22.118036639793665
"(Date(""2025-06-21""), 6)",22.118036639793665
"(Date(""2025-06-21""), 80)",22.118036639793665
"(Date(""2025-06-21""), 17)",22.118036639793665
"(Date(""2025-06-21""), 66)",22.118036639793665
"(Date(""2025-06-21""), 103)",22.118036639793665
"(Date(""2025-06-22""), 3)",18.96194440782854
"(Date(""2025-06-22""), 31)",18.96194440782854
"(Date(""2025-06-22""), 6)",18.96194440782854
"(Date(""2025-06-22""), 80)",18.96194440782854
"(Date(""2025-06-22""), 17)",18.96194440782854
"(Date(""2025-06-22""), 66)",18.96194440782854
"(Date(""2025-06-22""), 103)",18.96194440782854
"(Date(""2025-06-23""), 3)",18.18242683908833
"(Date(""2025-06-23""), 31)",18.18242683908833
"(Date(""2025-06-23""), 6)",18.18242683908833
"(Date(""2025-06-23""), 80)",18.18242683908833
"(Date(""2025-06-23""), 17)",18.18242683908833
"(Date(""2025-06-23""), 66)",18.18242683908833
"(Date(""2025-06-23""), 103)",18.18242683908833
"(Date(""2025-06-24""), 31)",16.779215014084834
"(Date(""2025-06-24""), 3)",16.779215014084834
"(Date(""2025-06-24""), 6)",16.779215014084834
"(Date(""2025-06-24""), 80)",16.779215014084834
"(Date(""2025-06-24""), 17)",16.779215014084834
"(Date(""2025-06-24""), 66)",16.779215014084834
"(Date(""2025-06-24""), 103)",16.779215014084834
"(Date(""2025-06-25""), 31)",20.698152491053797
"(Date(""2025-06-25""), 3)",20.698152491053797
"(Date(""2025-06-25""), 6)",20.698152491053797
"(Date(""2025-06-25""), 80)",20.698152491053797
"(Date(""2025-06-25""), 17)",20.698152491053797
"(Date(""2025-06-25""), 66)",20.698152491053797
"(Date(""2025-06-25""), 103)",20.698152491053797
"(Date(""2025-06-26""), 31)",19.863966421430863
"(Date(""2025-06-26""), 3)",19.863966421430863
"(Date(""2025-06-26""), 6)",19.863966421430863
"(Date(""2025-06-26""), 80)",19.863966421430863
"(Date(""2025-06-26""), 17)",19.863966421430863
"(Date(""2025-06-26""), 103)",19.863966421430863
"(Date(""2025-06-26""), 66)",19.863966421430863
"(Date(""2025-06-27""), 3)",20.260178383744584
"(Date(""2025-06-27""), 31)",20.260178383744584
"(Date(""2025-06-27""), 6)",20.260178383744584
"(Date(""2025-06-27""), 80)",20.260178383744584
"(Date(""2025-06-27""), 17)",20.260178383744584
"(Date(""2025-06-27""), 103)",20.260178383744584
"(Date(""2025-06-27""), 66)",20.260178383744584
"(Date(""2025-06-28""), 3)",22.60968316707736
"(Date(""2025-06-28""), 31)",22.60968316707736
"(Date(""2025-06-28""), 6)",22.60968316707736
"(Date(""2025-06-28""), 80)",22.60968316707736
"(Date(""2025-06-28""), 17)",22.60968316707736
"(Date(""2025-06-28""), 103)",22.60968316707736
"(Date(""2025-06-28""), 66)",22.60968316707736
"(Date(""2025-06-29""), 3)",18.180706253554206
"(Date(""2025-06-29""), 31)",18.180706253554206
"(Date(""2025-06-29""), 6)",18.180706253554206
"(Date(""2025-06-29""), 80)",18.180706253554206
"(Date(""2025-06-29""), 17)",18.180706253554206
"(Date(""2025-06-29""), 103)",18.180706253554206
"(Date(""2025-06-29""), 66)",18.180706253554206
"(Date(""2025-06-30""), 3)",23.922806572440006
"(Date(""2025-06-30""), 31)",23.922806572440006
"(Date(""2025-06-30""), 6)",23.922806572440006
"(Date(""2025-06-30""), 80)",23.922806572440006
"(Date(""2025-06-30""), 17)",23.922806572440006
"(Date(""2025-06-30""), 103)",23.922806572440006
"(Date(""2025-06-30""), 66)",23.922806572440006
"(Date(""2025-07-01""), 3)",20.971215579234944
"(Date(""2025-07-01""), 31)",20.971215579234944
"(Date(""2025-07-01""), 6)",20.971215579234944
"(Date(""2025-07-01""), 80)",20.971215579234944
"(Date(""2025-07-01""), 103)",20.971215579234944
"(Date(""2025-07-01""), 17)",20.971215579234944
"(Date(""2025-07-01""), 66)",20.971215579234944
"(Date(""2025-07-02""), 31)",18.863990588887866
"(Date(""2025-07-02""), 3)",18.863990588887866
"(Date(""2025-07-02""), 6)",18.863990588887866
"(Date(""2025-07-02""), 80)",18.863990588887866
"(Date(""2025-07-02""), 17)",18.863990588887866
"(Date(""2025-07-02""), 103)",18.863990588887866
"(Date(""2025-07-02""), 66)",18.863990588887866
"(Date(""2025-07-03""), 31)",21.305138875990735
"(Date(""2025-07-03""), 3)",21.305138875990735
"(Date(""2025-07-03""), 6)",21.305138875990735
"(Date(""2025-07-03""), 80)",21.305138875990735
"(Date(""2025-07-03""), 17)",21.305138875990735
"(Date(""2025-07-03""), 103)",21.305138875990735
"(Date(""2025-07-03""), 66)",21.305138875990735
"(Date(""2025-07-04""), 31)",20.84479227383614
"(Date(""2025-07-04""), 3)",20.84479227383614
"(Date(""2025-07-04""), 6)",20.84479227383614
"(Date(""2025-07-04""), 80)",20.84479227383614
"(Date(""2025-07-04""), 17)",20.84479227383614
"(Date(""2025-07-04""), 103)",20.84479227383614
"(Date(""2025-07-04""), 66)",20.84479227383614
"(Date(""2025-07-05""), 31)",21.796922367300745
"(Date(""2025-07-05""), 3)",21.796922367300745
"(Date(""2025-07-05""), 6)",21.796922367300745
"(Date(""2025-07-05""), 80)",21.796922367300745
"(Date(""2025-07-05""), 17)",21.796922367300745
"(Date(""2025-07-05""), 103)",21.796922367300745
"(Date(""2025-07-05""), 66)",21.796922367300745
"(Date(""2025-07-06""), 3)",19.597382779623114
"(Date(""2025-07-06""), 31)",19.597382779623114
"(Date(""2025-07-06""), 6)",19.597382779623114
"(Date(""2025-07-06""), 80)",19.597382779623114
"(Date(""2025-07-06""), 17)",19.597382779623114
"(Date(""2025-07-06""), 103)",19.597382779623114
"(Date(""2025-07-06""), 66)",19.597382779623114
"(Date(""2025-07-07""), 31)",16.787259854299286
"(Date(""2025-07-07""), 6)",16.787259854299286
"(Date(""2025-07-07""), 3)",16.787259854299286
"(Date(""2025-07-07""), 80)",16.787259854299286
"(Date(""2025-07-07""), 17)",16.787259854299286
"(Date(""2025-07-07""), 103)",16.787259854299286
"(Date(""2025-07-07""), 66)",16.787259854299286
"(Date(""2025-07-08""), 31)",25.053521687202238
"(Date(""2025-07-08""), 3)",25.053521687202238
"(Date(""2025-07-08""), 6)",25.053521687202238
"(Date(""2025-07-08""), 80)",25.053521687202238
"(Date(""2025-07-08""), 17)",25.053521687202238
"(Date(""2025-07-08""), 103)",25.053521687202238
"(Date(""2025-07-08""), 66)",25.053521687202238
"(Date(""2025-07-09""), 31)",25.67632679308597
"(Date(""2025-07-09""), 3)",25.67632679308597
"(Date(""2025-07-09""), 6)",25.67632679308597
"(Date(""2025-07-09""), 80)",25.67632679308597
"(Date(""2025-07-09""), 17)",25.67632679308597
"(Date(""2025-07-09""), 103)",25.67632679308597
"(Date(""2025-07-09""), 66)",25.67632679308597
"(Date(""2025-07-10""), 31)",24.221291474958804
"(Date(""2025-07-10""), 3)",24.221291474958804
"(Date(""2025-07-10""), 6)",24.221291474958804
"(Date(""2025-07-10""), 80)",24.221291474958804
"(Date(""2025-07-10""), 17)",24.221291474958804
"(Date(""2025-07-10""), 103)",24.221291474958804
"(Date(""2025-07-10""), 66)",24.221291474958804
"(Date(""2025-07-11""), 31)",23.93468551670659
"(Date(""2025-07-11""), 3)",23.93468551670659
"(Date(""2025-07-11""), 6)",23.93468551670659
"(Date(""2025-07-11""), 80)",23.93468551670659
"(Date(""2025-07-11""), 17)",23.93468551670659
"(Date(""2025-07-11""), 103)",23.93468551670659
"(Date(""2025-07-11""), 66)",23.93468551670659
"(Date(""2025-07-12""), 31)",23.562990399343633
"(Date(""2025-07-12""), 3)",23.562990399343633
"(Date(""2025-07-12""), 6)",23.562990399343633
"(Date(""2025-07-12""), 80)",23.562990399343633
"(Date(""2025-07-12""), 17)",23.562990399343633
"(Date(""2025-07-12""), 103)",23.562990399343633
"(Date(""2025-07-12""), 66)",23.562990399343633
"(Date(""2025-07-13""), 31)",21.0957761071675
"(Date(""2025-07-13""), 6)",21.0957761071675
"(Date(""2025-07-13""), 3)",21.0957761071675
"(Date(""2025-07-13""), 80)",21.0957761071675
"(Date(""2025-07-13""), 17)",21.0957761071675
"(Date(""2025-07-13""), 103)",21.0957761071675
"(Date(""2025-07-13""), 66)",21.0957761071675
"(Date(""2025-07-14""), 31)",20.129658351334694
"(Date(""2025-07-14""), 6)",20.129658351334694
"(Date(""2025-07-14""), 3)",20.129658351334694
"(Date(""2025-07-14""), 80)",20.129658351334694
"(Date(""2025-07-14""), 17)",20.129658351334694
"(Date(""2025-07-14""), 103)",20.129658351334694
"(Date(""2025-07-14""), 66)",20.129658351334694
"(Date(""2025-07-15""), 6)",20.880119700700455
"(Date(""2025-07-15""), 31)",20.880119700700455
"(Date(""2025-07-15""), 3)",20.880119700700455
"(Date(""2025-07-15""), 80)",20.880119700700455
"(Date(""2025-07-15""), 66)",20.880119700700455
"(Date(""2025-07-15""), 17)",20.880119700700455
"(Date(""2025-07-15""), 103)",20.880119700700455
"(Date(""2025-07-16""), 3)",21.98715929201329
"(Date(""2025-07-16""), 6)",21.98715929201329
"(Date(""2025-07-16""), 31)",21.98715929201329
"(Date(""2025-07-16""), 80)",21.98715929201329
"(Date(""2025-07-16""), 66)",21.98715929201329
"(Date(""2025-07-16""), 17)",21.98715929201329
"(Date(""2025-07-16""), 103)",21.98715929201329
"(Date(""2025-07-17""), 6)",20.045408669733813
"(Date(""2025-07-17""), 31)",20.045408669733813
"(Date(""2025-07-17""), 3)",20.045408669733813
"(Date(""2025-07-17""), 80)",20.045408669733813
"(Date(""2025-07-17""), 17)",20.045408669733813
"(Date(""2025-07-17""), 103)",20.045408669733813
"(Date(""2025-07-17""), 66)",20.045408669733813
"(Date(""2025-07-18""), 31)",19.2620111700327
"(Date(""2025-07-18""), 6)",19.2620111700327
"(Date(""2025-07-18""), 3)",19.2620111700327
"(Date(""2025-07-18""), 80)",19.2620111700327
"(Date(""2025-07-18""), 17)",19.2620111700327
"(Date(""2025-07-18""), 103)",19.2620111700327
"(Date(""2025-07-18""), 66)",19.2620111700327
"(Date(""2025-07-19""), 3)",20.168631628060016
"(Date(""2025-07-19""), 31)",20.168631628060016
"(Date(""2025-07-19""), 6)",20.168631628060016
"(Date(""2025-07-19""), 80)",20.168631628060016
"(Date(""2025-07-19""), 17)",20.168631628060016
"(Date(""2025-07-19""), 103)",20.168631628060016
"(Date(""2025-07-19""), 66)",20.168631628060016
"(Date(""2025-07-20""), 31)",21.71708986695792
"(Date(""2025-07-20""), 3)",21.71708986695792
"(Date(""2025-07-20""), 6)",21.71708986695792
"(Date(""2025-07-20""), 80)",21.71708986695792
"(Date(""2025-07-20""), 17)",21.71708986695792
"(Date(""2025-07-20""), 103)",21.71708986695792
"(Date(""2025-07-20""), 66)",21.71708986695792
"(Date(""2025-07-21""), 6)",20.264598102859296
"(Date(""2025-07-21""), 31)",20.264598102859296
"(Date(""2025-07-21""), 3)",20.264598102859296
"(Date(""2025-07-21""), 80)",20.264598102859296
"(Date(""2025-07-21""), 66)",20.264598102859296
"(Date(""2025-07-21""), 17)",20.264598102859296
"(Date(""2025-07-21""), 103)",20.264598102859296
"(Date(""2025-07-22""), 6)",24.17010941729503
"(Date(""2025-07-22""), 31)",24.17010941729503
"(Date(""2025-07-22""), 3)",24.17010941729503
"(Date(""2025-07-22""), 80)",24.17010941729503
"(Date(""2025-07-22""), 66)",24.17010941729503
"(Date(""2025-07-22""), 17)",24.17010941729503
"(Date(""2025-07-22""), 103)",24.17010941729503
"(Date(""2025-07-23""), 31)",22.84804740382371
"(Date(""2025-07-23""), 3)",22.84804740382371
"(Date(""2025-07-23""), 6)",22.84804740382371
"(Date(""2025-07-23""), 80)",22.84804740382371
"(Date(""2025-07-23""), 17)",22.84804740382371
"(Date(""2025-07-23""), 103)",22.84804740382371
"(Date(""2025-07-23""), 66)",22.84804740382371
"(Date(""2025-07-24""), 3)",16.82947062347872
"(Date(""2025-07-24""), 6)",16.82947062347872
"(Date(""2025-07-24""), 31)",16.82947062347872
"(Date(""2025-07-24""), 80)",16.82947062347872
"(Date(""2025-07-24""), 103)",16.82947062347872
"(Date(""2025-07-24""), 66)",16.82947062347872
"(Date(""2025-07-24""), 17)",16.82947062347872
"(Date(""2025-07-25""), 6)",20.017772510389662
"(Date(""2025-07-25""), 31)",20.017772510389662
"(Date(""2025-07-25""), 3)",20.017772510389662
"(Date(""2025-07-25""), 80)",20.017772510389662
"(Date(""2025-07-25""), 66)",20.017772510389662
"(Date(""2025-07-25""), 17)",20.017772510389662
"(Date(""2025-07-25""), 103)",20.017772510389662
"(Date(""2025-07-26""), 31)",24.174373798260767
"(Date(""2025-07-26""), 3)",24.174373798260767
"(Date(""2025-07-26""), 6)",24.174373798260767
"(Date(""2025-07-26""), 80)",24.174373798260767
"(Date(""2025-07-26""), 17)",24.174373798260767
"(Date(""2025-07-26""), 103)",24.174373798260767
"(Date(""2025-07-26""), 66)",24.174373798260767
"(Date(""2025-07-27""), 31)",23.939552327124016
"(Date(""2025-07-27""), 3)",23.939552327124016
"(Date(""2025-07-27""), 6)",23.939552327124016
"(Date(""2025-07-27""), 80)",23.939552327124016
"(Date(""2025-07-27""), 17)",23.939552327124016
"(Date(""2025-07-27""), 103)",23.939552327124016
"(Date(""2025-07-27""), 66)",23.939552327124016
"(Date(""2025-07-28""), 31)",22.11502741538255
"(Date(""2025-07-28""), 6)",22.11502741538255
"(Date(""2025-07-28""), 80)",22.11502741538255
"(Date(""2025-07-28""), 3)",22.11502741538255
"(Date(""2025-07-28""), 17)",22.11502741538255
"(Date(""2025-07-28""), 103)",22.11502741538255
"(Date(""2025-07-28""), 66)",22.11502741538255
"(Date(""2025-07-29""), 3)",22.45353103056908
"(Date(""2025-07-29""), 31)",22.45353103056908
"(Date(""2025-07-29""), 6)",22.45353103056908
"(Date(""2025-07-29""), 80)",22.45353103056908
"(Date(""2025-07-29""), 66)",22.45353103056908
"(Date(""2025-07-29""), 17)",22.45353103056908
"(Date(""2025-07-29""), 103)",22.45353103056908
"(Date(""2025-07-30""), 3)",22.154989058406223
"(Date(""2025-07-30""), 31)",22.154989058406223
"(Date(""2025-07-30""), 6)",22.154989058406223
"(Date(""2025-07-30""), 80)",22.154989058406223
"(Date(""2025-07-30""), 66)",22.154989058406223
"(Date(""2025-07-30""), 17)",22.154989058406223
"(Date(""2025-07-30""), 103)",22.154989058406223
"(Date(""2025-07-31""), 3)",21.372321203954684
"(Date(""2025-07-31""), 31)",21.372321203954684
"(Date(""2025-07-31""), 6)",21.372321203954684
"(Date(""2025-07-31""), 80)",21.372321203954684
"(Date(""2025-07-31""), 66)",21.372321203954684
"(Date(""2025-07-31""), 17)",21.372321203954684
"(Date(""2025-07-31""), 103)",21.372321203954684
"(Date(""2025-08-01""), 3)",19.35376131975717
"(Date(""2025-08-01""), 31)",19.35376131975717
"(Date(""2025-08-01""), 6)",19.35376131975717
"(Date(""2025-08-01""), 80)",19.35376131975717
"(Date(""2025-08-01""), 66)",19.35376131975717
"(Date(""2025-08-01""), 17)",19.35376131975717
"(Date(""2025-08-01""), 103)",19.35376131975717
"(Date(""2025-08-02""), 31)",17.920080228744887
"(Date(""2025-08-02""), 3)",17.920080228744887
"(Date(""2025-08-02""), 6)",17.920080228744887
"(Date(""2025-08-02""), 80)",17.920080228744887
"(Date(""2025-08-02""), 17)",17.920080228744887
"(Date(""2025-08-02""), 103)",17.920080228744887
"(Date(""2025-08-02""), 66)",17.920080228744887
"(Date(""2025-08-03""), 3)",18.155732882110996
"(Date(""2025-08-03""), 31)",18.155732882110996
"(Date(""2025-08-03""), 6)",18.155732882110996
"(Date(""2025-08-03""), 80)",18.155732882110996
"(Date(""2025-08-03""), 17)",18.155732882110996
"(Date(""2025-08-03""), 103)",18.155732882110996
"(Date(""2025-08-03""), 66)",18.155732882110996
"(Date(""2025-08-04""), 31)",23.492172297492505
"(Date(""2025-08-04""), 3)",23.492172297492505
"(Date(""2025-08-04""), 6)",23.492172297492505
"(Date(""2025-08-04""), 80)",23.492172297492505
"(Date(""2025-08-04""), 17)",23.492172297492505
"(Date(""2025-08-04""), 103)",23.492172297492505
"(Date(""2025-08-04""), 66)",23.492172297492505
"(Date(""2025-08-05""), 31)",19.69792196370898
"(Date(""2025-08-05""), 3)",19.69792196370898
"(Date(""2025-08-05""), 6)",19.69792196370898
"(Date(""2025-08-05""), 80)",19.69792196370898
"(Date(""2025-08-05""), 17)",19.69792196370898
"(Date(""2025-08-05""), 103)",19.69792196370898
"(Date(""2025-08-05""), 66)",19.69792196370898
"(Date(""2025-08-06""), 31)",19.659446145708532
"(Date(""2025-08-06""), 3)",19.659446145708532
"(Date(""2025-08-06""), 6)",19.659446145708532
"(Date(""2025-08-06""), 80)",19.659446145708532
"(Date(""2025-08-06""), 17)",19.659446145708532
"(Date(""2025-08-06""), 103)",19.659446145708532
"(Date(""2025-08-06""), 66)",19.659446145708532
"(Date(""2025-08-07""), 31)",23.312875782852025
"(Date(""2025-08-07""), 3)",23.312875782852025
"(Date(""2025-08-07""), 6)",23.312875782852025
"(Date(""2025-08-07""), 80)",23.312875782852025
"(Date(""2025-08-07""), 66)",23.312875782852025
"(Date(""2025-08-07""), 17)",23.312875782852025
"(Date(""2025-08-07""), 103)",23.312875782852025
"(Date(""2025-08-08""), 31)",23.148211241858764
"(Date(""2025-08-08""), 3)",23.148211241858764
"(Date(""2025-08-08""), 6)",23.148211241858764
"(Date(""2025-08-08""), 80)",23.148211241858764
"(Date(""2025-08-08""), 66)",23.148211241858764
"(Date(""2025-08-08""), 17)",23.148211241858764
"(Date(""2025-08-08""), 103)",23.148211241858764
"(Date(""2025-08-09""), 31)",22.376072784540625
"(Date(""2025-08-09""), 6)",22.376072784540625
"(Date(""2025-08-09""), 3)",22.376072784540625
"(Date(""2025-08-09""), 80)",22.376072784540625
"(Date(""2025-08-09""), 66)",22.376072784540625
"(Date(""2025-08-09""), 17)",22.376072784540625
"(Date(""2025-08-09""), 103)",22.376072784540625
"(Date(""2025-08-10""), 31)",21.215655975231726
"(Date(""2025-08-10""), 6)",21.215655975231726
"(Date(""2025-08-10""), 3)",21.215655975231726
"(Date(""2025-08-10""), 80)",21.215655975231726
"(Date(""2025-08-10""), 66)",21.215655975231726
"(Date(""2025-08-10""), 17)",21.215655975231726
"(Date(""2025-08-10""), 103)",21.215655975231726
"(Date(""2025-08-11""), 31)",22.431204311796265
"(Date(""2025-08-11""), 3)",22.431204311796265
"(Date(""2025-08-11""), 6)",22.431204311796265
"(Date(""2025-08-11""), 80)",22.431204311796265
"(Date(""2025-08-11""), 17)",22.431204311796265
"(Date(""2025-08-11""), 103)",22.431204311796265
"(Date(""2025-08-11""), 66)",22.431204311796265
"(Date(""2025-08-12""), 3)",23.96859982691311
"(Date(""2025-08-12""), 31)",23.96859982691311
"(Date(""2025-08-12""), 6)",23.96859982691311
"(Date(""2025-08-12""), 80)",23.96859982691311
"(Date(""2025-08-12""), 66)",23.96859982691311
"(Date(""2025-08-12""), 17)",23.96859982691311
"(Date(""2025-08-12""), 103)",23.96859982691311
"(Date(""2025-08-13""), 3)",21.99437054739177
"(Date(""2025-08-13""), 6)",21.99437054739177
"(Date(""2025-08-13""), 31)",21.99437054739177
"(Date(""2025-08-13""), 80)",21.99437054739177
"(Date(""2025-08-13""), 66)",21.99437054739177
"(Date(""2025-08-13""), 17)",21.99437054739177
"(Date(""2025-08-13""), 103)",21.99437054739177
"(Date(""2025-08-14""), 6)",22.834004132740716
"(Date(""2025-08-14""), 31)",22.834004132740716
"(Date(""2025-08-14""), 3)",22.834004132740716
"(Date(""2025-08-14""), 80)",22.834004132740716
"(Date(""2025-08-14""), 66)",22.834004132740716
"(Date(""2025-08-14""), 17)",22.834004132740716
"(Date(""2025-08-14""), 103)",22.834004132740716
"(Date(""2025-08-15""), 31)",24.610383184077772
"(Date(""2025-08-15""), 6)",24.610383184077772
"(Date(""2025-08-15""), 3)",24.610383184077772
"(Date(""2025-08-15""), 80)",24.610383184077772
"(Date(""2025-08-15""), 17)",24.610383184077772
"(Date(""2025-08-15""), 103)",24.610383184077772
"(Date(""2025-08-15""), 66)",24.610383184077772
"(Date(""2025-08-16""), 6)",23.034083736442696
"(Date(""2025-08-16""), 3)",23.034083736442696
"(Date(""2025-08-16""), 31)",23.034083736442696
"(Date(""2025-08-16""), 80)",23.034083736442696
"(Date(""2025-08-16""), 66)",23.034083736442696
"(Date(""2025-08-16""), 17)",23.034083736442696
"(Date(""2025-08-16""), 103)",23.034083736442696
"(Date(""2025-08-17""), 6)",19.412528893012315
"(Date(""2025-08-17""), 3)",19.412528893012315
"(Date(""2025-08-17""), 31)",19.412528893012315
"(Date(""2025-08-17""), 80)",19.412528893012315
"(Date(""2025-08-17""), 66)",19.412528893012315
"(Date(""2025-08-17""), 17)",19.412528893012315
"(Date(""2025-08-17""), 103)",19.412528893012315
"(Date(""2025-08-18""), 6)",22.59142555881492
"(Date(""2025-08-18""), 3)",22.59142555881492
"(Date(""2025-08-18""), 31)",22.59142555881492
"(Date(""2025-08-18""), 80)",22.59142555881492
"(Date(""2025-08-18""), 66)",22.59142555881492
"(Date(""2025-08-18""), 17)",22.59142555881492
"(Date(""2025-08-18""), 103)",22.59142555881492
"(Date(""2025-08-19""), 31)",23.03741318808804
"(Date(""2025-08-19""), 3)",23.03741318808804
"(Date(""2025-08-19""), 6)",23.03741318808804
"(Date(""2025-08-19""), 80)",23.03741318808804
"(Date(""2025-08-19""), 17)",23.03741318808804
"(Date(""2025-08-19""), 103)",23.03741318808804
"(Date(""2025-08-19""), 66)",23.03741318808804
"(Date(""2025-08-20""), 31)",20.184625635085975
"(Date(""2025-08-20""), 6)",20.184625635085975
"(Date(""2025-08-20""), 3)",20.184625635085975
"(Date(""2025-08-20""), 80)",20.184625635085975
"(Date(""2025-08-20""), 103)",20.184625635085975
"(Date(""2025-08-20""), 66)",20.184625635085975
"(Date(""2025-08-20""), 17)",20.184625635085975
"(Date(""2025-08-21""), 6)",24.334751798318266
"(Date(""2025-08-21""), 31)",24.334751798318266
"(Date(""2025-08-21""), 3)",24.334751798318266
"(Date(""2025-08-21""), 80)",24.334751798318266
"(Date(""2025-08-21""), 66)",24.334751798318266
"(Date(""2025-08-21""), 17)",24.334751798318266
"(Date(""2025-08-21""), 103)",24.334751798318266
"(Date(""2025-08-22""), 6)",22.485784943096558
"(Date(""2025-08-22""), 31)",22.485784943096558
"(Date(""2025-08-22""), 3)",22.485784943096558
"(Date(""2025-08-22""), 80)",22.485784943096558
"(Date(""2025-08-22""), 66)",22.485784943096558
"(Date(""2025-08-22""), 17)",22.485784943096558
"(Date(""2025-08-22""), 103)",22.485784943096558
"(Date(""2025-08-23""), 3)",20.243600494697716
"(Date(""2025-08-23""), 6)",20.243600494697716
"(Date(""2025-08-23""), 31)",20.243600494697716
"(Date(""2025-08-23""), 80)",20.243600494697716
"(Date(""2025-08-23""), 17)",20.243600494697716
"(Date(""2025-08-23""), 66)",20.243600494697716
"(Date(""2025-08-23""), 103)",20.243600494697716
"(Date(""2025-08-24""), 3)",19.53057723981886
"(Date(""2025-08-24""), 6)",19.53057723981886
"(Date(""2025-08-24""), 31)",19.53057723981886
"(Date(""2025-08-24""), 80)",19.53057723981886
"(Date(""2025-08-24""), 17)",19.53057723981886
"(Date(""2025-08-24""), 66)",19.53057723981886
"(Date(""2025-08-24""), 103)",19.53057723981886
"(Date(""2025-08-25""), 3)",17.40212929418605
"(Date(""2025-08-25""), 6)",17.40212929418605
"(Date(""2025-08-25""), 31)",17.40212929418605
"(Date(""2025-08-25""), 80)",17.40212929418605
"(Date(""2025-08-25""), 17)",17.40212929418605
"(Date(""2025-08-25""), 66)",17.40212929418605
"(Date(""2025-08-25""), 103)",17.40212929418605
"(Date(""2025-08-26""), 6)",16.515074271513082
"(Date(""2025-08-26""), 31)",16.515074271513082
"(Date(""2025-08-26""), 3)",16.515074271513082
"(Date(""2025-08-26""), 80)",16.515074271513082
"(Date(""2025-08-26""), 103)",16.515074271513082
"(Date(""2025-08-26""), 17)",16.515074271513082
"(Date(""2025-08-26""), 66)",16.515074271513082
"(Date(""2025-08-27""), 6)",19.65806439334075
"(Date(""2025-08-27""), 31)",19.65806439334075
"(Date(""2025-08-27""), 3)",19.65806439334075
"(Date(""2025-08-27""), 80)",19.65806439334075
"(Date(""2025-08-27""), 103)",19.65806439334075
"(Date(""2025-08-27""), 17)",19.65806439334075
"(Date(""2025-08-27""), 66)",19.65806439334075
"(Date(""2025-08-28""), 6)",19.907739611084068
"(Date(""2025-08-28""), 31)",19.907739611084068
"(Date(""2025-08-28""), 3)",19.907739611084068
"(Date(""2025-08-28""), 80)",19.907739611084068
"(Date(""2025-08-28""), 103)",19.907739611084068
"(Date(""2025-08-28""), 17)",19.907739611084068
"(Date(""2025-08-28""), 66)",19.907739611084068
"(Date(""2025-08-29""), 6)",19.214918192865046
"(Date(""2025-08-29""), 31)",19.214918192865046
"(Date(""2025-08-29""), 3)",19.214918192865046
"(Date(""2025-08-29""), 80)",19.214918192865046
"(Date(""2025-08-29""), 103)",19.214918192865046
"(Date(""2025-08-29""), 17)",19.214918192865046
"(Date(""2025-08-29""), 66)",19.214918192865046
"(Date(""2025-08-30""), 6)",20.619635816987024
"(Date(""2025-08-30""), 31)",20.619635816987024
"(Date(""2025-08-30""), 3)",20.619635816987024
"(Date(""2025-08-30""), 80)",20.619635816987024
"(Date(""2025-08-30""), 103)",20.619635816987024
"(Date(""2025-08-30""), 17)",20.619635816987024
"(Date(""2025-08-30""), 66)",20.619635816987024
"(Date(""2025-08-31""), 6)",24.37345106450561
"(Date(""2025-08-31""), 31)",24.37345106450561
"(Date(""2025-08-31""), 3)",24.37345106450561
"(Date(""2025-08-31""), 80)",24.37345106450561
"(Date(""2025-08-31""), 103)",24.37345106450561
"(Date(""2025-08-31""), 17)",24.37345106450561
"(Date(""2025-08-31""), 66)",24.37345106450561
"(Date(""2025-09-01""), 6)",27.371543561035686
"(Date(""2025-09-01""), 31)",27.371543561035686
"(Date(""2025-09-01""), 3)",27.371543561035686
"(Date(""2025-09-01""), 80)",27.371543561035686
"(Date(""2025-09-01""), 103)",27.371543561035686
"(Date(""2025-09-01""), 17)",27.371543561035686
"(Date(""2025-09-01""), 66)",27.371543561035686
"(Date(""2025-09-02""), 6)",24.92765079624963
"(Date(""2025-09-02""), 31)",24.92765079624963
"(Date(""2025-09-02""), 3)",24.92765079624963
"(Date(""2025-09-02""), 80)",24.92765079624963
"(Date(""2025-09-02""), 103)",24.92765079624963
"(Date(""2025-09-02""), 17)",24.92765079624963
"(Date(""2025-09-02""), 66)",24.92765079624963
"(Date(""2025-09-03""), 6)",25.42157841159213
"(Date(""2025-09-03""), 31)",25.42157841159213
"(Date(""2025-09-03""), 3)",25.42157841159213
"(Date(""2025-09-03""), 80)",25.42157841159213
"(Date(""2025-09-03""), 103)",25.42157841159213
"(Date(""2025-09-03""), 17)",25.42157841159213
"(Date(""2025-09-03""), 66)",25.42157841159213
"(Date(""2025-09-04""), 6)",18.84689841208408
"(Date(""2025-09-04""), 31)",18.84689841208408
"(Date(""2025-09-04""), 3)",18.84689841208408
"(Date(""2025-09-04""), 80)",18.84689841208408
"(Date(""2025-09-04""), 103)",18.84689841208408
"(Date(""2025-09-04""), 17)",18.84689841208408
"(Date(""2025-09-04""), 66)",18.84689841208408
"(Date(""2025-09-05""), 6)",21.57379159103627
"(Date(""2025-09-05""), 31)",21.57379159103627
"(Date(""2025-09-05""), 3)",21.57379159103627
"(Date(""2025-09-05""), 80)",21.57379159103627
"(Date(""2025-09-05""), 66)",21.57379159103627
"(Date(""2025-09-05""), 103)",21.57379159103627
"(Date(""2025-09-05""), 17)",21.57379159103627
"(Date(""2025-09-06""), 3)",20.890822716098008
"(Date(""2025-09-06""), 6)",20.890822716098008
"(Date(""2025-09-06""), 31)",20.890822716098008
"(Date(""2025-09-06""), 80)",20.890822716098008
"(Date(""2025-09-06""), 17)",20.890822716098008
"(Date(""2025-09-06""), 66)",20.890822716098008
"(Date(""2025-09-06""), 103)",20.890822716098008
"(Date(""2025-09-07""), 3)",19.728335216572574
"(Date(""2025-09-07""), 6)",19.728335216572574
"(Date(""2025-09-07""), 31)",19.728335216572574
"(Date(""2025-09-07""), 80)",19.728335216572574
"(Date(""2025-09-07""), 17)",19.728335216572574
"(Date(""2025-09-07""), 66)",19.728335216572574
"(Date(""2025-09-07""), 103)",19.728335216572574
"(Date(""2025-09-08""), 6)",19.96295199452618
"(Date(""2025-09-08""), 31)",19.96295199452618
"(Date(""2025-09-08""), 3)",19.96295199452618
"(Date(""2025-09-08""), 80)",19.96295199452618
"(Date(""2025-09-08""), 17)",19.96295199452618
"(Date(""2025-09-08""), 66)",19.96295199452618
"(Date(""2025-09-08""), 103)",19.96295199452618
"(Date(""2025-09-09""), 6)",27.204028960870325
"(Date(""2025-09-09""), 31)",27.204028960870325
"(Date(""2025-09-09""), 3)",27.204028960870325
"(Date(""2025-09-09""), 80)",27.204028960870325
"(Date(""2025-09-09""), 17)",27.204028960870325
"(Date(""2025-09-09""), 66)",27.204028960870325
"(Date(""2025-09-09""), 103)",27.204028960870325
"(Date(""2025-09-10""), 6)",27.217568025906832
"(Date(""2025-09-10""), 31)",27.217568025906832
"(Date(""2025-09-10""), 3)",27.217568025906832
"(Date(""2025-09-10""), 80)",27.217568025906832
"(Date(""2025-09-10""), 17)",27.217568025906832
"(Date(""2025-09-10""), 66)",27.217568025906832
"(Date(""2025-09-10""), 103)",27.217568025906832
"(Date(""2025-09-11""), 6)",23.210264845325362
"(Date(""2025-09-11""), 31)",23.210264845325362
"(Date(""2025-09-11""), 3)",23.210264845325362
"(Date(""2025-09-11""), 80)",23.210264845325362
"(Date(""2025-09-11""), 17)",23.210264845325362
"(Date(""2025-09-11""), 66)",23.210264845325362
"(Date(""2025-09-11""), 103)",23.210264845325362
"(Date(""2025-09-12""), 6)",24.79729377535594
"(Date(""2025-09-12""), 31)",24.79729377535594
"(Date(""2025-09-12""), 3)",24.79729377535594
"(Date(""2025-09-12""), 80)",24.79729377535594
"(Date(""2025-09-12""), 17)",24.79729377535594
"(Date(""2025-09-12""), 66)",24.79729377535594
"(Date(""2025-09-12""), 103)",24.79729377535594
"(Date(""2025-09-13""), 6)",24.89440463949759
"(Date(""2025-09-13""), 31)",24.89440463949759
"(Date(""2025-09-13""), 3)",24.89440463949759
"(Date(""2025-09-13""), 80)",24.89440463949759
"(Date(""2025-09-13""), 17)",24.89440463949759
"(Date(""2025-09-13""), 66)",24.89440463949759
"(Date(""2025-09-13""), 103)",24.89440463949759
"(Date(""2025-09-14""), 6)",22.703587615612374
"(Date(""2025-09-14""), 31)",22.703587615612374
"(Date(""2025-09-14""), 3)",22.703587615612374
"(Date(""2025-09-14""), 80)",22.703587615612374
"(Date(""2025-09-14""), 17)",22.703587615612374
"(Date(""2025-09-14""), 66)",22.703587615612374
"(Date(""2025-09-14""), 103)",22.703587615612374
"(Date(""2025-09-15""), 6)",23.258539783766526
"(Date(""2025-09-15""), 31)",23.258539783766526
"(Date(""2025-09-15""), 3)",23.258539783766526
"(Date(""2025-09-15""), 80)",23.258539783766526
"(Date(""2025-09-15""), 17)",23.258539783766526
"(Date(""2025-09-15""), 66)",23.258539783766526
"(Date(""2025-09-15""), 103)",23.258539783766526
"(Date(""2025-09-16""), 6)",25.02122252843659
"(Date(""2025-09-16""), 31)",25.02122252843659
"(Date(""2025-09-16""), 3)",25.02122252843659
"(Date(""2025-09-16""), 80)",25.02122252843659
"(Date(""2025-09-16""), 17)",25.02122252843659
"(Date(""2025-09-16""), 66)",25.02122252843659
"(Date(""2025-09-16""), 103)",25.02122252843659
"(Date(""2025-09-17""), 6)",24.37892005144956
"(Date(""2025-09-17""), 3)",24.37892005144956
"(Date(""2025-09-17""), 31)",24.37892005144956
"(Date(""2025-09-17""), 80)",24.37892005144956
"(Date(""2025-09-17""), 17)",24.37892005144956
"(Date(""2025-09-17""), 66)",24.37892005144956
"(Date(""2025-09-17""), 103)",24.37892005144956
"(Date(""2025-09-18""), 3)",20.911495770810276
"(Date(""2025-09-18""), 6)",20.911495770810276
"(Date(""2025-09-18""), 31)",20.911495770810276
"(Date(""2025-09-18""), 80)",20.911495770810276
"(Date(""2025-09-18""), 17)",20.911495770810276
"(Date(""2025-09-18""), 66)",20.911495770810276
"(Date(""2025-09-18""), 103)",20.911495770810276
"(Date(""2025-09-19""), 3)",19.925808901857245
"(Date(""2025-09-19""), 6)",19.925808901857245
"(Date(""2025-09-19""), 31)",19.925808901857245
"(Date(""2025-09-19""), 80)",19.925808901857245
"(Date(""2025-09-19""), 17)",19.925808901857245
"(Date(""2025-09-19""), 66)",19.925808901857245
"(Date(""2025-09-19""), 103)",19.925808901857245
"(Date(""2025-09-20""), 6)",25.179737647743107
"(Date(""2025-09-20""), 31)",25.179737647743107
"(Date(""2025-09-20""), 3)",25.179737647743107
"(Date(""2025-09-20""), 80)",25.179737647743107
"(Date(""2025-09-20""), 17)",25.179737647743107
"(Date(""2025-09-20""), 66)",25.179737647743107
"(Date(""2025-09-20""), 103)",25.179737647743107
"(Date(""2025-09-21""), 6)",23.384264523631494
"(Date(""2025-09-21""), 31)",23.384264523631494
"(Date(""2025-09-21""), 3)",23.384264523631494
"(Date(""2025-09-21""), 80)",23.384264523631494
"(Date(""2025-09-21""), 17)",23.384264523631494
"(Date(""2025-09-21""), 66)",23.384264523631494
"(Date(""2025-09-21""), 103)",23.384264523631494
"(Date(""2025-09-22""), 3)",24.28680455359286
"(Date(""2025-09-22""), 31)",24.28680455359286
"(Date(""2025-09-22""), 6)",24.28680455359286
"(Date(""2025-09-22""), 80)",24.28680455359286
"(Date(""2025-09-22""), 17)",24.28680455359286
"(Date(""2025-09-22""), 66)",24.28680455359286
"(Date(""2025-09-22""), 103)",24.28680455359286
"(Date(""2025-09-23""), 31)",26.598742905918808
"(Date(""2025-09-23""), 3)",26.598742905918808
"(Date(""2025-09-23""), 6)",26.598742905918808
"(Date(""2025-09-23""), 80)",26.598742905918808
"(Date(""2025-09-23""), 17)",26.598742905918808
"(Date(""2025-09-23""), 66)",26.598742905918808
"(Date(""2025-09-23""), 103)",26.598742905918808
"(Date(""2025-09-24""), 31)",19.157262808514478
"(Date(""2025-09-24""), 3)",19.157262808514478
"(Date(""2025-09-24""), 6)",19.157262808514478
"(Date(""2025-09-24""), 80)",19.157262808514478
"(Date(""2025-09-24""), 17)",19.157262808514478
"(Date(""2025-09-24""), 66)",19.157262808514478
"(Date(""2025-09-24""), 103)",19.157262808514478
"(Date(""2025-09-25""), 31)",22.11656648993766
"(Date(""2025-09-25""), 3)",22.11656648993766
"(Date(""2025-09-25""), 6)",22.11656648993766
"(Date(""2025-09-25""), 80)",22.11656648993766
"(Date(""2025-09-25""), 66)",22.11656648993766
"(Date(""2025-09-25""), 17)",22.11656648993766
"(Date(""2025-09-25""), 103)",22.11656648993766
"(Date(""2025-09-26""), 31)",20.81087609852249
"(Date(""2025-09-26""), 3)",20.81087609852249
"(Date(""2025-09-26""), 6)",20.81087609852249
"(Date(""2025-09-26""), 80)",20.81087609852249
"(Date(""2025-09-26""), 103)",20.81087609852249
"(Date(""2025-09-26""), 17)",20.81087609852249
"(Date(""2025-09-26""), 66)",20.81087609852249
"(Date(""2025-09-27""), 31)",25.499835313595298
"(Date(""2025-09-27""), 3)",25.499835313595298
"(Date(""2025-09-27""), 6)",25.499835313595298
"(Date(""2025-09-27""), 80)",25.499835313595298
"(Date(""2025-09-27""), 17)",25.499835313595298
"(Date(""2025-09-27""), 66)",25.499835313595298
"(Date(""2025-09-27""), 103)",25.499835313595298
"(Date(""2025-09-28""), 31)",20.151548549106888
"(Date(""2025-09-28""), 3)",20.151548549106888
"(Date(""2025-09-28""), 6)",20.151548549106888
"(Date(""2025-09-28""), 80)",20.151548549106888
"(Date(""2025-09-28""), 17)",20.151548549106888
"(Date(""2025-09-28""), 66)",20.151548549106888
"(Date(""2025-09-28""), 103)",20.151548549106888
"(Date(""2025-09-29""), 3)",17.5283142331962
"(Date(""2025-09-29""), 31)",17.5283142331962
"(Date(""2025-09-29""), 6)",17.5283142331962
"(Date(""2025-09-29""), 80)",17.5283142331962
"(Date(""2025-09-29""), 17)",17.5283142331962
"(Date(""2025-09-29""), 66)",17.5283142331962
"(Date(""2025-09-29""), 103)",17.5283142331962
"(Date(""2025-09-30""), 3)",19.85367444102745
"(Date(""2025-09-30""), 31)",19.85367444102745
"(Date(""2025-09-30""), 6)",19.85367444102745
"(Date(""2025-09-30""), 80)",19.85367444102745
"(Date(""2025-09-30""), 66)",19.85367444102745
"(Date(""2025-09-30""), 103)",19.85367444102745
"(Date(""2025-09-30""), 17)",19.85367444102745
"(Date(""2025-10-01""), 31)",17.69027985515966
"(Date(""2025-10-01""), 3)",17.69027985515966
"(Date(""2025-10-01""), 6)",17.69027985515966
"(Date(""2025-10-01""), 80)",17.69027985515966
"(Date(""2025-10-01""), 66)",17.69027985515966
"(Date(""2025-10-01""), 103)",17.69027985515966
"(Date(""2025-10-01""), 17)",17.69027985515966
"(Date(""2025-10-02""), 31)",25.747593036314893
"(Date(""2025-10-02""), 3)",25.747593036314893
"(Date(""2025-10-02""), 6)",25.747593036314893
"(Date(""2025-10-02""), 80)",25.747593036314893
"(Date(""2025-10-02""), 66)",25.747593036314893
"(Date(""2025-10-02""), 103)",25.747593036314893
"(Date(""2025-10-02""), 17)",25.747593036314893
"(Date(""2025-10-03""), 31)",21.958186162920573
"(Date(""2025-10-03""), 3)",21.958186162920573
"(Date(""2025-10-03""), 6)",21.958186162920573
"(Date(""2025-10-03""), 80)",21.958186162920573
"(Date(""2025-10-03""), 66)",21.958186162920573
"(Date(""2025-10-03""), 103)",21.958186162920573
"(Date(""2025-10-03""), 17)",21.958186162920573
"(Date(""2025-10-04""), 3)",24.208740537685827
"(Date(""2025-10-04""), 31)",24.208740537685827
"(Date(""2025-10-04""), 6)",24.208740537685827
"(Date(""2025-10-04""), 80)",24.208740537685827
"(Date(""2025-10-04""), 17)",24.208740537685827
"(Date(""2025-10-04""), 66)",24.208740537685827
"(Date(""2025-10-04""), 103)",24.208740537685827
"(Date(""2025-10-05""), 3)",22.202255130728993
"(Date(""2025-10-05""), 31)",22.202255130728993
"(Date(""2025-10-05""), 6)",22.202255130728993
"(Date(""2025-10-05""), 80)",22.202255130728993
"(Date(""2025-10-05""), 17)",22.202255130728993
"(Date(""2025-10-05""), 66)",22.202255130728993
"(Date(""2025-10-05""), 103)",22.202255130728993
"(Date(""2025-10-06""), 3)",21.57034892066433
"(Date(""2025-10-06""), 31)",21.57034892066433
"(Date(""2025-10-06""), 6)",21.57034892066433
"(Date(""2025-10-06""), 80)",21.57034892066433
"(Date(""2025-10-06""), 17)",21.57034892066433
"(Date(""2025-10-06""), 66)",21.57034892066433
"(Date(""2025-10-06""), 103)",21.57034892066433
"(Date(""2025-10-07""), 31)",22.01912523530586
"(Date(""2025-10-07""), 3)",22.01912523530586
"(Date(""2025-10-07""), 6)",22.01912523530586
"(Date(""2025-10-07""), 80)",22.01912523530586
"(Date(""2025-10-07""), 17)",22.01912523530586
"(Date(""2025-10-07""), 66)",22.01912523530586
"(Date(""2025-10-07""), 103)",22.01912523530586
"(Date(""2025-10-08""), 3)",20.17865248526671
"(Date(""2025-10-08""), 31)",20.17865248526671
"(Date(""2025-10-08""), 6)",20.17865248526671
"(Date(""2025-10-08""), 80)",20.17865248526671
"(Date(""2025-10-08""), 17)",20.17865248526671
"(Date(""2025-10-08""), 66)",20.17865248526671
"(Date(""2025-10-08""), 103)",20.17865248526671
"(Date(""2025-10-09""), 3)",21.722022834336734
"(Date(""2025-10-09""), 31)",21.722022834336734
"(Date(""2025-10-09""), 6)",21.722022834336734
"(Date(""2025-10-09""), 80)",21.722022834336734
"(Date(""2025-10-09""), 17)",21.722022834336734
"(Date(""2025-10-09""), 66)",21.722022834336734
"(Date(""2025-10-09""), 103)",21.722022834336734
"(Date(""2025-10-10""), 3)",25.76519015489651
"(Date(""2025-10-10""), 31)",25.76519015489651
"(Date(""2025-10-10""), 6)",25.76519015489651
"(Date(""2025-10-10""), 80)",25.76519015489651
"(Date(""2025-10-10""), 66)",25.76519015489651
"(Date(""2025-10-10""), 103)",25.76519015489651
"(Date(""2025-10-10""), 17)",25.76519015489651
"(Date(""2025-10-11""), 3)",25.429584996908822
"(Date(""2025-10-11""), 6)",25.429584996908822
"(Date(""2025-10-11""), 31)",25.429584996908822
"(Date(""2025-10-11""), 80)",25.429584996908822
"(Date(""2025-10-11""), 66)",25.429584996908822
"(Date(""2025-10-11""), 103)",25.429584996908822
"(Date(""2025-10-11""), 17)",25.429584996908822
"(Date(""2025-10-12""), 3)",16.051889248445683
"(Date(""2025-10-12""), 6)",16.051889248445683
"(Date(""2025-10-12""), 31)",16.051889248445683
"(Date(""2025-10-12""), 80)",16.051889248445683
"(Date(""2025-10-12""), 66)",16.051889248445683
"(Date(""2025-10-12""), 103)",16.051889248445683
"(Date(""2025-10-12""), 17)",16.051889248445683
"(Date(""2025-10-13""), 3)",16.48473627701712
"(Date(""2025-10-13""), 6)",16.48473627701712
"(Date(""2025-10-13""), 31)",16.48473627701712
"(Date(""2025-10-13""), 80)",16.48473627701712
"(Date(""2025-10-13""), 66)",16.48473627701712
"(Date(""2025-10-13""), 103)",16.48473627701712
"(Date(""2025-10-13""), 17)",16.48473627701712
"(Date(""2025-10-14""), 3)",23.30777806325021
"(Date(""2025-10-14""), 6)",23.30777806325021
"(Date(""2025-10-14""), 31)",23.30777806325021
"(Date(""2025-10-14""), 80)",23.30777806325021
"(Date(""2025-10-14""), 66)",23.30777806325021
"(Date(""2025-10-14""), 103)",23.30777806325021
"(Date(""2025-10-14""), 17)",23.30777806325021
"(Date(""2025-10-15""), 3)",20.7043996658014
"(Date(""2025-10-15""), 6)",20.7043996658014
"(Date(""2025-10-15""), 31)",20.7043996658014
"(Date(""2025-10-15""), 80)",20.7043996658014
"(Date(""2025-10-15""), 66)",20.7043996658014
"(Date(""2025-10-15""), 103)",20.7043996658014
"(Date(""2025-10-15""), 17)",20.7043996658014
"(Date(""2025-10-16""), 3)",20.406199606641437
"(Date(""2025-10-16""), 6)",20.406199606641437
"(Date(""2025-10-16""), 31)",20.406199606641437
"(Date(""2025-10-16""), 80)",20.406199606641437
"(Date(""2025-10-16""), 66)",20.406199606641437
"(Date(""2025-10-16""), 103)",20.406199606641437
"(Date(""2025-10-16""), 17)",20.406199606641437
"(Date(""2025-10-17""), 3)",24.868656015559917
"(Date(""2025-10-17""), 31)",24.868656015559917
"(Date(""2025-10-17""), 6)",24.868656015559917
"(Date(""2025-10-17""), 80)",24.868656015559917
"(Date(""2025-10-17""), 66)",24.868656015559917
"(Date(""2025-10-17""), 103)",24.868656015559917
"(Date(""2025-10-17""), 17)",24.868656015559917
"(Date(""2025-10-18""), 3)",24.846394548517065
"(Date(""2025-10-18""), 31)",24.846394548517065
"(Date(""2025-10-18""), 6)",24.846394548517065
"(Date(""2025-10-18""), 80)",24.846394548517065
"(Date(""2025-10-18""), 66)",24.846394548517065
"(Date(""2025-10-18""), 103)",24.846394548517065
"(Date(""2025-10-18""), 17)",24.846394548517065
"(Date(""2025-10-19""), 3)",16.65108170816067
"(Date(""2025-10-19""), 31)",16.65108170816067
"(Date(""2025-10-19""), 6)",16.65108170816067
"(Date(""2025-10-19""), 80)",16.65108170816067
"(Date(""2025-10-19""), 66)",16.65108170816067
"(Date(""2025-10-19""), 17)",16.65108170816067
"(Date(""2025-10-19""), 103)",16.65108170816067
"(Date(""2025-10-20""), 3)",18.256103119215645
"(Date(""2025-10-20""), 31)",18.256103119215645
"(Date(""2025-10-20""), 6)",18.256103119215645
"(Date(""2025-10-20""), 80)",18.256103119215645
"(Date(""2025-10-20""), 66)",18.256103119215645
"(Date(""2025-10-20""), 17)",18.256103119215645
"(Date(""2025-10-20""), 103)",18.256103119215645
"(Date(""2025-10-21""), 3)",22.11495161060916
"(Date(""2025-10-21""), 31)",22.11495161060916
"(Date(""2025-10-21""), 6)",22.11495161060916
"(Date(""2025-10-21""), 80)",22.11495161060916
"(Date(""2025-10-21""), 66)",22.11495161060916
"(Date(""2025-10-21""), 17)",22.11495161060916
"(Date(""2025-10-21""), 103)",22.11495161060916
"(Date(""2025-10-22""), 3)",19.91474343557863
"(Date(""2025-10-22""), 6)",19.91474343557863
"(Date(""2025-10-22""), 31)",19.91474343557863
"(Date(""2025-10-22""), 80)",19.91474343557863
"(Date(""2025-10-22""), 66)",19.91474343557863
"(Date(""2025-10-22""), 17)",19.91474343557863
"(Date(""2025-10-22""), 103)",19.91474343557863
"(Date(""2025-10-23""), 3)",20.51320528119819
"(Date(""2025-10-23""), 6)",20.51320528119819
"(Date(""2025-10-23""), 31)",20.51320528119819
"(Date(""2025-10-23""), 80)",20.51320528119819
"(Date(""2025-10-23""), 17)",20.51320528119819
"(Date(""2025-10-23""), 103)",20.51320528119819
"(Date(""2025-10-23""), 66)",20.51320528119819
"(Date(""2025-10-24""), 3)",24.01631206997702
"(Date(""2025-10-24""), 6)",24.01631206997702
"(Date(""2025-10-24""), 31)",24.01631206997702
"(Date(""2025-10-24""), 80)",24.01631206997702
"(Date(""2025-10-24""), 103)",24.01631206997702
"(Date(""2025-10-24""), 66)",24.01631206997702
"(Date(""2025-10-24""), 17)",24.01631206997702
"(Date(""2025-10-25""), 3)",20.45990474249769
"(Date(""2025-10-25""), 6)",20.45990474249769
"(Date(""2025-10-25""), 31)",20.45990474249769
"(Date(""2025-10-25""), 80)",20.45990474249769
"(Date(""2025-10-25""), 66)",20.45990474249769
"(Date(""2025-10-25""), 103)",20.45990474249769
"(Date(""2025-10-25""), 17)",20.45990474249769
"(Date(""2025-10-26""), 3)",24.02068940813931
"(Date(""2025-10-26""), 31)",24.02068940813931
"(Date(""2025-10-26""), 6)",24.02068940813931
"(Date(""2025-10-26""), 80)",24.02068940813931
"(Date(""2025-10-26""), 103)",24.02068940813931
"(Date(""2025-10-26""), 66)",24.02068940813931
"(Date(""2025-10-26""), 17)",24.02068940813931
"(Date(""2025-10-27""), 3)",23.50062741298578
"(Date(""2025-10-27""), 31)",23.50062741298578
"(Date(""2025-10-27""), 6)",23.50062741298578
"(Date(""2025-10-27""), 80)",23.50062741298578
"(Date(""2025-10-27""), 103)",23.50062741298578
"(Date(""2025-10-27""), 66)",23.50062741298578
"(Date(""2025-10-27""), 17)",23.50062741298578
"(Date(""2025-10-28""), 3)",18.03504365924516
"(Date(""2025-10-28""), 31)",18.03504365924516
"(Date(""2025-10-28""), 6)",18.03504365924516
"(Date(""2025-10-28""), 80)",18.03504365924516
"(Date(""2025-10-28""), 66)",18.03504365924516
"(Date(""2025-10-28""), 103)",18.03504365924516
"(Date(""2025-10-28""), 17)",18.03504365924516
"(Date(""2025-10-29""), 3)",18.494098262908746
"(Date(""2025-10-29""), 31)",18.494098262908746
"(Date(""2025-10-29""), 6)",18.494098262908746
"(Date(""2025-10-29""), 80)",18.494098262908746
"(Date(""2025-10-29""), 66)",18.494098262908746
"(Date(""2025-10-29""), 103)",18.494098262908746
"(Date(""2025-10-29""), 17)",18.494098262908746
"(Date(""2025-10-30""), 3)",19.553974788777992
"(Date(""2025-10-30""), 31)",19.553974788777992
"(Date(""2025-10-30""), 6)",19.553974788777992
"(Date(""2025-10-30""), 80)",19.553974788777992
"(Date(""2025-10-30""), 66)",19.553974788777992
"(Date(""2025-10-30""), 103)",19.553974788777992
"(Date(""2025-10-30""), 17)",19.553974788777992
"(Date(""2025-10-31""), 3)",18.768036187560515
"(Date(""2025-10-31""), 31)",18.768036187560515
"(Date(""2025-10-31""), 6)",18.768036187560515
"(Date(""2025-10-31""), 80)",18.768036187560515
"(Date(""2025-10-31""), 66)",18.768036187560515
"(Date(""2025-10-31""), 103)",18.768036187560515
"(Date(""2025-10-31""), 17)",18.768036187560515
"(Date(""2025-11-01""), 3)",18.261022366748676
"(Date(""2025-11-01""), 31)",18.261022366748676
"(Date(""2025-11-01""), 6)",18.261022366748676
"(Date(""2025-11-01""), 80)",18.261022366748676
"(Date(""2025-11-01""), 66)",18.261022366748676
"(Date(""2025-11-01""), 103)",18.261022366748676
"(Date(""2025-11-01""), 17)",18.261022366748676
"(Date(""2025-11-02""), 3)",21.20458820963122
"(Date(""2025-11-02""), 31)",21.20458820963122
"(Date(""2025-11-02""), 6)",21.20458820963122
"(Date(""2025-11-02""), 80)",21.20458820963122
"(Date(""2025-11-02""), 66)",21.20458820963122
"(Date(""2025-11-02""), 103)",21.20458820963122
"(Date(""2025-11-02""), 17)",21.20458820963122
"(Date(""2025-11-03""), 3)",17.554772157000592
"(Date(""2025-11-03""), 31)",17.554772157000592
"(Date(""2025-11-03""), 6)",17.554772157000592
"(Date(""2025-11-03""), 80)",17.554772157000592
"(Date(""2025-11-03""), 17)",17.554772157000592
"(Date(""2025-11-03""), 66)",17.554772157000592
"(Date(""2025-11-03""), 103)",17.554772157000592
"(Date(""2025-11-04""), 3)",15.299690778310607
"(Date(""2025-11-04""), 31)",15.299690778310607
"(Date(""2025-11-04""), 6)",15.299690778310607
"(Date(""2025-11-04""), 80)",15.299690778310607
"(Date(""2025-11-04""), 17)",15.299690778310607
"(Date(""2025-11-04""), 66)",15.299690778310607
"(Date(""2025-11-04""), 103)",15.299690778310607
"(Date(""2025-11-05""), 3)",22.447932779818355
"(Date(""2025-11-05""), 31)",22.447932779818355
"(Date(""2025-11-05""), 6)",22.447932779818355
"(Date(""2025-11-05""), 80)",22.447932779818355
"(Date(""2025-11-05""), 17)",22.447932779818355
"(Date(""2025-11-05""), 66)",22.447932779818355
"(Date(""2025-11-05""), 103)",22.447932779818355
"(Date(""2025-11-06""), 31)",17.9824978306805
"(Date(""2025-11-06""), 3)",17.9824978306805
"(Date(""2025-11-06""), 6)",17.9824978306805
"(Date(""2025-11-06""), 80)",17.9824978306805
"(Date(""2025-11-06""), 17)",17.9824978306805
"(Date(""2025-11-06""), 66)",17.9824978306805
"(Date(""2025-11-06""), 103)",17.9824978306805
"(Date(""2025-11-07""), 31)",22.41775608137196
"(Date(""2025-11-07""), 3)",22.41775608137196
"(Date(""2025-11-07""), 6)",22.41775608137196
"(Date(""2025-11-07""), 80)",22.41775608137196
"(Date(""2025-11-07""), 17)",22.41775608137196
"(Date(""2025-11-07""), 66)",22.41775608137196
"(Date(""2025-11-07""), 103)",22.41775608137196
"(Date(""2025-11-08""), 3)",19.157997225715995
"(Date(""2025-11-08""), 6)",19.157997225715995
"(Date(""2025-11-08""), 31)",19.157997225715995
"(Date(""2025-11-08""), 80)",19.157997225715995
"(Date(""2025-11-08""), 66)",19.157997225715995
"(Date(""2025-11-08""), 103)",19.157997225715995
"(Date(""2025-11-08""), 17)",19.157997225715995
"(Date(""2025-11-09""), 3)",14.535964933684953
"(Date(""2025-11-09""), 6)",14.535964933684953
"(Date(""2025-11-09""), 31)",14.535964933684953
"(Date(""2025-11-09""), 80)",14.535964933684953
"(Date(""2025-11-09""), 17)",14.535964933684953
"(Date(""2025-11-09""), 66)",14.535964933684953
"(Date(""2025-11-09""), 103)",14.535964933684953
"(Date(""2025-11-10""), 3)",21.631541354443335
"(Date(""2025-11-10""), 6)",21.631541354443335
"(Date(""2025-11-10""), 31)",21.631541354443335
"(Date(""2025-11-10""), 80)",21.631541354443335
"(Date(""2025-11-10""), 17)",21.631541354443335
"(Date(""2025-11-10""), 66)",21.631541354443335
"(Date(""2025-11-10""), 103)",21.631541354443335
"(Date(""2025-11-11""), 31)",15.523709982001515
"(Date(""2025-11-11""), 3)",15.523709982001515
"(Date(""2025-11-11""), 6)",15.523709982001515
"(Date(""2025-11-11""), 80)",15.523709982001515
"(Date(""2025-11-11""), 17)",15.523709982001515
"(Date(""2025-11-11""), 66)",15.523709982001515
"(Date(""2025-11-11""), 103)",15.523709982001515
"(Date(""2025-11-12""), 3)",23.12854321465278
"(Date(""2025-11-12""), 31)",23.12854321465278
"(Date(""2025-11-12""), 6)",23.12854321465278
"(Date(""2025-11-12""), 80)",23.12854321465278
"(Date(""2025-11-12""), 17)",23.12854321465278
"(Date(""2025-11-12""), 103)",23.12854321465278
"(Date(""2025-11-12""), 66)",23.12854321465278
"(Date(""2025-11-13""), 3)",24.134998671674122
"(Date(""2025-11-13""), 31)",24.134998671674122
"(Date(""2025-11-13""), 6)",24.134998671674122
"(Date(""2025-11-13""), 80)",24.134998671674122
"(Date(""2025-11-13""), 17)",24.134998671674122
"(Date(""2025-11-13""), 66)",24.134998671674122
"(Date(""2025-11-13""), 103)",24.134998671674122
"(Date(""2025-11-14""), 3)",24.042790245156866
"(Date(""2025-11-14""), 31)",24.042790245156866
"(Date(""2025-11-14""), 6)",24.042790245156866
"(Date(""2025-11-14""), 80)",24.042790245156866
"(Date(""2025-11-14""), 17)",24.042790245156866
"(Date(""2025-11-14""), 66)",24.042790245156866
"(Date(""2025-11-14""), 103)",24.042790245156866
"(Date(""2025-11-15""), 3)",24.57222515545145
"(Date(""2025-11-15""), 6)",24.57222515545145
"(Date(""2025-11-15""), 31)",24.57222515545145
"(Date(""2025-11-15""), 80)",24.57222515545145
"(Date(""2025-11-15""), 17)",24.57222515545145
"(Date(""2025-11-15""), 103)",24.57222515545145
"(Date(""2025-11-15""), 66)",24.57222515545145
"(Date(""2025-11-16""), 3)",21.008738031814076
"(Date(""2025-11-16""), 6)",21.008738031814076
"(Date(""2025-11-16""), 31)",21.008738031814076
"(Date(""2025-11-16""), 80)",21.008738031814076
"(Date(""2025-11-16""), 17)",21.008738031814076
"(Date(""2025-11-16""), 103)",21.008738031814076
"(Date(""2025-11-16""), 66)",21.008738031814076
"(Date(""2025-11-17""), 3)",16.304726182343355
"(Date(""2025-11-17""), 6)",16.304726182343355
"(Date(""2025-11-17""), 31)",16.304726182343355
"(Date(""2025-11-17""), 80)",16.304726182343355
"(Date(""2025-11-17""), 17)",16.304726182343355
"(Date(""2025-11-17""), 66)",16.304726182343355
"(Date(""2025-11-17""), 103)",16.304726182343355
"(Date(""2025-11-18""), 3)",15.576475318721032
"(Date(""2025-11-18""), 6)",15.576475318721032
"(Date(""2025-11-18""), 31)",15.576475318721032
"(Date(""2025-11-18""), 80)",15.576475318721032
"(Date(""2025-11-18""), 17)",15.576475318721032
"(Date(""2025-11-18""), 103)",15.576475318721032
"(Date(""2025-11-18""), 66)",15.576475318721032
"(Date(""2025-11-19""), 3)",22.79154923240002
"(Date(""2025-11-19""), 6)",22.79154923240002
"(Date(""2025-11-19""), 31)",22.79154923240002
"(Date(""2025-11-19""), 80)",22.79154923240002
"(Date(""2025-11-19""), 17)",22.79154923240002
"(Date(""2025-11-19""), 103)",22.79154923240002
"(Date(""2025-11-19""), 66)",22.79154923240002
"(Date(""2025-11-20""), 3)",26.432603408916577
"(Date(""2025-11-20""), 31)",26.432603408916577
"(Date(""2025-11-20""), 6)",26.432603408916577
"(Date(""2025-11-20""), 80)",26.432603408916577
"(Date(""2025-11-20""), 17)",26.432603408916577
"(Date(""2025-11-20""), 103)",26.432603408916577
"(Date(""2025-11-20""), 66)",26.432603408916577
"(Date(""2025-11-21""), 3)",24.612440110961057
"(Date(""2025-11-21""), 31)",24.612440110961057
"(Date(""2025-11-21""), 6)",24.612440110961057
"(Date(""2025-11-21""), 80)",24.612440110961057
"(Date(""2025-11-21""), 17)",24.612440110961057
"(Date(""2025-11-21""), 66)",24.612440110961057
"(Date(""2025-11-21""), 103)",24.612440110961057
"(Date(""2025-11-22""), 3)",23.233633397095005
"(Date(""2025-11-22""), 6)",23.233633397095005
"(Date(""2025-11-22""), 31)",23.233633397095005
"(Date(""2025-11-22""), 80)",23.233633397095005
"(Date(""2025-11-22""), 17)",23.233633397095005
"(Date(""2025-11-22""), 103)",23.233633397095005
"(Date(""2025-11-22""), 66)",23.233633397095005
"(Date(""2025-11-23""), 3)",25.807201967200967
"(Date(""2025-11-23""), 6)",25.807201967200967
"(Date(""2025-11-23""), 31)",25.807201967200967
"(Date(""2025-11-23""), 80)",25.807201967200967
"(Date(""2025-11-23""), 17)",25.807201967200967
"(Date(""2025-11-23""), 103)",25.807201967200967
"(Date(""2025-11-23""), 66)",25.807201967200967
"(Date(""2025-11-24""), 3)",22.144041924309274
"(Date(""2025-11-24""), 6)",22.144041924309274
"(Date(""2025-11-24""), 31)",22.144041924309274
"(Date(""2025-11-24""), 80)",22.144041924309274
"(Date(""2025-11-24""), 17)",22.144041924309274
"(Date(""2025-11-24""), 103)",22.144041924309274
"(Date(""2025-11-24""), 66)",22.144041924309274
"(Date(""2025-11-25""), 3)",24.47324682855026
"(Date(""2025-11-25""), 6)",24.47324682855026
"(Date(""2025-11-25""), 31)",24.47324682855026
"(Date(""2025-11-25""), 80)",24.47324682855026
"(Date(""2025-11-25""), 17)",24.47324682855026
"(Date(""2025-11-25""), 103)",24.47324682855026
"(Date(""2025-11-25""), 66)",24.47324682855026
"(Date(""2025-11-26""), 6)",20.163319001499104
"(Date(""2025-11-26""), 3)",20.163319001499104
"(Date(""2025-11-26""), 31)",20.163319001499104
"(Date(""2025-11-26""), 80)",20.163319001499104
"(Date(""2025-11-26""), 17)",20.163319001499104
"(Date(""2025-11-26""), 103)",20.163319001499104
"(Date(""2025-11-26""), 66)",20.163319001499104
"(Date(""2025-11-27""), 6)",12.889228997075048
"(Date(""2025-11-27""), 31)",12.889228997075048
"(Date(""2025-11-27""), 3)",12.889228997075048
"(Date(""2025-11-27""), 80)",12.889228997075048
"(Date(""2025-11-27""), 17)",12.889228997075048
"(Date(""2025-11-27""), 103)",12.889228997075048
"(Date(""2025-11-27""), 66)",12.889228997075048
"(Date(""2025-11-28""), 31)",14.005188116363128
"(Date(""2025-11-28""), 6)",14.005188116363128
"(Date(""2025-11-28""), 3)",14.005188116363128
"(Date(""2025-11-28""), 80)",14.005188116363128
"(Date(""2025-11-28""), 17)",14.005188116363128
"(Date(""2025-11-28""), 103)",14.005188116363128
"(Date(""2025-11-28""), 66)",14.005188116363128
"(Date(""2025-11-29""), 31)",15.118361893261701
"(Date(""2025-11-29""), 6)",15.118361893261701
"(Date(""2025-11-29""), 3)",15.118361893261701
"(Date(""2025-11-29""), 80)",15.118361893261701
"(Date(""2025-11-29""), 17)",15.118361893261701
"(Date(""2025-11-29""), 103)",15.118361893261701
"(Date(""2025-11-29""), 66)",15.118361893261701
"(Date(""2025-11-30""), 31)",18.189401420193516
"(Date(""2025-11-30""), 6)",18.189401420193516
"(Date(""2025-11-30""), 3)",18.189401420193516
"(Date(""2025-11-30""), 80)",18.189401420193516
"(Date(""2025-11-30""), 17)",18.189401420193516
"(Date(""2025-11-30""), 103)",18.189401420193516
"(Date(""2025-11-30""), 66)",18.189401420193516
"(Date(""2025-12-01""), 3)",17.450017944051147
"(Date(""2025-12-01""), 31)",17.450017944051147
"(Date(""2025-12-01""), 6)",17.450017944051147
"(Date(""2025-12-01""), 80)",17.450017944051147
"(Date(""2025-12-01""), 17)",17.450017944051147
"(Date(""2025-12-01""), 103)",17.450017944051147
"(Date(""2025-12-01""), 66)",17.450017944051147
"(Date(""2025-12-02""), 6)",21.216037383774328
"(Date(""2025-12-02""), 3)",21.216037383774328
"(Date(""2025-12-02""), 31)",21.216037383774328
"(Date(""2025-12-02""), 80)",21.216037383774328
"(Date(""2025-12-02""), 17)",21.216037383774328
"(Date(""2025-12-02""), 103)",21.216037383774328
"(Date(""2025-12-02""), 66)",21.216037383774328
"(Date(""2025-12-03""), 6)",21.66803167204133
"(Date(""2025-12-03""), 31)",21.66803167204133
"(Date(""2025-12-03""), 3)",21.66803167204133
"(Date(""2025-12-03""), 80)",21.66803167204133
"(Date(""2025-12-03""), 17)",21.66803167204133
"(Date(""2025-12-03""), 103)",21.66803167204133
"(Date(""2025-12-03""), 66)",21.66803167204133
"(Date(""2025-12-04""), 6)",13.292802952343994
"(Date(""2025-12-04""), 3)",13.292802952343994
"(Date(""2025-12-04""), 31)",13.292802952343994
"(Date(""2025-12-04""), 80)",13.292802952343994
"(Date(""2025-12-04""), 17)",13.292802952343994
"(Date(""2025-12-04""), 103)",13.292802952343994
"(Date(""2025-12-04""), 66)",13.292802952343994
"(Date(""2025-12-05""), 3)",22.829567581978214
"(Date(""2025-12-05""), 31)",22.829567581978214
"(Date(""2025-12-05""), 6)",22.829567581978214
"(Date(""2025-12-05""), 80)",22.829567581978214
"(Date(""2025-12-05""), 17)",22.829567581978214
"(Date(""2025-12-05""), 103)",22.829567581978214
"(Date(""2025-12-05""), 66)",22.829567581978214
"(Date(""2025-12-06""), 3)",19.345825466061655
"(Date(""2025-12-06""), 31)",19.345825466061655
"(Date(""2025-12-06""), 6)",19.345825466061655
"(Date(""2025-12-06""), 80)",19.345825466061655
"(Date(""2025-12-06""), 17)",19.345825466061655
"(Date(""2025-12-06""), 103)",19.345825466061655
"(Date(""2025-12-06""), 66)",19.345825466061655
"(Date(""2025-12-07""), 3)",23.76454717109435
"(Date(""2025-12-07""), 31)",23.76454717109435
"(Date(""2025-12-07""), 6)",23.76454717109435
"(Date(""2025-12-07""), 80)",23.76454717109435
"(Date(""2025-12-07""), 17)",23.76454717109435
"(Date(""2025-12-07""), 103)",23.76454717109435
"(Date(""2025-12-07""), 66)",23.76454717109435
"(Date(""2025-12-08""), 6)",19.728797481301648
"(Date(""2025-12-08""), 3)",19.728797481301648
"(Date(""2025-12-08""), 31)",19.728797481301648
"(Date(""2025-12-08""), 80)",19.728797481301648
"(Date(""2025-12-08""), 17)",19.728797481301648
"(Date(""2025-12-08""), 103)",19.728797481301648
"(Date(""2025-12-08""), 66)",19.728797481301648
"(Date(""2025-12-09""), 6)",24.27353584338394
"(Date(""2025-12-09""), 3)",24.27353584338394
"(Date(""2025-12-09""), 31)",24.27353584338394
"(Date(""2025-12-09""), 80)",24.27353584338394
"(Date(""2025-12-09""), 17)",24.27353584338394
"(Date(""2025-12-09""), 103)",24.27353584338394
"(Date(""2025-12-09""), 66)",24.27353584338394
"(Date(""2025-12-10""), 80)",22.19788402737642
"(Date(""2025-12-10""), 6)",22.19788402737642
"(Date(""2025-12-10""), 3)",22.19788402737642
"(Date(""2025-12-10""), 31)",22.19788402737642
"(Date(""2025-12-10""), 17)",22.19788402737642
"(Date(""2025-12-10""), 103)",22.19788402737642
"(Date(""2025-12-10""), 66)",22.19788402737642
"(Date(""2025-12-11""), 80)",16.283948349028645
"(Date(""2025-12-11""), 6)",16.283948349028645
"(Date(""2025-12-11""), 3)",16.283948349028645
"(Date(""2025-12-11""), 31)",16.283948349028645
"(Date(""2025-12-11""), 17)",16.283948349028645
"(Date(""2025-12-11""), 103)",16.283948349028645
"(Date(""2025-12-11""), 66)",16.283948349028645
"(Date(""2025-12-12""), 3)",13.3731621905597
"(Date(""2025-12-12""), 80)",13.3731621905597
"(Date(""2025-12-12""), 31)",13.3731621905597
"(Date(""2025-12-12""), 6)",13.3731621905597
"(Date(""2025-12-12""), 17)",13.3731621905597
"(Date(""2025-12-12""), 103)",13.3731621905597
"(Date(""2025-12-12""), 66)",13.3731621905597
"(Date(""2025-12-13""), 3)",22.581114086435164
"(Date(""2025-12-13""), 80)",22.581114086435164
"(Date(""2025-12-13""), 31)",22.581114086435164
"(Date(""2025-12-13""), 6)",22.581114086435164
"(Date(""2025-12-13""), 17)",22.581114086435164
"(Date(""2025-12-13""), 103)",22.581114086435164
"(Date(""2025-12-13""), 66)",22.581114086435164
"(Date(""2025-12-14""), 3)",21.70145719009102
"(Date(""2025-12-14""), 80)",21.70145719009102
"(Date(""2025-12-14""), 31)",21.70145719009102
"(Date(""2025-12-14""), 6)",21.70145719009102
"(Date(""2025-12-14""), 17)",21.70145719009102
"(Date(""2025-12-14""), 103)",21.70145719009102
"(Date(""2025-12-14""), 66)",21.70145719009102
"(Date(""2025-12-15""), 3)",18.50322950225989
"(Date(""2025-12-15""), 80)",18.50322950225989
"(Date(""2025-12-15""), 31)",18.50322950225989
"(Date(""2025-12-15""), 6)",18.50322950225989
"(Date(""2025-12-15""), 17)",18.50322950225989
"(Date(""2025-12-15""), 103)",18.50322950225989
"(Date(""2025-12-15""), 66)",18.50322950225989
"(Date(""2025-12-16""), 3)",18.587534988255456
"(Date(""2025-12-16""), 80)",18.587534988255456
"(Date(""2025-12-16""), 31)",18.587534988255456
"(Date(""2025-12-16""), 6)",18.587534988255456
"(Date(""2025-12-16""), 17)",18.587534988255456
"(Date(""2025-12-16""), 103)",18.587534988255456
"(Date(""2025-12-16""), 66)",18.587534988255456
"(Date(""2025-12-17""), 3)",16.933326284436546
"(Date(""2025-12-17""), 80)",16.933326284436546
"(Date(""2025-12-17""), 31)",16.933326284436546
"(Date(""2025-12-17""), 6)",16.933326284436546
"(Date(""2025-12-17""), 17)",16.933326284436546
"(Date(""2025-12-17""), 103)",16.933326284436546
"(Date(""2025-12-17""), 66)",16.933326284436546
"(Date(""2025-12-18""), 6)",21.864302209408855
"(Date(""2025-12-18""), 3)",21.864302209408855
"(Date(""2025-12-18""), 31)",21.864302209408855
"(Date(""2025-12-18""), 80)",21.864302209408855
"(Date(""2025-12-18""), 17)",21.864302209408855
"(Date(""2025-12-18""), 66)",21.864302209408855
"(Date(""2025-12-18""), 103)",21.864302209408855
"(Date(""2025-12-19""), 3)",16.180433549751726
"(Date(""2025-12-19""), 6)",16.180433549751726
"(Date(""2025-12-19""), 31)",16.180433549751726
"(Date(""2025-12-19""), 80)",16.180433549751726
"(Date(""2025-12-19""), 17)",16.180433549751726
"(Date(""2025-12-19""), 66)",16.180433549751726
"(Date(""2025-12-19""), 103)",16.180433549751726
"(Date(""2025-12-20""), 3)",16.59495004396565
"(Date(""2025-12-20""), 6)",16.59495004396565
"(Date(""2025-12-20""), 31)",16.59495004396565
"(Date(""2025-12-20""), 80)",16.59495004396565
"(Date(""2025-12-20""), 66)",16.59495004396565
"(Date(""2025-12-20""), 103)",16.59495004396565
"(Date(""2025-12-20""), 17)",16.59495004396565
"(Date(""2025-12-21""), 3)",13.07352570719771
"(Date(""2025-12-21""), 6)",13.07352570719771
"(Date(""2025-12-21""), 31)",13.07352570719771
"(Date(""2025-12-21""), 80)",13.07352570719771
"(Date(""2025-12-21""), 66)",13.07352570719771
"(Date(""2025-12-21""), 103)",13.07352570719771
"(Date(""2025-12-21""), 17)",13.07352570719771
"(Date(""2025-12-22""), 3)",20.902994620582696
"(Date(""2025-12-22""), 6)",20.902994620582696
"(Date(""2025-12-22""), 31)",20.902994620582696
"(Date(""2025-12-22""), 80)",20.902994620582696
"(Date(""2025-12-22""), 17)",20.902994620582696
"(Date(""2025-12-22""), 66)",20.902994620582696
"(Date(""2025-12-22""), 103)",20.902994620582696
"(Date(""2025-12-23""), 3)",19.523592784828743
"(Date(""2025-12-23""), 6)",19.523592784828743
"(Date(""2025-12-23""), 31)",19.523592784828743
"(Date(""2025-12-23""), 80)",19.523592784828743
"(Date(""2025-12-23""), 17)",19.523592784828743
"(Date(""2025-12-23""), 66)",19.523592784828743
"(Date(""2025-12-23""), 103)",19.523592784828743
"(Date(""2025-12-24""), 3)",21.533521254813284
"(Date(""2025-12-24""), 6)",21.533521254813284
"(Date(""2025-12-24""), 31)",21.533521254813284
"(Date(""2025-12-24""), 80)",21.533521254813284
"(Date(""2025-12-24""), 17)",21.533521254813284
"(Date(""2025-12-24""), 66)",21.533521254813284
"(Date(""2025-12-24""), 103)",21.533521254813284
"(Date(""2025-12-25""), 3)",19.514908183694747
"(Date(""2025-12-25""), 6)",19.514908183694747
"(Date(""2025-12-25""), 31)",19.514908183694747
"(Date(""2025-12-25""), 80)",19.514908183694747
"(Date(""2025-12-25""), 17)",19.514908183694747
"(Date(""2025-12-25""), 66)",19.514908183694747
"(Date(""2025-12-25""), 103)",19.514908183694747
"(Date(""2025-12-26""), 3)",21.860589878698008
"(Date(""2025-12-26""), 6)",21.860589878698008
"(Date(""2025-12-26""), 31)",21.860589878698008
"(Date(""2025-12-26""), 80)",21.860589878698008
"(Date(""2025-12-26""), 17)",21.860589878698008
"(Date(""2025-12-26""), 66)",21.860589878698008
"(Date(""2025-12-26""), 103)",21.860589878698008
"(Date(""2025-12-27""), 3)",20.290877351873398
"(Date(""2025-12-27""), 6)",20.290877351873398
"(Date(""2025-12-27""), 31)",20.290877351873398
"(Date(""2025-12-27""), 80)",20.290877351873398
"(Date(""2025-12-27""), 17)",20.290877351873398
"(Date(""2025-12-27""), 66)",20.290877351873398
"(Date(""2025-12-27""), 103)",20.290877351873398
"(Date(""2025-12-28""), 3)",21.662872583432605
"(Date(""2025-12-28""), 6)",21.662872583432605
"(Date(""2025-12-28""), 31)",21.662872583432605
"(Date(""2025-12-28""), 80)",21.662872583432605
"(Date(""2025-12-28""), 17)",21.662872583432605
"(Date(""2025-12-28""), 66)",21.662872583432605
"(Date(""2025-12-28""), 103)",21.662872583432605
"(Date(""2025-12-29""), 3)",17.678718626508513
"(Date(""2025-12-29""), 6)",17.678718626508513
"(Date(""2025-12-29""), 31)",17.678718626508513
"(Date(""2025-12-29""), 80)",17.678718626508513
"(Date(""2025-12-29""), 66)",17.678718626508513
"(Date(""2025-12-29""), 103)",17.678718626508513
"(Date(""2025-12-29""), 17)",17.678718626508513
"(Date(""2025-12-30""), 3)",13.0394813293672
"(Date(""2025-12-30""), 6)",13.0394813293672
"(Date(""2025-12-30""), 31)",13.0394813293672
"(Date(""2025-12-30""), 80)",13.0394813293672
"(Date(""2025-12-30""), 66)",13.0394813293672
"(Date(""2025-12-30""), 103)",13.0394813293672
"(Date(""2025-12-30""), 17)",13.0394813293672
"(Date(""2025-12-31""), 3)",17.658423582657647
"(Date(""2025-12-31""), 6)",17.658423582657647
"(Date(""2025-12-31""), 31)",17.658423582657647
"(Date(""2025-12-31""), 80)",17.658423582657647
"(Date(""2025-12-31""), 66)",17.65842358265769
"(Date(""2025-12-31""), 103)",17.65842358265769
"(Date(""2025-12-31""), 17)",17.65842358265769
