id,PM
"(Date(""2025-01-01""), 3)",17.688591755095484
"(Date(""2025-01-02""), 3)",10.625583565468107
"(Date(""2025-01-03""), 3)",9.613406170533514
"(Date(""2025-01-04""), 3)",8.298511520130797
"(Date(""2025-01-05""), 3)",10.318727998718472
"(Date(""2025-01-06""), 3)",13.132057654108124
"(Date(""2025-01-07""), 3)",14.69745607976614
"(Date(""2025-01-08""), 3)",14.51316521872897
"(Date(""2025-01-09""), 3)",14.042752154428655
"(Date(""2025-01-10""), 3)",13.622130375191986
"(Date(""2025-01-11""), 3)",24.807824107915472
"(Date(""2025-01-12""), 3)",27.388344482732364
"(Date(""2025-01-13""), 3)",43.43790211323844
"(Date(""2025-01-14""), 3)",18.330854068642505
"(Date(""2025-01-15""), 3)",17.740353382634652
"(Date(""2025-01-16""), 3)",29.376321483503368
"(Date(""2025-01-17""), 3)",38.287486009328724
"(Date(""2025-01-18""), 3)",32.414780527322584
"(Date(""2025-01-19""), 3)",29.96812847829676
"(Date(""2025-01-20""), 3)",28.25324484871236
"(Date(""2025-01-21""), 3)",30.572786827649363
"(Date(""2025-01-22""), 3)",20.021842196101737
"(Date(""2025-01-23""), 3)",20.653251895984063
"(Date(""2025-01-24""), 3)",24.114119559236237
"(Date(""2025-01-25""), 3)",33.78726137937402
"(Date(""2025-01-26""), 3)",23.084811543365692
"(Date(""2025-01-27""), 3)",17.28892321826518
"(Date(""2025-01-28""), 3)",13.393821650232423
"(Date(""2025-01-29""), 3)",24.34288880060779
"(Date(""2025-01-30""), 3)",21.726068667987743
"(Date(""2025-01-31""), 3)",29.13669199536865
"(Date(""2025-02-01""), 3)",16.658067047171556
"(Date(""2025-02-02""), 3)",23.795374583193023
"(Date(""2025-02-03""), 3)",39.42050472843793
"(Date(""2025-02-04""), 3)",20.472060568620225
"(Date(""2025-02-05""), 3)",20.5710615399216
"(Date(""2025-02-06""), 3)",25.987939895587573
"(Date(""2025-02-07""), 3)",17.657783254218053
"(Date(""2025-02-08""), 3)",17.526472001017485
"(Date(""2025-02-09""), 3)",19.2115919633705
"(Date(""2025-02-10""), 3)",21.204334248274886
"(Date(""2025-02-11""), 3)",20.103006915611367
"(Date(""2025-02-12""), 3)",12.134449416615476
"(Date(""2025-02-13""), 3)",17.59562963526028
"(Date(""2025-02-14""), 3)",12.778773859574745
"(Date(""2025-02-15""), 3)",18.21783077540464
"(Date(""2025-02-16""), 3)",12.288232314844588
"(Date(""2025-02-17""), 3)",10.141728437883826
"(Date(""2025-02-18""), 3)",8.155933982655327
"(Date(""2025-02-19""), 3)",9.397722070208143
"(Date(""2025-02-20""), 3)",22.334689207565994
"(Date(""2025-02-21""), 3)",17.73514522457646
"(Date(""2025-02-22""), 3)",23.710223251245633
"(Date(""2025-02-23""), 3)",23.893846879792964
"(Date(""2025-02-24""), 3)",28.45371892616709
"(Date(""2025-02-25""), 3)",35.64793719611524
"(Date(""2025-02-26""), 3)",30.55417563305655
"(Date(""2025-02-27""), 3)",35.30057980656496
"(Date(""2025-02-28""), 3)",15.742753287090203
"(Date(""2025-03-01""), 3)",18.06750380213065
"(Date(""2025-03-02""), 3)",11.183204672420095
"(Date(""2025-03-03""), 3)",24.541486050156088
"(Date(""2025-03-04""), 3)",32.818100129679955
"(Date(""2025-03-05""), 3)",18.295079847871833
"(Date(""2025-03-06""), 3)",19.559671249753247
"(Date(""2025-03-07""), 3)",16.087938442494174
"(Date(""2025-03-08""), 3)",11.933654683950536
"(Date(""2025-03-09""), 3)",14.469846028519155
"(Date(""2025-03-10""), 3)",21.706968978740353
"(Date(""2025-03-11""), 3)",25.598680720895835
"(Date(""2025-03-12""), 3)",16.56735094207212
"(Date(""2025-03-13""), 3)",20.85763998171463
"(Date(""2025-03-14""), 3)",43.41185874826136
"(Date(""2025-03-15""), 3)",37.92695818249573
"(Date(""2025-03-16""), 3)",22.215598052982134
"(Date(""2025-03-17""), 3)",14.79937807535447
"(Date(""2025-03-18""), 3)",15.990403053217483
"(Date(""2025-03-19""), 3)",11.765098892061514
"(Date(""2025-03-20""), 3)",16.420196430100095
"(Date(""2025-03-21""), 3)",15.84868477620643
"(Date(""2025-03-22""), 3)",12.795190459850893
"(Date(""2025-03-23""), 3)",11.11705410983692
"(Date(""2025-03-24""), 3)",13.869903719859122
"(Date(""2025-03-25""), 3)",11.50538247766554
"(Date(""2025-03-26""), 3)",14.822811110853888
"(Date(""2025-03-27""), 3)",13.733911863378491
"(Date(""2025-03-28""), 3)",12.156438363676044
"(Date(""2025-03-29""), 3)",10.405468222534973
"(Date(""2025-03-30""), 3)",9.170046794841227
"(Date(""2025-03-31""), 3)",14.958783336175673
"(Date(""2025-04-01""), 3)",8.728550714892561
"(Date(""2025-04-02""), 3)",9.344951266562113
"(Date(""2025-04-03""), 3)",16.583696735856908
"(Date(""2025-04-04""), 3)",10.612997801214515
"(Date(""2025-04-05""), 3)",10.65780528929698
"(Date(""2025-04-06""), 3)",15.233334515682616
"(Date(""2025-04-07""), 3)",14.362775604189515
"(Date(""2025-04-08""), 3)",13.593810847924995
"(Date(""2025-04-09""), 3)",16.60181628758911
"(Date(""2025-04-10""), 3)",19.5809721526508
"(Date(""2025-04-11""), 3)",20.388949811793797
"(Date(""2025-04-12""), 3)",20.56772639170572
"(Date(""2025-04-13""), 3)",21.194149115593817
"(Date(""2025-04-14""), 3)",20.93243339904022
"(Date(""2025-04-15""), 3)",21.41871431052706
"(Date(""2025-04-16""), 3)",14.377682582005882
"(Date(""2025-04-17""), 3)",11.82377368505394
"(Date(""2025-04-18""), 3)",18.177219114314735
"(Date(""2025-04-19""), 3)",17.776359158611708
"(Date(""2025-04-20""), 3)",12.09600470895527
"(Date(""2025-04-21""), 3)",14.623740021211164
"(Date(""2025-04-22""), 3)",17.03801324144474
"(Date(""2025-04-23""), 3)",13.296025687655327
"(Date(""2025-04-24""), 3)",15.166863063319049
"(Date(""2025-04-25""), 3)",15.574805584922778
"(Date(""2025-04-26""), 3)",12.588780181399024
"(Date(""2025-04-27""), 3)",14.406920522903748
"(Date(""2025-04-28""), 3)",23.371834461632783
"(Date(""2025-04-29""), 3)",30.231504482133914
"(Date(""2025-04-30""), 3)",13.475369422780377
"(Date(""2025-05-01""), 3)",13.77226448978055
"(Date(""2025-05-02""), 3)",20.661403619475013
"(Date(""2025-05-03""), 3)",16.003699980096453
"(Date(""2025-05-04""), 3)",20.89632229834523
"(Date(""2025-05-05""), 3)",18.754084179070293
"(Date(""2025-05-06""), 3)",18.973564322157547
"(Date(""2025-05-07""), 3)",22.084908038448365
"(Date(""2025-05-08""), 3)",11.659649190492408
"(Date(""2025-05-09""), 3)",9.737274020808972
"(Date(""2025-05-10""), 3)",11.578950870596069
"(Date(""2025-05-11""), 3)",15.41200275198729
"(Date(""2025-05-12""), 3)",20.182724749113497
"(Date(""2025-05-13""), 3)",23.73884070510889
"(Date(""2025-05-14""), 3)",27.96351563913891
"(Date(""2025-05-15""), 3)",27.318899289982447
"(Date(""2025-05-16""), 3)",31.157037845918367
"(Date(""2025-05-17""), 3)",26.325638796720355
"(Date(""2025-05-18""), 3)",14.69674538438734
"(Date(""2025-05-19""), 3)",8.628149123585997
"(Date(""2025-05-20""), 3)",7.7595616738083475
"(Date(""2025-05-21""), 3)",10.144150177711907
"(Date(""2025-05-22""), 3)",9.53725866265793
"(Date(""2025-05-23""), 3)",9.263685473993217
"(Date(""2025-05-24""), 3)",11.13082690589963
"(Date(""2025-05-25""), 3)",12.50068870700001
"(Date(""2025-05-26""), 3)",22.080335059654157
"(Date(""2025-05-27""), 3)",22.607620576437938
"(Date(""2025-05-28""), 3)",29.63061767260847
"(Date(""2025-05-29""), 3)",25.697374677986254
"(Date(""2025-05-30""), 3)",18.866634946956633
"(Date(""2025-05-31""), 3)",15.474570890312494
"(Date(""2025-06-01""), 3)",9.59343714819716
"(Date(""2025-06-02""), 3)",17.334415210100556
"(Date(""2025-06-03""), 3)",26.0604943082502
"(Date(""2025-06-04""), 3)",43.958461069112026
"(Date(""2025-06-05""), 3)",35.17790333477795
"(Date(""2025-06-06""), 3)",41.969234448361505
"(Date(""2025-06-07""), 3)",42.09662981952937
"(Date(""2025-06-08""), 3)",23.902878384896294
"(Date(""2025-06-09""), 3)",21.510988358861344
"(Date(""2025-06-10""), 3)",23.714471429367514
"(Date(""2025-06-11""), 3)",16.722386689796217
"(Date(""2025-06-12""), 3)",13.925525322657878
"(Date(""2025-06-13""), 3)",11.221740840104376
"(Date(""2025-06-14""), 3)",15.076448784818586
"(Date(""2025-06-15""), 3)",24.223808782310723
"(Date(""2025-06-16""), 3)",30.141596416806852
"(Date(""2025-06-17""), 3)",27.92121573369058
"(Date(""2025-06-18""), 3)",34.359103453941934
"(Date(""2025-06-19""), 3)",25.871412548391053
"(Date(""2025-06-20""), 3)",17.851750272096986
"(Date(""2025-06-21""), 3)",24.522114927810335
"(Date(""2025-06-22""), 3)",25.52704171655962
"(Date(""2025-06-23""), 3)",21.852997462545382
"(Date(""2025-06-24""), 3)",14.26394100942631
"(Date(""2025-06-25""), 3)",17.111229547519063
"(Date(""2025-06-26""), 3)",18.33681125743499
"(Date(""2025-06-27""), 3)",20.70824767026522
"(Date(""2025-06-28""), 3)",17.524147529642857
"(Date(""2025-06-29""), 3)",15.979397665735092
"(Date(""2025-06-30""), 3)",27.25147054241424
"(Date(""2025-07-01""), 3)",23.511051355059152
"(Date(""2025-07-02""), 3)",20.47939859783224
"(Date(""2025-07-03""), 3)",20.839740095873847
"(Date(""2025-07-04""), 3)",13.911744552726725
"(Date(""2025-07-05""), 3)",18.460090557330943
"(Date(""2025-07-06""), 3)",35.35098503589678
"(Date(""2025-07-07""), 3)",19.7681204589769
"(Date(""2025-07-08""), 3)",15.655378003749346
"(Date(""2025-07-09""), 3)",33.86008709323135
"(Date(""2025-07-10""), 3)",36.66427163960019
"(Date(""2025-07-11""), 3)",39.66233537226466
"(Date(""2025-07-12""), 3)",25.597498736895805
"(Date(""2025-07-13""), 3)",22.029887364712884
"(Date(""2025-07-14""), 3)",20.069199440131857
"(Date(""2025-07-15""), 3)",31.63285155081956
"(Date(""2025-07-16""), 3)",23.189730077998654
"(Date(""2025-07-17""), 3)",17.274551408681027
"(Date(""2025-07-18""), 3)",13.881979736615758
"(Date(""2025-07-19""), 3)",16.464243922224465
"(Date(""2025-07-20""), 3)",19.083841265054197
"(Date(""2025-07-21""), 3)",15.31171629737501
"(Date(""2025-07-22""), 3)",12.675430841297551
"(Date(""2025-07-23""), 3)",21.49910999897456
"(Date(""2025-07-24""), 3)",21.822417414880515
"(Date(""2025-07-25""), 3)",19.45061655800204
"(Date(""2025-07-26""), 3)",27.131466771814786
"(Date(""2025-07-27""), 3)",21.178165827812233
"(Date(""2025-07-28""), 3)",34.73602585126919
"(Date(""2025-07-29""), 3)",25.879236589977587
"(Date(""2025-07-30""), 3)",19.356509568515428
"(Date(""2025-07-31""), 3)",21.549530555812268
"(Date(""2025-08-01""), 3)",16.96968203672514
"(Date(""2025-08-02""), 3)",20.293356113591525
"(Date(""2025-08-03""), 3)",22.929813569729962
"(Date(""2025-08-04""), 3)",28.7101111323288
"(Date(""2025-08-05""), 3)",19.64093842155512
"(Date(""2025-08-06""), 3)",20.30186300547758
"(Date(""2025-08-07""), 3)",36.49464529618595
"(Date(""2025-08-08""), 3)",49.96812204356886
"(Date(""2025-08-09""), 3)",41.33584495878211
"(Date(""2025-08-10""), 3)",40.120509757300326
"(Date(""2025-08-11""), 3)",53.68832391188439
"(Date(""2025-08-12""), 3)",55.84192789736071
"(Date(""2025-08-13""), 3)",25.49353056095567
"(Date(""2025-08-14""), 3)",15.8550017596521
"(Date(""2025-08-15""), 3)",17.871057660054525
"(Date(""2025-08-16""), 3)",28.87350154348131
"(Date(""2025-08-17""), 3)",26.79673574449894
"(Date(""2025-08-18""), 3)",15.589469198466894
"(Date(""2025-08-19""), 3)",15.130160838895629
"(Date(""2025-08-20""), 3)",19.806488452220286
"(Date(""2025-08-21""), 3)",20.28950706438874
"(Date(""2025-08-22""), 3)",19.926006067860193
"(Date(""2025-08-23""), 3)",20.07001541338953
"(Date(""2025-08-24""), 3)",19.36949913206545
"(Date(""2025-08-25""), 3)",17.484610726897923
"(Date(""2025-08-26""), 3)",10.230555630385313
"(Date(""2025-08-27""), 3)",12.986467089637156
"(Date(""2025-08-28""), 3)",15.495503070956653
"(Date(""2025-08-29""), 3)",16.64368726354289
"(Date(""2025-08-30""), 3)",12.758003671241392
"(Date(""2025-08-31""), 3)",17.845254810081812
"(Date(""2025-09-01""), 3)",23.523849391010625
"(Date(""2025-09-02""), 3)",23.4534708997717
"(Date(""2025-09-03""), 3)",23.863873926144695
"(Date(""2025-09-04""), 3)",26.81133085637699
"(Date(""2025-09-05""), 3)",17.37136452841959
"(Date(""2025-09-06""), 3)",15.819702117388932
"(Date(""2025-09-07""), 3)",15.11757546569309
"(Date(""2025-09-08""), 3)",12.80679053418208
"(Date(""2025-09-09""), 3)",11.248350676348293
"(Date(""2025-09-10""), 3)",17.694011386146823
"(Date(""2025-09-11""), 3)",14.904128036598884
"(Date(""2025-09-12""), 3)",13.871042963630863
"(Date(""2025-09-13""), 3)",20.466135786527673
"(Date(""2025-09-14""), 3)",21.240857158426127
"(Date(""2025-09-15""), 3)",15.936373669887828
"(Date(""2025-09-16""), 3)",18.058708683355384
"(Date(""2025-09-17""), 3)",29.669682030957716
"(Date(""2025-09-18""), 3)",28.14451114516442
"(Date(""2025-09-19""), 3)",17.374787174699577
"(Date(""2025-09-20""), 3)",14.810651162201621
"(Date(""2025-09-21""), 3)",19.12652232317376
"(Date(""2025-09-22""), 3)",14.15207689187704
"(Date(""2025-09-23""), 3)",19.221719433317112
"(Date(""2025-09-24""), 3)",13.30495173582519
"(Date(""2025-09-25""), 3)",12.13531209682267
"(Date(""2025-09-26""), 3)",9.277723941486556
"(Date(""2025-09-27""), 3)",13.56796596995903
"(Date(""2025-09-28""), 3)",13.82801350668884
"(Date(""2025-09-29""), 3)",14.837928782422104
"(Date(""2025-09-30""), 3)",12.72146778634105
"(Date(""2025-10-01""), 3)",10.172980819788743
"(Date(""2025-10-02""), 3)",13.370301731146274
"(Date(""2025-10-03""), 3)",21.97824480067542
"(Date(""2025-10-04""), 3)",32.18556973788596
"(Date(""2025-10-05""), 3)",35.72449574692552
"(Date(""2025-10-06""), 3)",36.9872993767952
"(Date(""2025-10-07""), 3)",20.57157329798089
"(Date(""2025-10-08""), 3)",8.91321942564818
"(Date(""2025-10-09""), 3)",6.620968275445314
"(Date(""2025-10-10""), 3)",12.24467065891849
"(Date(""2025-10-11""), 3)",16.456026730607366
"(Date(""2025-10-12""), 3)",13.284657813543967
"(Date(""2025-10-13""), 3)",5.371921609112326
"(Date(""2025-10-14""), 3)",13.841982434703498
"(Date(""2025-10-15""), 3)",9.625179826988678
"(Date(""2025-10-16""), 3)",10.150598300219661
"(Date(""2025-10-17""), 3)",14.81725897862658
"(Date(""2025-10-18""), 3)",18.227944724541164
"(Date(""2025-10-19""), 3)",17.15091046206696
"(Date(""2025-10-20""), 3)",14.927255851855868
"(Date(""2025-10-21""), 3)",7.922303818478965
"(Date(""2025-10-22""), 3)",9.867686801536644
"(Date(""2025-10-23""), 3)",8.324018682547802
"(Date(""2025-10-24""), 3)",11.195785503688063
"(Date(""2025-10-25""), 3)",9.496222240475944
"(Date(""2025-10-26""), 3)",8.074388652999088
"(Date(""2025-10-27""), 3)",15.43725157650899
"(Date(""2025-10-28""), 3)",15.2223081907964
"(Date(""2025-10-29""), 3)",13.26388078907802
"(Date(""2025-10-30""), 3)",12.3614525494655
"(Date(""2025-10-31""), 3)",11.429960408229505
"(Date(""2025-11-01""), 3)",10.01808095145763
"(Date(""2025-11-02""), 3)",12.0857518781764
"(Date(""2025-11-03""), 3)",12.617402026040963
"(Date(""2025-11-04""), 3)",10.326896777713328
"(Date(""2025-11-05""), 3)",12.912032885333158
"(Date(""2025-11-06""), 3)",13.940182821929842
"(Date(""2025-11-07""), 3)",16.384561472468228
"(Date(""2025-11-08""), 3)",14.140980278592926
"(Date(""2025-11-09""), 3)",8.86837791210992
"(Date(""2025-11-10""), 3)",15.399071138893339
"(Date(""2025-11-11""), 3)",9.900997669554238
"(Date(""2025-11-12""), 3)",20.656860589629776
"(Date(""2025-11-13""), 3)",22.432722237509548
"(Date(""2025-11-14""), 3)",20.738943924065637
"(Date(""2025-11-15""), 3)",18.393798115038905
"(Date(""2025-11-16""), 3)",11.722206438613618
"(Date(""2025-11-17""), 3)",11.572102111923257
"(Date(""2025-11-18""), 3)",10.189724773293003
"(Date(""2025-11-19""), 3)",18.74223769876887
"(Date(""2025-11-20""), 3)",48.593390035086976
"(Date(""2025-11-21""), 3)",35.43698464698367
"(Date(""2025-11-22""), 3)",21.060744034714954
"(Date(""2025-11-23""), 3)",28.30766404851452
"(Date(""2025-11-24""), 3)",24.526857965415317
"(Date(""2025-11-25""), 3)",21.11455702719072
"(Date(""2025-11-26""), 3)",22.255218895749557
"(Date(""2025-11-27""), 3)",8.320318557338
"(Date(""2025-11-28""), 3)",5.86974617355966
"(Date(""2025-11-29""), 3)",7.554571816222668
"(Date(""2025-11-30""), 3)",10.633863839873209
"(Date(""2025-12-01""), 3)",8.54190000354385
"(Date(""2025-12-02""), 3)",12.587091088857132
"(Date(""2025-12-03""), 3)",21.007322258963967
"(Date(""2025-12-04""), 3)",11.509373193177096
"(Date(""2025-12-05""), 3)",12.581255922156746
"(Date(""2025-12-06""), 3)",19.39849326214734
"(Date(""2025-12-07""), 3)",19.950852035874235
"(Date(""2025-12-08""), 3)",18.09399737425789
"(Date(""2025-12-09""), 3)",31.34933969309033
"(Date(""2025-12-10""), 3)",35.73125628247808
"(Date(""2025-12-11""), 3)",15.012835820507027
"(Date(""2025-12-12""), 3)",10.286656149650742
"(Date(""2025-12-13""), 3)",22.871515360490186
"(Date(""2025-12-14""), 3)",18.171598050664794
"(Date(""2025-12-15""), 3)",18.254228991594683
"(Date(""2025-12-16""), 3)",21.056077079701492
"(Date(""2025-12-17""), 3)",20.95814122244197
"(Date(""2025-12-18""), 3)",23.49970296932641
"(Date(""2025-12-19""), 3)",12.07480003734352
"(Date(""2025-12-20""), 3)",9.970018167696509
"(Date(""2025-12-21""), 3)",8.313924560803507
"(Date(""2025-12-22""), 3)",14.194909658709069
"(Date(""2025-12-23""), 3)",20.981749763778385
"(Date(""2025-12-24""), 3)",14.932008144692373
"(Date(""2025-12-25""), 3)",13.41939327245236
"(Date(""2025-12-26""), 3)",16.601387646099568
"(Date(""2025-12-27""), 3)",28.54879616500224
"(Date(""2025-12-28""), 3)",31.71084189999047
"(Date(""2025-12-29""), 3)",20.349668739608383
"(Date(""2025-12-30""), 3)",9.849789141057496
"(Date(""2025-12-31""), 3)",10.277548560560408
"(Date(""2025-01-01""), 6)",17.459793333076
"(Date(""2025-01-02""), 6)",5.842535415854715
"(Date(""2025-01-03""), 6)",4.903175759134696
"(Date(""2025-01-04""), 6)",6.233781111276611
"(Date(""2025-01-05""), 6)",9.564534397897223
"(Date(""2025-01-06""), 6)",16.84235910364012
"(Date(""2025-01-07""), 6)",13.710489001670087
"(Date(""2025-01-08""), 6)",11.124747836392073
"(Date(""2025-01-09""), 6)",9.228823637238284
"(Date(""2025-01-10""), 6)",13.715596057958374
"(Date(""2025-01-11""), 6)",30.2049314758753
"(Date(""2025-01-12""), 6)",26.1481563137945
"(Date(""2025-01-13""), 6)",43.53979315032077
"(Date(""2025-01-14""), 6)",15.275870544196481
"(Date(""2025-01-15""), 6)",16.470016536549533
"(Date(""2025-01-16""), 6)",30.009481337534183
"(Date(""2025-01-17""), 6)",36.93354773146863
"(Date(""2025-01-18""), 6)",19.421728252002136
"(Date(""2025-01-19""), 6)",13.822255199584848
"(Date(""2025-01-20""), 6)",14.261121499157003
"(Date(""2025-01-21""), 6)",29.706455784379063
"(Date(""2025-01-22""), 6)",31.232295535570426
"(Date(""2025-01-23""), 6)",27.430504023944565
"(Date(""2025-01-24""), 6)",26.99293720193492
"(Date(""2025-01-25""), 6)",34.802370778322874
"(Date(""2025-01-26""), 6)",20.99293181871379
"(Date(""2025-01-27""), 6)",13.626739329886503
"(Date(""2025-01-28""), 6)",13.73739023788964
"(Date(""2025-01-29""), 6)",22.027397667529886
"(Date(""2025-01-30""), 6)",23.7302753764358
"(Date(""2025-01-31""), 6)",32.5815195368628
"(Date(""2025-02-01""), 6)",18.642812126313196
"(Date(""2025-02-02""), 6)",26.228025820420783
"(Date(""2025-02-03""), 6)",42.878450099817215
"(Date(""2025-02-04""), 6)",24.809013271973765
"(Date(""2025-02-05""), 6)",21.595888704439204
"(Date(""2025-02-06""), 6)",35.179624805927396
"(Date(""2025-02-07""), 6)",22.084869335190284
"(Date(""2025-02-08""), 6)",21.584793411225736
"(Date(""2025-02-09""), 6)",22.23113552674003
"(Date(""2025-02-10""), 6)",21.61917226053728
"(Date(""2025-02-11""), 6)",21.74017356293873
"(Date(""2025-02-12""), 6)",18.04467878619523
"(Date(""2025-02-13""), 6)",19.872951793688213
"(Date(""2025-02-14""), 6)",19.66880322895792
"(Date(""2025-02-15""), 6)",27.198254379509837
"(Date(""2025-02-16""), 6)",19.35215468418118
"(Date(""2025-02-17""), 6)",8.885424984033518
"(Date(""2025-02-18""), 6)",6.942101147461231
"(Date(""2025-02-19""), 6)",9.005024865333219
"(Date(""2025-02-20""), 6)",23.017571003568733
"(Date(""2025-02-21""), 6)",21.444666631631517
"(Date(""2025-02-22""), 6)",28.298294299702178
"(Date(""2025-02-23""), 6)",21.0420832834915
"(Date(""2025-02-24""), 6)",17.091603509091403
"(Date(""2025-02-25""), 6)",27.67794549379645
"(Date(""2025-02-26""), 6)",27.989725788711706
"(Date(""2025-02-27""), 6)",36.27704355297513
"(Date(""2025-02-28""), 6)",17.240589661923895
"(Date(""2025-03-01""), 6)",21.6667346277388
"(Date(""2025-03-02""), 6)",13.127124955489649
"(Date(""2025-03-03""), 6)",24.337494186742582
"(Date(""2025-03-04""), 6)",29.698753458039967
"(Date(""2025-03-05""), 6)",30.20073945540214
"(Date(""2025-03-06""), 6)",18.656102437190984
"(Date(""2025-03-07""), 6)",10.158094155151806
"(Date(""2025-03-08""), 6)",9.218671699241293
"(Date(""2025-03-09""), 6)",16.162492035251777
"(Date(""2025-03-10""), 6)",21.766155049593088
"(Date(""2025-03-11""), 6)",28.51396904783645
"(Date(""2025-03-12""), 6)",20.221981956758192
"(Date(""2025-03-13""), 6)",26.335899137412614
"(Date(""2025-03-14""), 6)",40.81027406948142
"(Date(""2025-03-15""), 6)",36.11912131258685
"(Date(""2025-03-16""), 6)",20.93713490614507
"(Date(""2025-03-17""), 6)",16.644856888722078
"(Date(""2025-03-18""), 6)",21.358010499793952
"(Date(""2025-03-19""), 6)",17.609405127938082
"(Date(""2025-03-20""), 6)",13.659946230847394
"(Date(""2025-03-21""), 6)",13.344291580876712
"(Date(""2025-03-22""), 6)",16.626302818436283
"(Date(""2025-03-23""), 6)",11.470601277282002
"(Date(""2025-03-24""), 6)",17.993166846776816
"(Date(""2025-03-25""), 6)",15.051966655174475
"(Date(""2025-03-26""), 6)",17.95880462877286
"(Date(""2025-03-27""), 6)",12.442870829250136
"(Date(""2025-03-28""), 6)",12.135276227861766
"(Date(""2025-03-29""), 6)",9.798976712879831
"(Date(""2025-03-30""), 6)",8.913221636532722
"(Date(""2025-03-31""), 6)",20.39380766389057
"(Date(""2025-04-01""), 6)",11.869393949853361
"(Date(""2025-04-02""), 6)",11.993318975503039
"(Date(""2025-04-03""), 6)",14.444413768334696
"(Date(""2025-04-04""), 6)",11.05339749369642
"(Date(""2025-04-05""), 6)",10.261961099215297
"(Date(""2025-04-06""), 6)",13.513207839585695
"(Date(""2025-04-07""), 6)",12.581612673518023
"(Date(""2025-04-08""), 6)",13.972892581812832
"(Date(""2025-04-09""), 6)",12.292494505393693
"(Date(""2025-04-10""), 6)",20.764339960467435
"(Date(""2025-04-11""), 6)",20.466489665913123
"(Date(""2025-04-12""), 6)",20.963627832426404
"(Date(""2025-04-13""), 6)",21.158320396157013
"(Date(""2025-04-14""), 6)",22.325863759265456
"(Date(""2025-04-15""), 6)",21.48160625680856
"(Date(""2025-04-16""), 6)",12.761912140456916
"(Date(""2025-04-17""), 6)",14.684699787579966
"(Date(""2025-04-18""), 6)",17.269329288877277
"(Date(""2025-04-19""), 6)",25.60325715399491
"(Date(""2025-04-20""), 6)",13.48449499925591
"(Date(""2025-04-21""), 6)",18.195822549847676
"(Date(""2025-04-22""), 6)",17.255316044726584
"(Date(""2025-04-23""), 6)",11.92268373393125
"(Date(""2025-04-24""), 6)",19.43390091075781
"(Date(""2025-04-25""), 6)",18.41777624888083
"(Date(""2025-04-26""), 6)",15.008936068274984
"(Date(""2025-04-27""), 6)",13.718962575392482
"(Date(""2025-04-28""), 6)",21.52100082743682
"(Date(""2025-04-29""), 6)",25.16376718311351
"(Date(""2025-04-30""), 6)",15.079790257145236
"(Date(""2025-05-01""), 6)",13.8666155602105
"(Date(""2025-05-02""), 6)",18.38116182195848
"(Date(""2025-05-03""), 6)",17.252529379858277
"(Date(""2025-05-04""), 6)",24.295868137074226
"(Date(""2025-05-05""), 6)",18.393386115318776
"(Date(""2025-05-06""), 6)",17.350555130069836
"(Date(""2025-05-07""), 6)",17.882795299075482
"(Date(""2025-05-08""), 6)",11.861865912147191
"(Date(""2025-05-09""), 6)",11.6443377049524
"(Date(""2025-05-10""), 6)",13.54782486957195
"(Date(""2025-05-11""), 6)",14.748774688135466
"(Date(""2025-05-12""), 6)",18.829847553113193
"(Date(""2025-05-13""), 6)",24.29090484030082
"(Date(""2025-05-14""), 6)",28.939589995223418
"(Date(""2025-05-15""), 6)",23.748966255829945
"(Date(""2025-05-16""), 6)",27.62228676544267
"(Date(""2025-05-17""), 6)",24.47597518787099
"(Date(""2025-05-18""), 6)",16.370986935263588
"(Date(""2025-05-19""), 6)",8.77576389898627
"(Date(""2025-05-20""), 6)",7.903431811439588
"(Date(""2025-05-21""), 6)",10.144150177711907
"(Date(""2025-05-22""), 6)",11.40884569893016
"(Date(""2025-05-23""), 6)",11.565472972982993
"(Date(""2025-05-24""), 6)",11.810766572424798
"(Date(""2025-05-25""), 6)",11.705569344335585
"(Date(""2025-05-26""), 6)",20.734914880741897
"(Date(""2025-05-27""), 6)",21.98229692984287
"(Date(""2025-05-28""), 6)",24.004919703891865
"(Date(""2025-05-29""), 6)",29.73700328000573
"(Date(""2025-05-30""), 6)",20.052092162503886
"(Date(""2025-05-31""), 6)",15.636360548559162
"(Date(""2025-06-01""), 6)",9.012500088717328
"(Date(""2025-06-02""), 6)",16.547806856481714
"(Date(""2025-06-03""), 6)",20.125307204949337
"(Date(""2025-06-04""), 6)",33.83015603699247
"(Date(""2025-06-05""), 6)",30.40006100608066
"(Date(""2025-06-06""), 6)",41.2563330440368
"(Date(""2025-06-07""), 6)",43.417106309984625
"(Date(""2025-06-08""), 6)",23.97975746768614
"(Date(""2025-06-09""), 6)",19.239318188430577
"(Date(""2025-06-10""), 6)",22.97180372064168
"(Date(""2025-06-11""), 6)",23.974088832750088
"(Date(""2025-06-12""), 6)",23.82327785126731
"(Date(""2025-06-13""), 6)",13.17359322525469
"(Date(""2025-06-14""), 6)",16.82746364708987
"(Date(""2025-06-15""), 6)",25.557007232417398
"(Date(""2025-06-16""), 6)",30.18110031926652
"(Date(""2025-06-17""), 6)",27.92121573369058
"(Date(""2025-06-18""), 6)",29.26908367493721
"(Date(""2025-06-19""), 6)",27.16807987265043
"(Date(""2025-06-20""), 6)",22.466008115984206
"(Date(""2025-06-21""), 6)",24.063866092207768
"(Date(""2025-06-22""), 6)",26.368549068179988
"(Date(""2025-06-23""), 6)",32.607487229354966
"(Date(""2025-06-24""), 6)",31.38754639206011
"(Date(""2025-06-25""), 6)",24.553522136459037
"(Date(""2025-06-26""), 6)",19.77620653290846
"(Date(""2025-06-27""), 6)",21.28489075446929
"(Date(""2025-06-28""), 6)",21.47182909661459
"(Date(""2025-06-29""), 6)",18.227478150293415
"(Date(""2025-06-30""), 6)",24.20638511219573
"(Date(""2025-07-01""), 6)",28.34770933184003
"(Date(""2025-07-02""), 6)",25.482623223567803
"(Date(""2025-07-03""), 6)",22.431764158356106
"(Date(""2025-07-04""), 6)",17.28589089551602
"(Date(""2025-07-05""), 6)",19.84195547352899
"(Date(""2025-07-06""), 6)",33.97636113941221
"(Date(""2025-07-07""), 6)",24.53374707240514
"(Date(""2025-07-08""), 6)",18.064830389004285
"(Date(""2025-07-09""), 6)",31.36803269141918
"(Date(""2025-07-10""), 6)",36.209832587898376
"(Date(""2025-07-11""), 6)",36.67878544020328
"(Date(""2025-07-12""), 6)",43.60780536936768
"(Date(""2025-07-13""), 6)",27.754160270283187
"(Date(""2025-07-14""), 6)",30.296045389015596
"(Date(""2025-07-15""), 6)",33.521982883005066
"(Date(""2025-07-16""), 6)",38.11378714292456
"(Date(""2025-07-17""), 6)",28.910325867865385
"(Date(""2025-07-18""), 6)",16.13879528879382
"(Date(""2025-07-19""), 6)",15.46591782716817
"(Date(""2025-07-20""), 6)",18.033266943679056
"(Date(""2025-07-21""), 6)",13.106872510130984
"(Date(""2025-07-22""), 6)",13.998341922781607
"(Date(""2025-07-23""), 6)",21.685165480012973
"(Date(""2025-07-24""), 6)",33.4002014745636
"(Date(""2025-07-25""), 6)",22.988780325358185
"(Date(""2025-07-26""), 6)",26.447320146973876
"(Date(""2025-07-27""), 6)",24.11166076701098
"(Date(""2025-07-28""), 6)",28.5695245853846
"(Date(""2025-07-29""), 6)",21.029176731484103
"(Date(""2025-07-30""), 6)",13.721401158870489
"(Date(""2025-07-31""), 6)",12.102028757224357
"(Date(""2025-08-01""), 6)",10.343561074846374
"(Date(""2025-08-02""), 6)",15.455896722340283
"(Date(""2025-08-03""), 6)",21.474190137776414
"(Date(""2025-08-04""), 6)",25.745812000775167
"(Date(""2025-08-05""), 6)",16.69959567181175
"(Date(""2025-08-06""), 6)",16.804503839158766
"(Date(""2025-08-07""), 6)",33.53260522038289
"(Date(""2025-08-08""), 6)",43.24897480720908
"(Date(""2025-08-09""), 6)",37.16007122898538
"(Date(""2025-08-10""), 6)",35.43048907586132
"(Date(""2025-08-11""), 6)",42.30139307237452
"(Date(""2025-08-12""), 6)",46.096030136972814
"(Date(""2025-08-13""), 6)",27.149840366339298
"(Date(""2025-08-14""), 6)",18.56580658207473
"(Date(""2025-08-15""), 6)",25.215669106042608
"(Date(""2025-08-16""), 6)",27.887028217146142
"(Date(""2025-08-17""), 6)",19.612006340904905
"(Date(""2025-08-18""), 6)",16.297732160767612
"(Date(""2025-08-19""), 6)",16.609856581299667
"(Date(""2025-08-20""), 6)",19.116350820543744
"(Date(""2025-08-21""), 6)",22.44937824985386
"(Date(""2025-08-22""), 6)",23.06856453112437
"(Date(""2025-08-23""), 6)",17.92989179503442
"(Date(""2025-08-24""), 6)",17.877801811855306
"(Date(""2025-08-25""), 6)",18.053393780264386
"(Date(""2025-08-26""), 6)",13.328920856357199
"(Date(""2025-08-27""), 6)",14.442297276609407
"(Date(""2025-08-28""), 6)",18.556367489066506
"(Date(""2025-08-29""), 6)",17.34716223919327
"(Date(""2025-08-30""), 6)",14.696653222377888
"(Date(""2025-08-31""), 6)",19.914209377281164
"(Date(""2025-09-01""), 6)",21.684742162175787
"(Date(""2025-09-02""), 6)",22.928628335716677
"(Date(""2025-09-03""), 6)",22.235834802064275
"(Date(""2025-09-04""), 6)",25.477436763199876
"(Date(""2025-09-05""), 6)",18.36067658812363
"(Date(""2025-09-06""), 6)",16.011747436356934
"(Date(""2025-09-07""), 6)",14.37368089663215
"(Date(""2025-09-08""), 6)",16.40108792327226
"(Date(""2025-09-09""), 6)",21.114725343705796
"(Date(""2025-09-10""), 6)",27.402807890785933
"(Date(""2025-09-11""), 6)",24.41290893382085
"(Date(""2025-09-12""), 6)",20.274230885787173
"(Date(""2025-09-13""), 6)",24.203268780537083
"(Date(""2025-09-14""), 6)",21.227564248587154
"(Date(""2025-09-15""), 6)",22.038296222977575
"(Date(""2025-09-16""), 6)",24.317532289531105
"(Date(""2025-09-17""), 6)",30.686543922951042
"(Date(""2025-09-18""), 6)",27.84647369407925
"(Date(""2025-09-19""), 6)",18.529878481250034
"(Date(""2025-09-20""), 6)",21.169865324174058
"(Date(""2025-09-21""), 6)",23.97967583969787
"(Date(""2025-09-22""), 6)",16.699862801018746
"(Date(""2025-09-23""), 6)",28.38902422863914
"(Date(""2025-09-24""), 6)",23.917613219380534
"(Date(""2025-09-25""), 6)",14.274626809791348
"(Date(""2025-09-26""), 6)",13.915101788311295
"(Date(""2025-09-27""), 6)",13.804087956609544
"(Date(""2025-09-28""), 6)",17.42872763902883
"(Date(""2025-09-29""), 6)",15.571058511196886
"(Date(""2025-09-30""), 6)",15.591089852834568
"(Date(""2025-10-01""), 6)",11.748417967225222
"(Date(""2025-10-02""), 6)",19.04084669624238
"(Date(""2025-10-03""), 6)",24.566859040988042
"(Date(""2025-10-04""), 6)",28.340207866417387
"(Date(""2025-10-05""), 6)",31.04504054641086
"(Date(""2025-10-06""), 6)",34.26935846503168
"(Date(""2025-10-07""), 6)",24.322721521578647
"(Date(""2025-10-08""), 6)",11.179212435507871
"(Date(""2025-10-09""), 6)",11.585865351168438
"(Date(""2025-10-10""), 6)",17.74010051547665
"(Date(""2025-10-11""), 6)",20.9551271610117
"(Date(""2025-10-12""), 6)",15.55862351984013
"(Date(""2025-10-13""), 6)",7.27829439583443
"(Date(""2025-10-14""), 6)",13.571094483818198
"(Date(""2025-10-15""), 6)",9.005284912546138
"(Date(""2025-10-16""), 6)",11.64837188749432
"(Date(""2025-10-17""), 6)",19.405332618502936
"(Date(""2025-10-18""), 6)",23.948214037339913
"(Date(""2025-10-19""), 6)",18.401938841470482
"(Date(""2025-10-20""), 6)",16.784019873778142
"(Date(""2025-10-21""), 6)",11.964340503315888
"(Date(""2025-10-22""), 6)",15.158865884133032
"(Date(""2025-10-23""), 6)",14.059045091496758
"(Date(""2025-10-24""), 6)",19.962469190198423
"(Date(""2025-10-25""), 6)",10.838945157307396
"(Date(""2025-10-26""), 6)",10.565936459678046
"(Date(""2025-10-27""), 6)",21.706404578600278
"(Date(""2025-10-28""), 6)",18.767657532242314
"(Date(""2025-10-29""), 6)",20.073510897091186
"(Date(""2025-10-30""), 6)",17.070766721529072
"(Date(""2025-10-31""), 6)",14.372356777957817
"(Date(""2025-11-01""), 6)",8.296114446555068
"(Date(""2025-11-02""), 6)",9.983645162150273
"(Date(""2025-11-03""), 6)",13.945114106987885
"(Date(""2025-11-04""), 6)",10.646489099524429
"(Date(""2025-11-05""), 6)",14.648430035376611
"(Date(""2025-11-06""), 6)",10.307865639245673
"(Date(""2025-11-07""), 6)",17.43671338202808
"(Date(""2025-11-08""), 6)",10.561048268663928
"(Date(""2025-11-09""), 6)",7.605389727650473
"(Date(""2025-11-10""), 6)",23.436954667097798
"(Date(""2025-11-11""), 6)",11.638948330469681
"(Date(""2025-11-12""), 6)",20.718847052409124
"(Date(""2025-11-13""), 6)",22.432722237509548
"(Date(""2025-11-14""), 6)",29.347325388916413
"(Date(""2025-11-15""), 6)",21.84923672072443
"(Date(""2025-11-16""), 6)",14.429696726059124
"(Date(""2025-11-17""), 6)",12.19063271809511
"(Date(""2025-11-18""), 6)",12.088349870992577
"(Date(""2025-11-19""), 6)",21.762896291783377
"(Date(""2025-11-20""), 6)",51.19869744733516
"(Date(""2025-11-21""), 6)",40.54866228998641
"(Date(""2025-11-22""), 6)",27.910272444795872
"(Date(""2025-11-23""), 6)",35.49435042550646
"(Date(""2025-11-24""), 6)",26.81470714449464
"(Date(""2025-11-25""), 6)",25.16379334341571
"(Date(""2025-11-26""), 6)",25.096498927644905
"(Date(""2025-11-27""), 6)",11.209996514282789
"(Date(""2025-11-28""), 6)",9.949079501324315
"(Date(""2025-11-29""), 6)",11.309145144766362
"(Date(""2025-11-30""), 6)",17.526116508387872
"(Date(""2025-12-01""), 6)",13.81040754408014
"(Date(""2025-12-02""), 6)",20.728426245516715
"(Date(""2025-12-03""), 6)",25.936829145269733
"(Date(""2025-12-04""), 6)",14.022313084803463
"(Date(""2025-12-05""), 6)",21.551289053365068
"(Date(""2025-12-06""), 6)",20.045283388980373
"(Date(""2025-12-07""), 6)",28.641879889726383
"(Date(""2025-12-08""), 6)",25.715125508594355
"(Date(""2025-12-09""), 6)",39.696184689692814
"(Date(""2025-12-10""), 6)",46.283277225798585
"(Date(""2025-12-11""), 6)",16.662037406749718
"(Date(""2025-12-12""), 6)",13.928274114122777
"(Date(""2025-12-13""), 6)",26.418085334893238
"(Date(""2025-12-14""), 6)",21.117267093453318
"(Date(""2025-12-15""), 6)",26.478534481228724
"(Date(""2025-12-16""), 6)",27.6999008952179
"(Date(""2025-12-17""), 6)",17.88955176156592
"(Date(""2025-12-18""), 6)",24.43213101737672
"(Date(""2025-12-19""), 6)",14.43318942431537
"(Date(""2025-12-20""), 6)",9.117471380079383
"(Date(""2025-12-21""), 6)",7.9926889261442655
"(Date(""2025-12-22""), 6)",17.935148503064404
"(Date(""2025-12-23""), 6)",25.263487733295552
"(Date(""2025-12-24""), 6)",20.46810545391793
"(Date(""2025-12-25""), 6)",14.539950560158674
"(Date(""2025-12-26""), 6)",23.26205289298704
"(Date(""2025-12-27""), 6)",30.51415083904101
"(Date(""2025-12-28""), 6)",31.648087132376446
"(Date(""2025-12-29""), 6)",20.312221962859798
"(Date(""2025-12-30""), 6)",8.224947490146217
"(Date(""2025-12-31""), 6)",12.673121391640386
"(Date(""2025-01-01""), 17)",18.648427448319506
"(Date(""2025-01-02""), 17)",5.376640459666023
"(Date(""2025-01-03""), 17)",4.8579614209549415
"(Date(""2025-01-04""), 17)",5.89992590173538
"(Date(""2025-01-05""), 17)",7.408416777482231
"(Date(""2025-01-06""), 17)",14.143817475128603
"(Date(""2025-01-07""), 17)",10.707853483274448
"(Date(""2025-01-08""), 17)",8.299762288299101
"(Date(""2025-01-09""), 17)",6.943503668951802
"(Date(""2025-01-10""), 17)",9.788086793687103
"(Date(""2025-01-11""), 17)",22.0387235783077
"(Date(""2025-01-12""), 17)",17.05139160757143
"(Date(""2025-01-13""), 17)",45.41053179640001
"(Date(""2025-01-14""), 17)",14.427364939226855
"(Date(""2025-01-15""), 17)",11.813312642657934
"(Date(""2025-01-16""), 17)",34.698013262098634
"(Date(""2025-01-17""), 17)",39.700300344210994
"(Date(""2025-01-18""), 17)",19.421728252002136
"(Date(""2025-01-19""), 17)",13.822255199584848
"(Date(""2025-01-20""), 17)",14.420543073299537
"(Date(""2025-01-21""), 17)",27.494414403120743
"(Date(""2025-01-22""), 17)",28.362789828155034
"(Date(""2025-01-23""), 17)",26.390894397224212
"(Date(""2025-01-24""), 17)",22.459985046095234
"(Date(""2025-01-25""), 17)",32.73172755226416
"(Date(""2025-01-26""), 17)",18.855106031945787
"(Date(""2025-01-27""), 17)",13.074479059425803
"(Date(""2025-01-28""), 17)",12.312776194825481
"(Date(""2025-01-29""), 17)",19.62152860192953
"(Date(""2025-01-30""), 17)",29.115002082189505
"(Date(""2025-01-31""), 17)",32.71205930809006
"(Date(""2025-02-01""), 17)",16.045457910104908
"(Date(""2025-02-02""), 17)",30.162426190233784
"(Date(""2025-02-03""), 17)",41.48518503511039
"(Date(""2025-02-04""), 17)",19.315765984705592
"(Date(""2025-02-05""), 17)",22.424323185778697
"(Date(""2025-02-06""), 17)",32.45337881106945
"(Date(""2025-02-07""), 17)",16.89788794531736
"(Date(""2025-02-08""), 17)",27.70493970302887
"(Date(""2025-02-09""), 17)",38.70158711229247
"(Date(""2025-02-10""), 17)",23.683932593329345
"(Date(""2025-02-11""), 17)",23.291760298084064
"(Date(""2025-02-12""), 17)",18.652513989160624
"(Date(""2025-02-13""), 17)",22.686691748477127
"(Date(""2025-02-14""), 17)",14.332700751791197
"(Date(""2025-02-15""), 17)",28.05714168980813
"(Date(""2025-02-16""), 17)",25.94330126356734
"(Date(""2025-02-17""), 17)",9.341984485534962
"(Date(""2025-02-18""), 17)",5.352065801428517
"(Date(""2025-02-19""), 17)",7.100182262716682
"(Date(""2025-02-20""), 17)",21.77036919020932
"(Date(""2025-02-21""), 17)",15.31697384957091
"(Date(""2025-02-22""), 17)",21.59559812166819
"(Date(""2025-02-23""), 17)",31.404248369140173
"(Date(""2025-02-24""), 17)",34.232395990798096
"(Date(""2025-02-25""), 17)",31.375382219993913
"(Date(""2025-02-26""), 17)",30.12671054910573
"(Date(""2025-02-27""), 17)",40.705233749408976
"(Date(""2025-02-28""), 17)",22.491280946596248
"(Date(""2025-03-01""), 17)",18.064038640316102
"(Date(""2025-03-02""), 17)",10.140190877255641
"(Date(""2025-03-03""), 17)",21.01807354822453
"(Date(""2025-03-04""), 17)",34.404326818190675
"(Date(""2025-03-05""), 17)",30.863441686650617
"(Date(""2025-03-06""), 17)",18.04921975073038
"(Date(""2025-03-07""), 17)",8.815853235186403
"(Date(""2025-03-08""), 17)",8.26543322179574
"(Date(""2025-03-09""), 17)",12.130912742141406
"(Date(""2025-03-10""), 17)",23.046250881442212
"(Date(""2025-03-11""), 17)",27.0864390307383
"(Date(""2025-03-12""), 17)",19.74494092267416
"(Date(""2025-03-13""), 17)",29.587501393445894
"(Date(""2025-03-14""), 17)",43.36016699512554
"(Date(""2025-03-15""), 17)",31.50426770969308
"(Date(""2025-03-16""), 17)",20.568601038788515
"(Date(""2025-03-17""), 17)",11.602884728342742
"(Date(""2025-03-18""), 17)",16.7089248996278
"(Date(""2025-03-19""), 17)",12.722593357936594
"(Date(""2025-03-20""), 17)",11.113996858777552
"(Date(""2025-03-21""), 17)",11.821324992214192
"(Date(""2025-03-22""), 17)",16.344908768202256
"(Date(""2025-03-23""), 17)",10.943882626149085
"(Date(""2025-03-24""), 17)",17.71071594046163
"(Date(""2025-03-25""), 17)",10.759047210544091
"(Date(""2025-03-26""), 17)",13.008649160681577
"(Date(""2025-03-27""), 17)",8.823382674042183
"(Date(""2025-03-28""), 17)",11.57063347138023
"(Date(""2025-03-29""), 17)",11.483529603111155
"(Date(""2025-03-30""), 17)",10.397837425966744
"(Date(""2025-03-31""), 17)",15.300650157483702
"(Date(""2025-04-01""), 17)",8.872635234406426
"(Date(""2025-04-02""), 17)",9.938787757887447
"(Date(""2025-04-03""), 17)",13.066215074429556
"(Date(""2025-04-04""), 17)",9.39455406891753
"(Date(""2025-04-05""), 17)",10.946890118166097
"(Date(""2025-04-06""), 17)",12.069952662555849
"(Date(""2025-04-07""), 17)",19.60701809748568
"(Date(""2025-04-08""), 17)",14.413015445276235
"(Date(""2025-04-09""), 17)",10.528998059258349
"(Date(""2025-04-10""), 17)",14.714658184080587
"(Date(""2025-04-11""), 17)",16.399856611174066
"(Date(""2025-04-12""), 17)",18.905236606429835
"(Date(""2025-04-13""), 17)",20.03263838702819
"(Date(""2025-04-14""), 17)",26.42370455374261
"(Date(""2025-04-15""), 17)",24.071003379706276
"(Date(""2025-04-16""), 17)",11.872262112029652
"(Date(""2025-04-17""), 17)",11.879032462094312
"(Date(""2025-04-18""), 17)",15.885214763477553
"(Date(""2025-04-19""), 17)",20.473380278503654
"(Date(""2025-04-20""), 17)",11.609048347352672
"(Date(""2025-04-21""), 17)",16.561500454017715
"(Date(""2025-04-22""), 17)",13.183703551458166
"(Date(""2025-04-23""), 17)",10.530822455467684
"(Date(""2025-04-24""), 17)",17.78252173527822
"(Date(""2025-04-25""), 17)",12.925913163427143
"(Date(""2025-04-26""), 17)",11.583382527816157
"(Date(""2025-04-27""), 17)",12.406539958095603
"(Date(""2025-04-28""), 17)",16.93730103952265
"(Date(""2025-04-29""), 17)",25.294170040311457
"(Date(""2025-04-30""), 17)",12.990743488631926
"(Date(""2025-05-01""), 17)",16.906419285146338
"(Date(""2025-05-02""), 17)",18.985174618742757
"(Date(""2025-05-03""), 17)",18.96197753403729
"(Date(""2025-05-04""), 17)",22.160956868520895
"(Date(""2025-05-05""), 17)",15.247432907200151
"(Date(""2025-05-06""), 17)",14.522645088418768
"(Date(""2025-05-07""), 17)",18.27049950410937
"(Date(""2025-05-08""), 17)",14.071625336251381
"(Date(""2025-05-09""), 17)",12.211348212455174
"(Date(""2025-05-10""), 17)",11.69036710323793
"(Date(""2025-05-11""), 17)",13.06299400760992
"(Date(""2025-05-12""), 17)",16.04035176832838
"(Date(""2025-05-13""), 17)",20.842367314937743
"(Date(""2025-05-14""), 17)",25.044807318036213
"(Date(""2025-05-15""), 17)",20.75747357992336
"(Date(""2025-05-16""), 17)",21.776489630190444
"(Date(""2025-05-17""), 17)",22.197836397981902
"(Date(""2025-05-18""), 17)",17.72078178703736
"(Date(""2025-05-19""), 17)",12.857677968324248
"(Date(""2025-05-20""), 17)",10.661512369904127
"(Date(""2025-05-21""), 17)",11.860289368512118
"(Date(""2025-05-22""), 17)",12.678209735841191
"(Date(""2025-05-23""), 17)",13.222167837027541
"(Date(""2025-05-24""), 17)",14.060470305093686
"(Date(""2025-05-25""), 17)",14.106741439490738
"(Date(""2025-05-26""), 17)",17.035321687250047
"(Date(""2025-05-27""), 17)",16.499747094755932
"(Date(""2025-05-28""), 17)",22.787892716558876
"(Date(""2025-05-29""), 17)",26.388162147087233
"(Date(""2025-05-30""), 17)",17.833055557269155
"(Date(""2025-05-31""), 17)",15.294799085172778
"(Date(""2025-06-01""), 17)",8.563458547968176
"(Date(""2025-06-02""), 17)",18.46740639055159
"(Date(""2025-06-03""), 17)",23.172672431018437
"(Date(""2025-06-04""), 17)",35.98859722231989
"(Date(""2025-06-05""), 17)",27.89887236499765
"(Date(""2025-06-06""), 17)",41.835220863458105
"(Date(""2025-06-07""), 17)",43.623293298327646
"(Date(""2025-06-08""), 17)",21.90684991720126
"(Date(""2025-06-09""), 17)",20.5225276591215
"(Date(""2025-06-10""), 17)",22.398331128805815
"(Date(""2025-06-11""), 17)",23.046179882005944
"(Date(""2025-06-12""), 17)",22.96451156055061
"(Date(""2025-06-13""), 17)",14.144008235517907
"(Date(""2025-06-14""), 17)",18.99261268901496
"(Date(""2025-06-15""), 17)",26.296321362184006
"(Date(""2025-06-16""), 17)",29.612401107413856
"(Date(""2025-06-17""), 17)",26.30843556458094
"(Date(""2025-06-18""), 17)",30.204188404052566
"(Date(""2025-06-19""), 17)",31.32903915136264
"(Date(""2025-06-20""), 17)",20.79782998849636
"(Date(""2025-06-21""), 17)",20.28250291307378
"(Date(""2025-06-22""), 17)",20.878341758504398
"(Date(""2025-06-23""), 17)",28.741677570702254
"(Date(""2025-06-24""), 17)",26.33618536417979
"(Date(""2025-06-25""), 17)",20.8539468014882
"(Date(""2025-06-26""), 17)",21.7521333157171
"(Date(""2025-06-27""), 17)",24.95658802025435
"(Date(""2025-06-28""), 17)",22.119605766015887
"(Date(""2025-06-29""), 17)",14.05388712932547
"(Date(""2025-06-30""), 17)",22.06529892190564
"(Date(""2025-07-01""), 17)",27.45374910867952
"(Date(""2025-07-02""), 17)",22.93655954833668
"(Date(""2025-07-03""), 17)",18.957139859850628
"(Date(""2025-07-04""), 17)",13.895848586928945
"(Date(""2025-07-05""), 17)",17.937874577438528
"(Date(""2025-07-06""), 17)",27.758746849771516
"(Date(""2025-07-07""), 17)",22.22058984278989
"(Date(""2025-07-08""), 17)",18.64053316140716
"(Date(""2025-07-09""), 17)",29.296637384277982
"(Date(""2025-07-10""), 17)",39.64838038595879
"(Date(""2025-07-11""), 17)",39.335200554816964
"(Date(""2025-07-12""), 17)",46.449507823051135
"(Date(""2025-07-13""), 17)",26.84451844988092
"(Date(""2025-07-14""), 17)",29.06357215953279
"(Date(""2025-07-15""), 17)",32.50893166370526
"(Date(""2025-07-16""), 17)",39.798132644653855
"(Date(""2025-07-17""), 17)",28.375215497690235
"(Date(""2025-07-18""), 17)",16.78143339460388
"(Date(""2025-07-19""), 17)",17.480223282512533
"(Date(""2025-07-20""), 17)",19.428291584184773
"(Date(""2025-07-21""), 17)",13.064185963148178
"(Date(""2025-07-22""), 17)",12.127659694488967
"(Date(""2025-07-23""), 17)",20.715172477601865
"(Date(""2025-07-24""), 17)",32.99491106192568
"(Date(""2025-07-25""), 17)",26.33430804621886
"(Date(""2025-07-26""), 17)",28.519211964056698
"(Date(""2025-07-27""), 17)",25.185967524509167
"(Date(""2025-07-28""), 17)",31.036925978987714
"(Date(""2025-07-29""), 17)",22.777257525939778
"(Date(""2025-07-30""), 17)",16.24165262812925
"(Date(""2025-07-31""), 17)",16.59037817251355
"(Date(""2025-08-01""), 17)",16.474252763495787
"(Date(""2025-08-02""), 17)",19.571580413177568
"(Date(""2025-08-03""), 17)",23.298329187543708
"(Date(""2025-08-04""), 17)",28.815584810576905
"(Date(""2025-08-05""), 17)",22.27515284942265
"(Date(""2025-08-06""), 17)",21.536108820573602
"(Date(""2025-08-07""), 17)",41.01885280175866
"(Date(""2025-08-08""), 17)",51.27023427838465
"(Date(""2025-08-09""), 17)",40.77316179964939
"(Date(""2025-08-10""), 17)",38.19348137136297
"(Date(""2025-08-11""), 17)",47.44532480599219
"(Date(""2025-08-12""), 17)",45.9512541279667
"(Date(""2025-08-13""), 17)",30.385134329871356
"(Date(""2025-08-14""), 17)",19.330201984452607
"(Date(""2025-08-15""), 17)",22.885047184742856
"(Date(""2025-08-16""), 17)",28.564459493588014
"(Date(""2025-08-17""), 17)",19.249984054235476
"(Date(""2025-08-18""), 17)",17.21470810656538
"(Date(""2025-08-19""), 17)",18.15161593531956
"(Date(""2025-08-20""), 17)",16.516978726018074
"(Date(""2025-08-21""), 17)",20.724789105278067
"(Date(""2025-08-22""), 17)",24.86743018956084
"(Date(""2025-08-23""), 17)",18.211787411642923
"(Date(""2025-08-24""), 17)",19.645375947760083
"(Date(""2025-08-25""), 17)",14.679134750639486
"(Date(""2025-08-26""), 17)",9.658175221283612
"(Date(""2025-08-27""), 17)",10.731337690322908
"(Date(""2025-08-28""), 17)",16.555412652710828
"(Date(""2025-08-29""), 17)",16.535494216565287
"(Date(""2025-08-30""), 17)",12.626731837476346
"(Date(""2025-08-31""), 17)",21.2879218483072
"(Date(""2025-09-01""), 17)",22.394323512194838
"(Date(""2025-09-02""), 17)",23.8378597462466
"(Date(""2025-09-03""), 17)",26.5864030156963
"(Date(""2025-09-04""), 17)",23.90041982798412
"(Date(""2025-09-05""), 17)",15.869169101036507
"(Date(""2025-09-06""), 17)",15.554046262113546
"(Date(""2025-09-07""), 17)",12.41318816432756
"(Date(""2025-09-08""), 17)",14.29983224870948
"(Date(""2025-09-09""), 17)",19.29104136500744
"(Date(""2025-09-10""), 17)",22.611552311679787
"(Date(""2025-09-11""), 17)",21.45194534317792
"(Date(""2025-09-12""), 17)",19.72336760890566
"(Date(""2025-09-13""), 17)",24.9934270162301
"(Date(""2025-09-14""), 17)",23.15689667861303
"(Date(""2025-09-15""), 17)",22.407903963853563
"(Date(""2025-09-16""), 17)",22.722559706415534
"(Date(""2025-09-17""), 17)",27.840673075015122
"(Date(""2025-09-18""), 17)",27.690059888506966
"(Date(""2025-09-19""), 17)",18.57559258956727
"(Date(""2025-09-20""), 17)",18.64711894452837
"(Date(""2025-09-21""), 17)",22.440644263700385
"(Date(""2025-09-22""), 17)",18.29221194201498
"(Date(""2025-09-23""), 17)",26.680453419828208
"(Date(""2025-09-24""), 17)",18.707654710060048
"(Date(""2025-09-25""), 17)",15.850837112541548
"(Date(""2025-09-26""), 17)",11.861576265823505
"(Date(""2025-09-27""), 17)",11.231751265778918
"(Date(""2025-09-28""), 17)",13.054206657307132
"(Date(""2025-09-29""), 17)",13.912657068007892
"(Date(""2025-09-30""), 17)",13.778428494805988
"(Date(""2025-10-01""), 17)",13.517722277808279
"(Date(""2025-10-02""), 17)",15.7020297928761
"(Date(""2025-10-03""), 17)",22.925368285904348
"(Date(""2025-10-04""), 17)",28.647703530075738
"(Date(""2025-10-05""), 17)",31.293248788178456
"(Date(""2025-10-06""), 17)",35.873554847932944
"(Date(""2025-10-07""), 17)",24.40690152026818
"(Date(""2025-10-08""), 17)",11.482411525833287
"(Date(""2025-10-09""), 17)",4.552871157144384
"(Date(""2025-10-10""), 17)",5.012025861388272
"(Date(""2025-10-11""), 17)",18.39030797849599
"(Date(""2025-10-12""), 17)",14.560188358801014
"(Date(""2025-10-13""), 17)",9.440267037187933
"(Date(""2025-10-14""), 17)",16.31925051352318
"(Date(""2025-10-15""), 17)",11.701448485401958
"(Date(""2025-10-16""), 17)",10.126165046169739
"(Date(""2025-10-17""), 17)",14.794267776770017
"(Date(""2025-10-18""), 17)",18.73203415762148
"(Date(""2025-10-19""), 17)",17.524050787296698
"(Date(""2025-10-20""), 17)",16.096910511386067
"(Date(""2025-10-21""), 17)",13.637668031031028
"(Date(""2025-10-22""), 17)",13.460737735782166
"(Date(""2025-10-23""), 17)",11.161851079941307
"(Date(""2025-10-24""), 17)",11.836122113332662
"(Date(""2025-10-25""), 17)",9.335578973119118
"(Date(""2025-10-26""), 17)",10.473348687607196
"(Date(""2025-10-27""), 17)",11.75819021928666
"(Date(""2025-10-28""), 17)",9.704915479547997
"(Date(""2025-10-29""), 17)",14.301115702848273
"(Date(""2025-10-30""), 17)",17.089582649577178
"(Date(""2025-10-31""), 17)",9.645836394059055
"(Date(""2025-11-01""), 17)",5.546152388792437
"(Date(""2025-11-02""), 17)",9.660396275618394
"(Date(""2025-11-03""), 17)",11.850636736281416
"(Date(""2025-11-04""), 17)",6.652458701316447
"(Date(""2025-11-05""), 17)",11.517555374521853
"(Date(""2025-11-06""), 17)",7.797842261786381
"(Date(""2025-11-07""), 17)",14.54328676579419
"(Date(""2025-11-08""), 17)",7.54316875066331
"(Date(""2025-11-09""), 17)",6.8799082664155415
"(Date(""2025-11-10""), 17)",15.382274862170648
"(Date(""2025-11-11""), 17)",7.618867936001628
"(Date(""2025-11-12""), 17)",19.91661614248599
"(Date(""2025-11-13""), 17)",22.432722237509548
"(Date(""2025-11-14""), 17)",25.07996277726401
"(Date(""2025-11-15""), 17)",17.648825062956366
"(Date(""2025-11-16""), 17)",13.859915743964708
"(Date(""2025-11-17""), 17)",7.5527782756193655
"(Date(""2025-11-18""), 17)",9.140675124056319
"(Date(""2025-11-19""), 17)",16.909531547039947
"(Date(""2025-11-20""), 17)",50.127464143543996
"(Date(""2025-11-21""), 17)",55.83523745000901
"(Date(""2025-11-22""), 17)",25.50387871893443
"(Date(""2025-11-23""), 17)",31.955173967806054
"(Date(""2025-11-24""), 17)",25.542005889486962
"(Date(""2025-11-25""), 17)",27.37177016177044
"(Date(""2025-11-26""), 17)",23.32298155072406
"(Date(""2025-11-27""), 17)",8.354811754991664
"(Date(""2025-11-28""), 17)",5.6152905805076765
"(Date(""2025-11-29""), 17)",8.90789637180173
"(Date(""2025-11-30""), 17)",18.498214848915136
"(Date(""2025-12-01""), 17)",14.567181233072873
"(Date(""2025-12-02""), 17)",18.581329458063614
"(Date(""2025-12-03""), 17)",25.630616218759663
"(Date(""2025-12-04""), 17)",11.844497553922691
"(Date(""2025-12-05""), 17)",21.00669350628656
"(Date(""2025-12-06""), 17)",22.021779948314737
"(Date(""2025-12-07""), 17)",27.29356546188462
"(Date(""2025-12-08""), 17)",20.343059803328075
"(Date(""2025-12-09""), 17)",31.96240844528861
"(Date(""2025-12-10""), 17)",37.87551792593624
"(Date(""2025-12-11""), 17)",14.981145905461846
"(Date(""2025-12-12""), 17)",10.298214690686379
"(Date(""2025-12-13""), 17)",28.807143479459317
"(Date(""2025-12-14""), 17)",20.129189094954544
"(Date(""2025-12-15""), 17)",18.335107103804784
"(Date(""2025-12-16""), 17)",23.239843191700007
"(Date(""2025-12-17""), 17)",17.179614436988206
"(Date(""2025-12-18""), 17)",26.735359983477693
"(Date(""2025-12-19""), 17)",14.180499828732428
"(Date(""2025-12-20""), 17)",8.403663257638664
"(Date(""2025-12-21""), 17)",6.157873964626027
"(Date(""2025-12-22""), 17)",17.240733917372978
"(Date(""2025-12-23""), 17)",28.010466807463168
"(Date(""2025-12-24""), 17)",21.34549147234045
"(Date(""2025-12-25""), 17)",13.922924906749337
"(Date(""2025-12-26""), 17)",21.03967633492828
"(Date(""2025-12-27""), 17)",30.269682512981618
"(Date(""2025-12-28""), 17)",32.772760499065086
"(Date(""2025-12-29""), 17)",27.287446451716974
"(Date(""2025-12-30""), 17)",9.206994130383107
"(Date(""2025-12-31""), 17)",17.9562837671961
"(Date(""2025-01-01""), 31)",17.420334619396883
"(Date(""2025-01-02""), 31)",5.842535415854715
"(Date(""2025-01-03""), 31)",4.662060300860771
"(Date(""2025-01-04""), 31)",7.812199720099649
"(Date(""2025-01-05""), 31)",9.808186189938676
"(Date(""2025-01-06""), 31)",16.82273676687881
"(Date(""2025-01-07""), 31)",13.741316280384352
"(Date(""2025-01-08""), 31)",11.124747836392073
"(Date(""2025-01-09""), 31)",9.503950951642636
"(Date(""2025-01-10""), 31)",15.331233202222496
"(Date(""2025-01-11""), 31)",31.07288297998928
"(Date(""2025-01-12""), 31)",31.13296751823708
"(Date(""2025-01-13""), 31)",53.952037145107276
"(Date(""2025-01-14""), 31)",19.758594974897456
"(Date(""2025-01-15""), 31)",15.068590160304979
"(Date(""2025-01-16""), 31)",29.155464039162293
"(Date(""2025-01-17""), 31)",38.81758192697399
"(Date(""2025-01-18""), 31)",22.594509285775995
"(Date(""2025-01-19""), 31)",14.521740056353513
"(Date(""2025-01-20""), 31)",14.420543073299537
"(Date(""2025-01-21""), 31)",23.463995572016263
"(Date(""2025-01-22""), 31)",26.938483126355777
"(Date(""2025-01-23""), 31)",35.67586653402112
"(Date(""2025-01-24""), 31)",30.152999544752948
"(Date(""2025-01-25""), 31)",38.717481221793186
"(Date(""2025-01-26""), 31)",22.621086932891416
"(Date(""2025-01-27""), 31)",16.447485854718206
"(Date(""2025-01-28""), 31)",14.17670352338566
"(Date(""2025-01-29""), 31)",20.055785032189267
"(Date(""2025-01-30""), 31)",29.298485163804088
"(Date(""2025-01-31""), 31)",41.211236098482274
"(Date(""2025-02-01""), 31)",22.782874962615537
"(Date(""2025-02-02""), 31)",29.156542718816436
"(Date(""2025-02-03""), 31)",49.55936768718822
"(Date(""2025-02-04""), 31)",21.45156093297454
"(Date(""2025-02-05""), 31)",24.653929465606492
"(Date(""2025-02-06""), 31)",40.85339975479661
"(Date(""2025-02-07""), 31)",19.2156756301294
"(Date(""2025-02-08""), 31)",21.732540893979312
"(Date(""2025-02-09""), 31)",26.587195506683425
"(Date(""2025-02-10""), 31)",22.986018095112783
"(Date(""2025-02-11""), 31)",22.202267478077456
"(Date(""2025-02-12""), 31)",17.915420851640782
"(Date(""2025-02-13""), 31)",22.849460830196477
"(Date(""2025-02-14""), 31)",16.057195203188158
"(Date(""2025-02-15""), 31)",21.596656403294325
"(Date(""2025-02-16""), 31)",16.789996741903003
"(Date(""2025-02-17""), 31)",11.37763685689818
"(Date(""2025-02-18""), 31)",6.04773953660468
"(Date(""2025-02-19""), 31)",11.65063539895867
"(Date(""2025-02-20""), 31)",22.02752672739413
"(Date(""2025-02-21""), 31)",18.945675989790153
"(Date(""2025-02-22""), 31)",25.924195746082976
"(Date(""2025-02-23""), 31)",24.68241197432068
"(Date(""2025-02-24""), 31)",26.700996392373167
"(Date(""2025-02-25""), 31)",30.12350252859671
"(Date(""2025-02-26""), 31)",22.659824211507175
"(Date(""2025-02-27""), 31)",33.26755588016683
"(Date(""2025-02-28""), 31)",17.25845799088309
"(Date(""2025-03-01""), 31)",28.66853664678379
"(Date(""2025-03-02""), 31)",17.59165497114019
"(Date(""2025-03-03""), 31)",29.880114266145632
"(Date(""2025-03-04""), 31)",33.514244609908864
"(Date(""2025-03-05""), 31)",35.8987839674396
"(Date(""2025-03-06""), 31)",17.99205198542157
"(Date(""2025-03-07""), 31)",9.86408738138668
"(Date(""2025-03-08""), 31)",9.218671699241293
"(Date(""2025-03-09""), 31)",12.925064645823257
"(Date(""2025-03-10""), 31)",21.67143371451545
"(Date(""2025-03-11""), 31)",36.32662298612239
"(Date(""2025-03-12""), 31)",22.48928079429326
"(Date(""2025-03-13""), 31)",33.4484762978225
"(Date(""2025-03-14""), 31)",51.628922810077235
"(Date(""2025-03-15""), 31)",45.7522161712773
"(Date(""2025-03-16""), 31)",25.115035605992436
"(Date(""2025-03-17""), 31)",14.436019905011417
"(Date(""2025-03-18""), 31)",20.137020818002252
"(Date(""2025-03-19""), 31)",18.91654674656965
"(Date(""2025-03-20""), 31)",16.359737816161807
"(Date(""2025-03-21""), 31)",13.676432946815012
"(Date(""2025-03-22""), 31)",19.451179438318846
"(Date(""2025-03-23""), 31)",15.30558639433856
"(Date(""2025-03-24""), 31)",17.44233975646374
"(Date(""2025-03-25""), 31)",14.480400334617133
"(Date(""2025-03-26""), 31)",14.408594176343511
"(Date(""2025-03-27""), 31)",11.139016693979498
"(Date(""2025-03-28""), 31)",10.836706704594858
"(Date(""2025-03-29""), 31)",13.026883956463125
"(Date(""2025-03-30""), 31)",13.307885925688549
"(Date(""2025-03-31""), 31)",21.712481144504977
"(Date(""2025-04-01""), 31)",10.228602405778142
"(Date(""2025-04-02""), 31)",12.237255650231916
"(Date(""2025-04-03""), 31)",18.260215608562692
"(Date(""2025-04-04""), 31)",12.214807697673441
"(Date(""2025-04-05""), 31)",13.014918011327184
"(Date(""2025-04-06""), 31)",14.851412069974439
"(Date(""2025-04-07""), 31)",15.760126726945927
"(Date(""2025-04-08""), 31)",16.528522322978823
"(Date(""2025-04-09""), 31)",15.350156207850949
"(Date(""2025-04-10""), 31)",17.801215805202403
"(Date(""2025-04-11""), 31)",25.428213976004482
"(Date(""2025-04-12""), 31)",26.430419606554512
"(Date(""2025-04-13""), 31)",23.342750162516907
"(Date(""2025-04-14""), 31)",24.154558008787323
"(Date(""2025-04-15""), 31)",26.75644825862178
"(Date(""2025-04-16""), 31)",12.663801686394086
"(Date(""2025-04-17""), 31)",13.899564391899167
"(Date(""2025-04-18""), 31)",16.582121265600215
"(Date(""2025-04-19""), 31)",22.684895754986663
"(Date(""2025-04-20""), 31)",14.289445348920662
"(Date(""2025-04-21""), 31)",19.76578931631906
"(Date(""2025-04-22""), 31)",16.659338387284812
"(Date(""2025-04-23""), 31)",13.674204945724117
"(Date(""2025-04-24""), 31)",18.09533509464584
"(Date(""2025-04-25""), 31)",16.479310078639113
"(Date(""2025-04-26""), 31)",14.502100651737395
"(Date(""2025-04-27""), 31)",13.718962575392482
"(Date(""2025-04-28""), 31)",16.044356512317595
"(Date(""2025-04-29""), 31)",29.19193965697651
"(Date(""2025-04-30""), 31)",14.212368270375304
"(Date(""2025-05-01""), 31)",15.380117122205133
"(Date(""2025-05-02""), 31)",20.960832775542084
"(Date(""2025-05-03""), 31)",15.457548432610901
"(Date(""2025-05-04""), 31)",22.31748555451303
"(Date(""2025-05-05""), 31)",16.728570057925083
"(Date(""2025-05-06""), 31)",18.884431765699798
"(Date(""2025-05-07""), 31)",18.947911829936213
"(Date(""2025-05-08""), 31)",12.33914372813079
"(Date(""2025-05-09""), 31)",11.761582542079003
"(Date(""2025-05-10""), 31)",11.5592575789698
"(Date(""2025-05-11""), 31)",15.41200275198729
"(Date(""2025-05-12""), 31)",21.7576021406417
"(Date(""2025-05-13""), 31)",28.22819029286491
"(Date(""2025-05-14""), 31)",24.416269010251707
"(Date(""2025-05-15""), 31)",22.764291685083638
"(Date(""2025-05-16""), 31)",26.924387077353785
"(Date(""2025-05-17""), 31)",28.121530550271817
"(Date(""2025-05-18""), 31)",16.446817457966286
"(Date(""2025-05-19""), 31)",8.43488934346374
"(Date(""2025-05-20""), 31)",7.985377421398818
"(Date(""2025-05-21""), 31)",11.61339205938408
"(Date(""2025-05-22""), 31)",14.61162007088091
"(Date(""2025-05-23""), 31)",13.977634631928337
"(Date(""2025-05-24""), 31)",14.591694483916926
"(Date(""2025-05-25""), 31)",12.279404198932461
"(Date(""2025-05-26""), 31)",19.244388521768617
"(Date(""2025-05-27""), 31)",20.53492432973945
"(Date(""2025-05-28""), 31)",24.9417262574358
"(Date(""2025-05-29""), 31)",22.38759534408925
"(Date(""2025-05-30""), 31)",19.251746745667926
"(Date(""2025-05-31""), 31)",18.600261008473414
"(Date(""2025-06-01""), 31)",9.092767039799819
"(Date(""2025-06-02""), 31)",15.064268085525415
"(Date(""2025-06-03""), 31)",22.265627136242063
"(Date(""2025-06-04""), 31)",32.847255044904
"(Date(""2025-06-05""), 31)",31.00293919736544
"(Date(""2025-06-06""), 31)",41.32983610079887
"(Date(""2025-06-07""), 31)",41.45630511229914
"(Date(""2025-06-08""), 31)",25.545079290858776
"(Date(""2025-06-09""), 31)",19.360643698584525
"(Date(""2025-06-10""), 31)",22.271807499639994
"(Date(""2025-06-11""), 31)",25.168227791588162
"(Date(""2025-06-12""), 31)",27.108673025667795
"(Date(""2025-06-13""), 31)",16.06445415745622
"(Date(""2025-06-14""), 31)",20.587899959851125
"(Date(""2025-06-15""), 31)",26.306404389479656
"(Date(""2025-06-16""), 31)",26.95737154798741
"(Date(""2025-06-17""), 31)",27.336238338236114
"(Date(""2025-06-18""), 31)",29.26908367493721
"(Date(""2025-06-19""), 31)",27.98161876640334
"(Date(""2025-06-20""), 31)",20.145965563917905
"(Date(""2025-06-21""), 31)",21.584037295893474
"(Date(""2025-06-22""), 31)",24.684086302417388
"(Date(""2025-06-23""), 31)",30.46687532117498
"(Date(""2025-06-24""), 31)",31.18674091032919
"(Date(""2025-06-25""), 31)",26.714162506631883
"(Date(""2025-06-26""), 31)",18.68684922178759
"(Date(""2025-06-27""), 31)",22.33915552319856
"(Date(""2025-06-28""), 31)",23.542935792716396
"(Date(""2025-06-29""), 31)",14.444562622666876
"(Date(""2025-06-30""), 31)",21.758634624533
"(Date(""2025-07-01""), 31)",27.029015318942008
"(Date(""2025-07-02""), 31)",22.235289394140516
"(Date(""2025-07-03""), 31)",24.606157218031374
"(Date(""2025-07-04""), 31)",18.467270096984343
"(Date(""2025-07-05""), 31)",17.866447147497773
"(Date(""2025-07-06""), 31)",29.776377359508782
"(Date(""2025-07-07""), 31)",23.62857246968589
"(Date(""2025-07-08""), 31)",19.300465009211983
"(Date(""2025-07-09""), 31)",31.322759090196055
"(Date(""2025-07-10""), 31)",38.91427715957089
"(Date(""2025-07-11""), 31)",40.17444399291678
"(Date(""2025-07-12""), 31)",48.00665455365369
"(Date(""2025-07-13""), 31)",30.594664018304876
"(Date(""2025-07-14""), 31)",32.366795393402946
"(Date(""2025-07-15""), 31)",38.94636536059236
"(Date(""2025-07-16""), 31)",40.61578380638652
"(Date(""2025-07-17""), 31)",27.550077540216652
"(Date(""2025-07-18""), 31)",18.785544063919037
"(Date(""2025-07-19""), 31)",18.665677424709003
"(Date(""2025-07-20""), 31)",20.958673237548584
"(Date(""2025-07-21""), 31)",11.504165092520637
"(Date(""2025-07-22""), 31)",16.74130325752959
"(Date(""2025-07-23""), 31)",19.42580713538409
"(Date(""2025-07-24""), 31)",36.04473691390664
"(Date(""2025-07-25""), 31)",28.009861002375054
"(Date(""2025-07-26""), 31)",31.563976519614428
"(Date(""2025-07-27""), 31)",29.308591893592194
"(Date(""2025-07-28""), 31)",34.55560417412846
"(Date(""2025-07-29""), 31)",24.50612800975693
"(Date(""2025-07-30""), 31)",17.464589169153406
"(Date(""2025-07-31""), 31)",15.098509974426525
"(Date(""2025-08-01""), 31)",15.477151028333582
"(Date(""2025-08-02""), 31)",20.59946283091855
"(Date(""2025-08-03""), 31)",24.216325652137154
"(Date(""2025-08-04""), 31)",31.071018571280263
"(Date(""2025-08-05""), 31)",20.988649137222424
"(Date(""2025-08-06""), 31)",24.990282315259428
"(Date(""2025-08-07""), 31)",43.52930940168358
"(Date(""2025-08-08""), 31)",50.72432876195043
"(Date(""2025-08-09""), 31)",40.768007805347054
"(Date(""2025-08-10""), 31)",37.520904080640626
"(Date(""2025-08-11""), 31)",46.389292736570646
"(Date(""2025-08-12""), 31)",46.396547270992166
"(Date(""2025-08-13""), 31)",31.67249987201473
"(Date(""2025-08-14""), 31)",18.466648986206216
"(Date(""2025-08-15""), 31)",20.79495711074588
"(Date(""2025-08-16""), 31)",27.66741454820811
"(Date(""2025-08-17""), 31)",20.176687305268796
"(Date(""2025-08-18""), 31)",16.065201088972028
"(Date(""2025-08-19""), 31)",19.402596729312137
"(Date(""2025-08-20""), 31)",20.321862950807933
"(Date(""2025-08-21""), 31)",21.39720344398957
"(Date(""2025-08-22""), 31)",23.00593866214454
"(Date(""2025-08-23""), 31)",17.110708012384304
"(Date(""2025-08-24""), 31)",19.571481918352188
"(Date(""2025-08-25""), 31)",17.203489239923968
"(Date(""2025-08-26""), 31)",11.77428890031536
"(Date(""2025-08-27""), 31)",14.79219964787014
"(Date(""2025-08-28""), 31)",19.89919283187137
"(Date(""2025-08-29""), 31)",18.019949914738465
"(Date(""2025-08-30""), 31)",12.82758817481274
"(Date(""2025-08-31""), 31)",12.28619862291402
"(Date(""2025-09-01""), 31)",15.264293149147893
"(Date(""2025-09-02""), 31)",23.331764430115403
"(Date(""2025-09-03""), 31)",25.274965261125487
"(Date(""2025-09-04""), 31)",26.434791545765098
"(Date(""2025-09-05""), 31)",17.233632213182705
"(Date(""2025-09-06""), 31)",16.74436419035481
"(Date(""2025-09-07""), 31)",13.494154197955924
"(Date(""2025-09-08""), 31)",14.563129921827134
"(Date(""2025-09-09""), 31)",17.420735086213334
"(Date(""2025-09-10""), 31)",23.395340076810445
"(Date(""2025-09-11""), 31)",21.79200906672029
"(Date(""2025-09-12""), 31)",18.120916771505183
"(Date(""2025-09-13""), 31)",25.0368598209757
"(Date(""2025-09-14""), 31)",24.289839249234426
"(Date(""2025-09-15""), 31)",22.731012688394436
"(Date(""2025-09-16""), 31)",27.535608857936218
"(Date(""2025-09-17""), 31)",31.032612458856384
"(Date(""2025-09-18""), 31)",29.010294620638188
"(Date(""2025-09-19""), 31)",17.448424015575547
"(Date(""2025-09-20""), 31)",18.590710549970336
"(Date(""2025-09-21""), 31)",21.290968392167485
"(Date(""2025-09-22""), 31)",18.577550082947734
"(Date(""2025-09-23""), 31)",26.74487625000111
"(Date(""2025-09-24""), 31)",21.027407300566782
"(Date(""2025-09-25""), 31)",16.581101827484243
"(Date(""2025-09-26""), 31)",9.345643769152694
"(Date(""2025-09-27""), 31)",12.891118714126543
"(Date(""2025-09-28""), 31)",13.554227719304455
"(Date(""2025-09-29""), 31)",16.222365634324426
"(Date(""2025-09-30""), 31)",14.206908948166975
"(Date(""2025-10-01""), 31)",11.536415346373666
"(Date(""2025-10-02""), 31)",15.337566652868187
"(Date(""2025-10-03""), 31)",22.925368285904348
"(Date(""2025-10-04""), 31)",26.65229301266989
"(Date(""2025-10-05""), 31)",32.573510605396535
"(Date(""2025-10-06""), 31)",37.74805930555829
"(Date(""2025-10-07""), 31)",24.376695131649473
"(Date(""2025-10-08""), 31)",9.131276827945223
"(Date(""2025-10-09""), 31)",13.288666392914244
"(Date(""2025-10-10""), 31)",17.96675995812099
"(Date(""2025-10-11""), 31)",28.721511143477247
"(Date(""2025-10-12""), 31)",19.082062160338868
"(Date(""2025-10-13""), 31)",11.751484133766432
"(Date(""2025-10-14""), 31)",14.88744636273336
"(Date(""2025-10-15""), 31)",11.276921747665426
"(Date(""2025-10-16""), 31)",11.976887763841042
"(Date(""2025-10-17""), 31)",17.294239759765546
"(Date(""2025-10-18""), 31)",20.91869405415578
"(Date(""2025-10-19""), 31)",19.876618388209877
"(Date(""2025-10-20""), 31)",16.597689956979636
"(Date(""2025-10-21""), 31)",11.793213483496153
"(Date(""2025-10-22""), 31)",15.094670702472575
"(Date(""2025-10-23""), 31)",13.895479879486635
"(Date(""2025-10-24""), 31)",14.701187707783987
"(Date(""2025-10-25""), 31)",9.748181259817953
"(Date(""2025-10-26""), 31)",10.486670692129016
"(Date(""2025-10-27""), 31)",18.722065662255545
"(Date(""2025-10-28""), 31)",23.39270113349496
"(Date(""2025-10-29""), 31)",20.959765841924433
"(Date(""2025-10-30""), 31)",19.79890823165333
"(Date(""2025-10-31""), 31)",13.039026969538254
"(Date(""2025-11-01""), 31)",7.828540190755563
"(Date(""2025-11-02""), 31)",9.983324364468917
"(Date(""2025-11-03""), 31)",11.850636736281416
"(Date(""2025-11-04""), 31)",8.380830198680203
"(Date(""2025-11-05""), 31)",14.520417867343525
"(Date(""2025-11-06""), 31)",12.347712041045648
"(Date(""2025-11-07""), 31)",18.016356019144258
"(Date(""2025-11-08""), 31)",10.216789960460009
"(Date(""2025-11-09""), 31)",7.442308242160584
"(Date(""2025-11-10""), 31)",18.82291743035359
"(Date(""2025-11-11""), 31)",10.51143794958545
"(Date(""2025-11-12""), 31)",18.479119294363805
"(Date(""2025-11-13""), 31)",22.541303013493813
"(Date(""2025-11-14""), 31)",20.79128598880507
"(Date(""2025-11-15""), 31)",16.790061478298252
"(Date(""2025-11-16""), 31)",14.159925934116009
"(Date(""2025-11-17""), 31)",7.531656635105703
"(Date(""2025-11-18""), 31)",11.064355066428513
"(Date(""2025-11-19""), 31)",19.592401503470718
"(Date(""2025-11-20""), 31)",47.4533353603044
"(Date(""2025-11-21""), 31)",39.731075319482294
"(Date(""2025-11-22""), 31)",21.39755562374294
"(Date(""2025-11-23""), 31)",29.383667287289754
"(Date(""2025-11-24""), 31)",24.849046284874035
"(Date(""2025-11-25""), 31)",24.825798182005602
"(Date(""2025-11-26""), 31)",25.096498927644905
"(Date(""2025-11-27""), 31)",11.209996514282789
"(Date(""2025-11-28""), 31)",8.016951258789353
"(Date(""2025-11-29""), 31)",9.537404894442258
"(Date(""2025-11-30""), 31)",14.775641261138386
"(Date(""2025-12-01""), 31)",11.625464498013335
"(Date(""2025-12-02""), 31)",17.645023060549967
"(Date(""2025-12-03""), 31)",27.89208051436287
"(Date(""2025-12-04""), 31)",12.404227333849768
"(Date(""2025-12-05""), 31)",23.096464538505142
"(Date(""2025-12-06""), 31)",20.60642520130971
"(Date(""2025-12-07""), 31)",21.66716683925653
"(Date(""2025-12-08""), 31)",19.07470180693396
"(Date(""2025-12-09""), 31)",29.011233299730343
"(Date(""2025-12-10""), 31)",37.973762844783245
"(Date(""2025-12-11""), 31)",18.131756247570678
"(Date(""2025-12-12""), 31)",12.373090747247572
"(Date(""2025-12-13""), 31)",26.225880337819248
"(Date(""2025-12-14""), 31)",21.1093151262743
"(Date(""2025-12-15""), 31)",25.952403980292537
"(Date(""2025-12-16""), 31)",23.10108886997831
"(Date(""2025-12-17""), 31)",18.84112278408396
"(Date(""2025-12-18""), 31)",21.10562199611731
"(Date(""2025-12-19""), 31)",12.685489934287846
"(Date(""2025-12-20""), 31)",10.11178528764225
"(Date(""2025-12-21""), 31)",6.482581438088518
"(Date(""2025-12-22""), 31)",19.25249209819248
"(Date(""2025-12-23""), 31)",26.42591574358302
"(Date(""2025-12-24""), 31)",20.533934511044894
"(Date(""2025-12-25""), 31)",14.200602921970807
"(Date(""2025-12-26""), 31)",16.577473416829402
"(Date(""2025-12-27""), 31)",30.829335134912125
"(Date(""2025-12-28""), 31)",34.97419399425958
"(Date(""2025-12-29""), 31)",20.917748159828804
"(Date(""2025-12-30""), 31)",8.13892561647029
"(Date(""2025-12-31""), 31)",12.304129556543993
"(Date(""2025-01-01""), 66)",17.39402881027747
"(Date(""2025-01-02""), 66)",5.451935007358698
"(Date(""2025-01-03""), 66)",3.230641225694247
"(Date(""2025-01-04""), 66)",5.691848871121875
"(Date(""2025-01-05""), 66)",7.421656112930456
"(Date(""2025-01-06""), 66)",14.143817475128603
"(Date(""2025-01-07""), 66)",10.707853483274448
"(Date(""2025-01-08""), 66)",10.178710181547082
"(Date(""2025-01-09""), 66)",9.84166602756867
"(Date(""2025-01-10""), 66)",13.602062416695055
"(Date(""2025-01-11""), 66)",29.974461701635214
"(Date(""2025-01-12""), 66)",24.274220187323902
"(Date(""2025-01-13""), 66)",49.46306089825666
"(Date(""2025-01-14""), 66)",19.772125359374336
"(Date(""2025-01-15""), 66)",19.417151963903486
"(Date(""2025-01-16""), 66)",28.606554335515746
"(Date(""2025-01-17""), 66)",34.820678898276526
"(Date(""2025-01-18""), 66)",31.662820636665415
"(Date(""2025-01-19""), 66)",15.26951416754281
"(Date(""2025-01-20""), 66)",17.933506113504002
"(Date(""2025-01-21""), 66)",28.749411786862915
"(Date(""2025-01-22""), 66)",28.390204175182774
"(Date(""2025-01-23""), 66)",31.166184001929974
"(Date(""2025-01-24""), 66)",30.440522987026785
"(Date(""2025-01-25""), 66)",37.31135209021703
"(Date(""2025-01-26""), 66)",28.379227286759892
"(Date(""2025-01-27""), 66)",18.07969411802295
"(Date(""2025-01-28""), 66)",14.676555003734382
"(Date(""2025-01-29""), 66)",22.441756788928267
"(Date(""2025-01-30""), 66)",29.729829063239688
"(Date(""2025-01-31""), 66)",36.75696912888343
"(Date(""2025-02-01""), 66)",23.94642676792867
"(Date(""2025-02-02""), 66)",29.613989132742816
"(Date(""2025-02-03""), 66)",43.015961413686675
"(Date(""2025-02-04""), 66)",22.422533687071045
"(Date(""2025-02-05""), 66)",21.15274641301477
"(Date(""2025-02-06""), 66)",39.00738470394658
"(Date(""2025-02-07""), 66)",23.37514108031559
"(Date(""2025-02-08""), 66)",27.402283088973697
"(Date(""2025-02-09""), 66)",30.601231237304788
"(Date(""2025-02-10""), 66)",25.8839405859982
"(Date(""2025-02-11""), 66)",26.845880535917367
"(Date(""2025-02-12""), 66)",17.11495643763982
"(Date(""2025-02-13""), 66)",21.80534926793686
"(Date(""2025-02-14""), 66)",19.506184105982094
"(Date(""2025-02-15""), 66)",26.05924874014908
"(Date(""2025-02-16""), 66)",21.065268080501305
"(Date(""2025-02-17""), 66)",9.542480621122941
"(Date(""2025-02-18""), 66)",5.414033246546989
"(Date(""2025-02-19""), 66)",8.642469168239485
"(Date(""2025-02-20""), 66)",21.961185030983525
"(Date(""2025-02-21""), 66)",15.684077898781005
"(Date(""2025-02-22""), 66)",28.41556100815223
"(Date(""2025-02-23""), 66)",33.75883209603827
"(Date(""2025-02-24""), 66)",34.1113063765162
"(Date(""2025-02-25""), 66)",32.11954012751379
"(Date(""2025-02-26""), 66)",28.29230101226097
"(Date(""2025-02-27""), 66)",35.4587651214041
"(Date(""2025-02-28""), 66)",22.296948414383195
"(Date(""2025-03-01""), 66)",24.342107489181906
"(Date(""2025-03-02""), 66)",11.550786071540593
"(Date(""2025-03-03""), 66)",26.58924428135867
"(Date(""2025-03-04""), 66)",29.775870458197787
"(Date(""2025-03-05""), 66)",35.054480987769985
"(Date(""2025-03-06""), 66)",22.562037082395296
"(Date(""2025-03-07""), 66)",11.504017843179467
"(Date(""2025-03-08""), 66)",9.231164225379553
"(Date(""2025-03-09""), 66)",19.427903578721118
"(Date(""2025-03-10""), 66)",25.901395988049003
"(Date(""2025-03-11""), 66)",34.56947866961113
"(Date(""2025-03-12""), 66)",20.489136457518562
"(Date(""2025-03-13""), 66)",30.94998886007547
"(Date(""2025-03-14""), 66)",49.69992051637401
"(Date(""2025-03-15""), 66)",37.543650632132106
"(Date(""2025-03-16""), 66)",25.007086486572582
"(Date(""2025-03-17""), 66)",11.649314371715434
"(Date(""2025-03-18""), 66)",23.369858553071964
"(Date(""2025-03-19""), 66)",20.736993203489828
"(Date(""2025-03-20""), 66)",15.034470640889994
"(Date(""2025-03-21""), 66)",15.549316945155706
"(Date(""2025-03-22""), 66)",20.331874323674203
"(Date(""2025-03-23""), 66)",18.068046669258113
"(Date(""2025-03-24""), 66)",24.459192531713015
"(Date(""2025-03-25""), 66)",20.358722475773735
"(Date(""2025-03-26""), 66)",19.308672610485665
"(Date(""2025-03-27""), 66)",13.543833111871113
"(Date(""2025-03-28""), 66)",10.618465621783209
"(Date(""2025-03-29""), 66)",10.54638106970323
"(Date(""2025-03-30""), 66)",11.221641174145638
"(Date(""2025-03-31""), 66)",19.29477708193981
"(Date(""2025-04-01""), 66)",10.113600782100026
"(Date(""2025-04-02""), 66)",11.73663359350164
"(Date(""2025-04-03""), 66)",14.444413768334696
"(Date(""2025-04-04""), 66)",15.736469620518927
"(Date(""2025-04-05""), 66)",12.959021609472778
"(Date(""2025-04-06""), 66)",12.218890516540784
"(Date(""2025-04-07""), 66)",22.26856119203415
"(Date(""2025-04-08""), 66)",21.707030574975033
"(Date(""2025-04-09""), 66)",13.476717549466127
"(Date(""2025-04-10""), 66)",18.11796145473868
"(Date(""2025-04-11""), 66)",22.018635744561333
"(Date(""2025-04-12""), 66)",21.93732237832191
"(Date(""2025-04-13""), 66)",23.4632406257663
"(Date(""2025-04-14""), 66)",26.6589397941723
"(Date(""2025-04-15""), 66)",27.935768251917136
"(Date(""2025-04-16""), 66)",12.330965235217848
"(Date(""2025-04-17""), 66)",14.629792115504916
"(Date(""2025-04-18""), 66)",21.064814075495285
"(Date(""2025-04-19""), 66)",22.676455871440883
"(Date(""2025-04-20""), 66)",16.38932067057177
"(Date(""2025-04-21""), 66)",19.970395852487385
"(Date(""2025-04-22""), 66)",18.03948072430353
"(Date(""2025-04-23""), 66)",13.952316637019129
"(Date(""2025-04-24""), 66)",21.000230078767462
"(Date(""2025-04-25""), 66)",18.620156814349727
"(Date(""2025-04-26""), 66)",15.119935446365393
"(Date(""2025-04-27""), 66)",12.725025836575906
"(Date(""2025-04-28""), 66)",18.457300563256627
"(Date(""2025-04-29""), 66)",24.908736967928984
"(Date(""2025-04-30""), 66)",14.487020475229999
"(Date(""2025-05-01""), 66)",17.029925270614523
"(Date(""2025-05-02""), 66)",20.546937671944725
"(Date(""2025-05-03""), 66)",19.829936199842198
"(Date(""2025-05-04""), 66)",23.17910475385622
"(Date(""2025-05-05""), 66)",17.72215517511443
"(Date(""2025-05-06""), 66)",19.088593293025436
"(Date(""2025-05-07""), 66)",17.351837391692136
"(Date(""2025-05-08""), 66)",12.078673883188872
"(Date(""2025-05-09""), 66)",11.761582542079003
"(Date(""2025-05-10""), 66)",17.79434151715548
"(Date(""2025-05-11""), 66)",14.465275132210751
"(Date(""2025-05-12""), 66)",24.820391457444252
"(Date(""2025-05-13""), 66)",30.93950781337492
"(Date(""2025-05-14""), 66)",29.514048244127228
"(Date(""2025-05-15""), 66)",27.06953360771495
"(Date(""2025-05-16""), 66)",26.9346946697313
"(Date(""2025-05-17""), 66)",27.42037706196799
"(Date(""2025-05-18""), 66)",16.3273081528617
"(Date(""2025-05-19""), 66)",8.43488934346374
"(Date(""2025-05-20""), 66)",10.214429231756796
"(Date(""2025-05-21""), 66)",13.588691561534077
"(Date(""2025-05-22""), 66)",13.516413249649656
"(Date(""2025-05-23""), 66)",13.212009819602356
"(Date(""2025-05-24""), 66)",12.262914849609567
"(Date(""2025-05-25""), 66)",19.02266430662868
"(Date(""2025-05-26""), 66)",27.156998614215556
"(Date(""2025-05-27""), 66)",28.702636077541207
"(Date(""2025-05-28""), 66)",26.17418493948637
"(Date(""2025-05-29""), 66)",24.824492300471814
"(Date(""2025-05-30""), 66)",22.068504489614277
"(Date(""2025-05-31""), 66)",21.641781804562115
"(Date(""2025-06-01""), 66)",11.090639909613335
"(Date(""2025-06-02""), 66)",19.643409581724026
"(Date(""2025-06-03""), 66)",24.11730683678987
"(Date(""2025-06-04""), 66)",42.33157200918792
"(Date(""2025-06-05""), 66)",30.62855988307458
"(Date(""2025-06-06""), 66)",50.46493903551855
"(Date(""2025-06-07""), 66)",43.715850728060715
"(Date(""2025-06-08""), 66)",27.334501324736575
"(Date(""2025-06-09""), 66)",24.42854699547509
"(Date(""2025-06-10""), 66)",24.079338741565582
"(Date(""2025-06-11""), 66)",28.990527710238432
"(Date(""2025-06-12""), 66)",26.24985516648066
"(Date(""2025-06-13""), 66)",15.538436684676318
"(Date(""2025-06-14""), 66)",21.936250388379484
"(Date(""2025-06-15""), 66)",27.576050523615496
"(Date(""2025-06-16""), 66)",31.025631774634036
"(Date(""2025-06-17""), 66)",25.930060942081845
"(Date(""2025-06-18""), 66)",30.27122714241011
"(Date(""2025-06-19""), 66)",27.397013976588973
"(Date(""2025-06-20""), 66)",25.69546418929761
"(Date(""2025-06-21""), 66)",21.872775939917158
"(Date(""2025-06-22""), 66)",26.84306552361293
"(Date(""2025-06-23""), 66)",31.093344812248397
"(Date(""2025-06-24""), 66)",32.68084544209017
"(Date(""2025-06-25""), 66)",23.515420784584485
"(Date(""2025-06-26""), 66)",17.313891076044953
"(Date(""2025-06-27""), 66)",18.26902499709553
"(Date(""2025-06-28""), 66)",18.298485859768764
"(Date(""2025-06-29""), 66)",14.37289414676496
"(Date(""2025-06-30""), 66)",22.37554862993318
"(Date(""2025-07-01""), 66)",25.419898405753415
"(Date(""2025-07-02""), 66)",21.16720396046281
"(Date(""2025-07-03""), 66)",21.927496789191128
"(Date(""2025-07-04""), 66)",15.22536936880996
"(Date(""2025-07-05""), 66)",15.8023450257436
"(Date(""2025-07-06""), 66)",29.083254423844426
"(Date(""2025-07-07""), 66)",22.658172642841517
"(Date(""2025-07-08""), 66)",24.393604059174965
"(Date(""2025-07-09""), 66)",22.42299375452552
"(Date(""2025-07-10""), 66)",36.49410044664728
"(Date(""2025-07-11""), 66)",36.27810128778293
"(Date(""2025-07-12""), 66)",48.099819073945355
"(Date(""2025-07-13""), 66)",27.933372499086907
"(Date(""2025-07-14""), 66)",33.504774235449204
"(Date(""2025-07-15""), 66)",42.04107748734105
"(Date(""2025-07-16""), 66)",41.98153694397449
"(Date(""2025-07-17""), 66)",27.93218569337826
"(Date(""2025-07-18""), 66)",18.28898751069247
"(Date(""2025-07-19""), 66)",19.581836757958662
"(Date(""2025-07-20""), 66)",21.562102824299373
"(Date(""2025-07-21""), 66)",15.616873644804489
"(Date(""2025-07-22""), 66)",18.196591549571938
"(Date(""2025-07-23""), 66)",20.542770699124986
"(Date(""2025-07-24""), 66)",37.23684720834366
"(Date(""2025-07-25""), 66)",31.343938320936605
"(Date(""2025-07-26""), 66)",33.72257622310139
"(Date(""2025-07-27""), 66)",30.696780565779097
"(Date(""2025-07-28""), 66)",32.226959784516
"(Date(""2025-07-29""), 66)",26.05329158912894
"(Date(""2025-07-30""), 66)",19.927128248734117
"(Date(""2025-07-31""), 66)",16.01605238778916
"(Date(""2025-08-01""), 66)",21.252847901611975
"(Date(""2025-08-02""), 66)",21.653307081505375
"(Date(""2025-08-03""), 66)",25.473240218884676
"(Date(""2025-08-04""), 66)",31.321347723952638
"(Date(""2025-08-05""), 66)",23.804492692163798
"(Date(""2025-08-06""), 66)",25.240301285757617
"(Date(""2025-08-07""), 66)",47.26545526791381
"(Date(""2025-08-08""), 66)",50.81743399570209
"(Date(""2025-08-09""), 66)",40.943184472182246
"(Date(""2025-08-10""), 66)",39.90640755349904
"(Date(""2025-08-11""), 66)",44.03216691158913
"(Date(""2025-08-12""), 66)",43.74991313609637
"(Date(""2025-08-13""), 66)",33.65489968637326
"(Date(""2025-08-14""), 66)",23.68830665374707
"(Date(""2025-08-15""), 66)",29.87949824700942
"(Date(""2025-08-16""), 66)",29.669264319632184
"(Date(""2025-08-17""), 66)",22.631143111913975
"(Date(""2025-08-18""), 66)",19.531858488407842
"(Date(""2025-08-19""), 66)",25.698076776614624
"(Date(""2025-08-20""), 66)",19.882947419427932
"(Date(""2025-08-21""), 66)",27.54433684078116
"(Date(""2025-08-22""), 66)",24.987301826262
"(Date(""2025-08-23""), 66)",21.509214268080818
"(Date(""2025-08-24""), 66)",21.3489810180924
"(Date(""2025-08-25""), 66)",17.096047578709474
"(Date(""2025-08-26""), 66)",13.503395609360082
"(Date(""2025-08-27""), 66)",14.748023402298701
"(Date(""2025-08-28""), 66)",19.379955556793583
"(Date(""2025-08-29""), 66)",16.218481212874693
"(Date(""2025-08-30""), 66)",16.478393347134492
"(Date(""2025-08-31""), 66)",17.565359093955713
"(Date(""2025-09-01""), 66)",20.02434698552833
"(Date(""2025-09-02""), 66)",24.38744117018313
"(Date(""2025-09-03""), 66)",24.109130297533245
"(Date(""2025-09-04""), 66)",24.223873531331012
"(Date(""2025-09-05""), 66)",17.10565354636868
"(Date(""2025-09-06""), 66)",16.74436419035481
"(Date(""2025-09-07""), 66)",20.643705232645548
"(Date(""2025-09-08""), 66)",19.08415625005733
"(Date(""2025-09-09""), 66)",28.34279025542734
"(Date(""2025-09-10""), 66)",36.13973721492256
"(Date(""2025-09-11""), 66)",31.931273353554534
"(Date(""2025-09-12""), 66)",28.83523288535086
"(Date(""2025-09-13""), 66)",28.688693721985164
"(Date(""2025-09-14""), 66)",25.148882532525867
"(Date(""2025-09-15""), 66)",27.83980635043687
"(Date(""2025-09-16""), 66)",28.164413773211077
"(Date(""2025-09-17""), 66)",34.90823344683819
"(Date(""2025-09-18""), 66)",30.84292960126137
"(Date(""2025-09-19""), 66)",18.73061896275769
"(Date(""2025-09-20""), 66)",17.603169073824045
"(Date(""2025-09-21""), 66)",25.176341138672825
"(Date(""2025-09-22""), 66)",22.778134713459117
"(Date(""2025-09-23""), 66)",32.16043874768754
"(Date(""2025-09-24""), 66)",26.782585911227727
"(Date(""2025-09-25""), 66)",19.63827315860833
"(Date(""2025-09-26""), 66)",12.523774134865569
"(Date(""2025-09-27""), 66)",15.91086725839529
"(Date(""2025-09-28""), 66)",16.34743524296373
"(Date(""2025-09-29""), 66)",17.96435446316562
"(Date(""2025-09-30""), 66)",14.567804201126537
"(Date(""2025-10-01""), 66)",15.70315955890394
"(Date(""2025-10-02""), 66)",16.934356947324044
"(Date(""2025-10-03""), 66)",25.87457159504258
"(Date(""2025-10-04""), 66)",33.39652103486064
"(Date(""2025-10-05""), 66)",36.48736605082522
"(Date(""2025-10-06""), 66)",39.066492284419795
"(Date(""2025-10-07""), 66)",26.52719274644647
"(Date(""2025-10-08""), 66)",11.60887239306063
"(Date(""2025-10-09""), 66)",11.503802720894567
"(Date(""2025-10-10""), 66)",15.556910908180772
"(Date(""2025-10-11""), 66)",28.306229628616535
"(Date(""2025-10-12""), 66)",25.46406255117141
"(Date(""2025-10-13""), 66)",12.367748956074193
"(Date(""2025-10-14""), 66)",18.71009622068592
"(Date(""2025-10-15""), 66)",10.180444573476468
"(Date(""2025-10-16""), 66)",10.46709054141625
"(Date(""2025-10-17""), 66)",16.9832124825614
"(Date(""2025-10-18""), 66)",16.5575660293911
"(Date(""2025-10-19""), 66)",20.115487068562253
"(Date(""2025-10-20""), 66)",19.759732529540976
"(Date(""2025-10-21""), 66)",16.021464942894525
"(Date(""2025-10-22""), 66)",16.79094565038046
"(Date(""2025-10-23""), 66)",11.757100137638112
"(Date(""2025-10-24""), 66)",11.694827851377054
"(Date(""2025-10-25""), 66)",9.328378695775028
"(Date(""2025-10-26""), 66)",10.649290159487126
"(Date(""2025-10-27""), 66)",18.793158335952153
"(Date(""2025-10-28""), 66)",20.565081088081744
"(Date(""2025-10-29""), 66)",20.24037610099192
"(Date(""2025-10-30""), 66)",19.39316290560664
"(Date(""2025-10-31""), 66)",12.53482351548631
"(Date(""2025-11-01""), 66)",6.210504904749759
"(Date(""2025-11-02""), 66)",11.423200869168763
"(Date(""2025-11-03""), 66)",10.946780806968865
"(Date(""2025-11-04""), 66)",8.815169587582185
"(Date(""2025-11-05""), 66)",12.620946187647329
"(Date(""2025-11-06""), 66)",10.317327549580856
"(Date(""2025-11-07""), 66)",15.09587774226502
"(Date(""2025-11-08""), 66)",10.332315047916609
"(Date(""2025-11-09""), 66)",11.825230239476888
"(Date(""2025-11-10""), 66)",14.88759691412927
"(Date(""2025-11-11""), 66)",9.077115260786604
"(Date(""2025-11-12""), 66)",18.7277319023633
"(Date(""2025-11-13""), 66)",16.408937841015817
"(Date(""2025-11-14""), 66)",19.466652659719298
"(Date(""2025-11-15""), 66)",18.765025418047106
"(Date(""2025-11-16""), 66)",14.229778103343062
"(Date(""2025-11-17""), 66)",7.765760476603318
"(Date(""2025-11-18""), 66)",12.98632434547757
"(Date(""2025-11-19""), 66)",24.117678479958858
"(Date(""2025-11-20""), 66)",47.34409738403433
"(Date(""2025-11-21""), 66)",38.0451926611984
"(Date(""2025-11-22""), 66)",21.869687329181495
"(Date(""2025-11-23""), 66)",31.294862978119514
"(Date(""2025-11-24""), 66)",25.46484159491723
"(Date(""2025-11-25""), 66)",26.38354291259593
"(Date(""2025-11-26""), 66)",25.37138814362496
"(Date(""2025-11-27""), 66)",19.896442514373046
"(Date(""2025-11-28""), 66)",10.352166094869553
"(Date(""2025-11-29""), 66)",14.319091048002035
"(Date(""2025-11-30""), 66)",24.455015658660066
"(Date(""2025-12-01""), 66)",19.57710334274239
"(Date(""2025-12-02""), 66)",24.30445501994525
"(Date(""2025-12-03""), 66)",26.86068564984614
"(Date(""2025-12-04""), 66)",12.070684094397883
"(Date(""2025-12-05""), 66)",15.013153340107944
"(Date(""2025-12-06""), 66)",24.06435835247659
"(Date(""2025-12-07""), 66)",28.57504770018176
"(Date(""2025-12-08""), 66)",22.76480716969085
"(Date(""2025-12-09""), 66)",31.871689699232896
"(Date(""2025-12-10""), 66)",40.5613550691365
"(Date(""2025-12-11""), 66)",16.632191364518395
"(Date(""2025-12-12""), 66)",12.315694854488738
"(Date(""2025-12-13""), 66)",27.18776122184014
"(Date(""2025-12-14""), 66)",21.653272934994988
"(Date(""2025-12-15""), 66)",27.911316217143114
"(Date(""2025-12-16""), 66)",23.79164666622155
"(Date(""2025-12-17""), 66)",16.605357368414314
"(Date(""2025-12-18""), 66)",20.21571149349464
"(Date(""2025-12-19""), 66)",16.68964020600241
"(Date(""2025-12-20""), 66)",12.889598780100277
"(Date(""2025-12-21""), 66)",10.150407104239388
"(Date(""2025-12-22""), 66)",22.47243105205773
"(Date(""2025-12-23""), 66)",29.67850531202851
"(Date(""2025-12-24""), 66)",23.965561267974234
"(Date(""2025-12-25""), 66)",17.852188955764912
"(Date(""2025-12-26""), 66)",23.578485910547762
"(Date(""2025-12-27""), 66)",33.24853616774345
"(Date(""2025-12-28""), 66)",37.49000160210956
"(Date(""2025-12-29""), 66)",24.162452003630957
"(Date(""2025-12-30""), 66)",9.060807364065564
"(Date(""2025-12-31""), 66)",18.483856608613085
"(Date(""2025-01-01""), 80)",18.24008518602747
"(Date(""2025-01-02""), 80)",5.451935007358698
"(Date(""2025-01-03""), 80)",2.9725280810863075
"(Date(""2025-01-04""), 80)",5.321302630937342
"(Date(""2025-01-05""), 80)",7.408416777482231
"(Date(""2025-01-06""), 80)",16.1486122035971
"(Date(""2025-01-07""), 80)",13.741316280384352
"(Date(""2025-01-08""), 80)",8.837859132578078
"(Date(""2025-01-09""), 80)",6.92541919101259
"(Date(""2025-01-10""), 80)",12.997774799893508
"(Date(""2025-01-11""), 80)",28.160791085061287
"(Date(""2025-01-12""), 80)",25.607660668663797
"(Date(""2025-01-13""), 80)",49.9454718484052
"(Date(""2025-01-14""), 80)",16.807513316940895
"(Date(""2025-01-15""), 80)",20.685459112681002
"(Date(""2025-01-16""), 80)",31.38332509908676
"(Date(""2025-01-17""), 80)",36.354345212141475
"(Date(""2025-01-18""), 80)",21.924457165036237
"(Date(""2025-01-19""), 80)",14.487497628139744
"(Date(""2025-01-20""), 80)",14.420543073299537
"(Date(""2025-01-21""), 80)",27.494414403120743
"(Date(""2025-01-22""), 80)",26.00183702460117
"(Date(""2025-01-23""), 80)",27.895748423137128
"(Date(""2025-01-24""), 80)",23.400046323507645
"(Date(""2025-01-25""), 80)",34.75587800083584
"(Date(""2025-01-26""), 80)",21.769875068510935
"(Date(""2025-01-27""), 80)",15.335079967426422
"(Date(""2025-01-28""), 80)",14.757949865110108
"(Date(""2025-01-29""), 80)",19.031427041665967
"(Date(""2025-01-30""), 80)",24.35337602519303
"(Date(""2025-01-31""), 80)",35.36560023654889
"(Date(""2025-02-01""), 80)",16.944381112376906
"(Date(""2025-02-02""), 80)",25.56895784860362
"(Date(""2025-02-03""), 80)",42.47252934318038
"(Date(""2025-02-04""), 80)",20.15481308281133
"(Date(""2025-02-05""), 80)",18.24589841705302
"(Date(""2025-02-06""), 80)",34.34536763080056
"(Date(""2025-02-07""), 80)",20.239911560348396
"(Date(""2025-02-08""), 80)",22.736675949641782
"(Date(""2025-02-09""), 80)",22.62573800164774
"(Date(""2025-02-10""), 80)",19.51474947130017
"(Date(""2025-02-11""), 80)",19.01994755960757
"(Date(""2025-02-12""), 80)",15.525514421553249
"(Date(""2025-02-13""), 80)",17.616718872359666
"(Date(""2025-02-14""), 80)",14.724634574912685
"(Date(""2025-02-15""), 80)",19.892189137258953
"(Date(""2025-02-16""), 80)",14.027345118440023
"(Date(""2025-02-17""), 80)",7.209984911587826
"(Date(""2025-02-18""), 80)",6.511109636275525
"(Date(""2025-02-19""), 80)",9.006663491875344
"(Date(""2025-02-20""), 80)",18.45637507337114
"(Date(""2025-02-21""), 80)",13.785683081078952
"(Date(""2025-02-22""), 80)",22.068114488648373
"(Date(""2025-02-23""), 80)",25.40216788318126
"(Date(""2025-02-24""), 80)",28.533756927407104
"(Date(""2025-02-25""), 80)",29.329553923961296
"(Date(""2025-02-26""), 80)",22.686888742992824
"(Date(""2025-02-27""), 80)",31.79403266013658
"(Date(""2025-02-28""), 80)",16.70431210621532
"(Date(""2025-03-01""), 80)",20.41188631228436
"(Date(""2025-03-02""), 80)",12.43744015551208
"(Date(""2025-03-03""), 80)",23.084344877621824
"(Date(""2025-03-04""), 80)",31.719733808354924
"(Date(""2025-03-05""), 80)",32.31113179601202
"(Date(""2025-03-06""), 80)",20.057820106974795
"(Date(""2025-03-07""), 80)",10.496366455316986
"(Date(""2025-03-08""), 80)",7.448383032840014
"(Date(""2025-03-09""), 80)",11.204338079085941
"(Date(""2025-03-10""), 80)",21.030434120920425
"(Date(""2025-03-11""), 80)",32.28637005162733
"(Date(""2025-03-12""), 80)",17.83559225709616
"(Date(""2025-03-13""), 80)",28.562931644931023
"(Date(""2025-03-14""), 80)",49.418416056886784
"(Date(""2025-03-15""), 80)",39.01336355560289
"(Date(""2025-03-16""), 80)",24.564326792481438
"(Date(""2025-03-17""), 80)",14.989932992640172
"(Date(""2025-03-18""), 80)",20.493991744078976
"(Date(""2025-03-19""), 80)",16.121035381872964
"(Date(""2025-03-20""), 80)",14.307319591861079
"(Date(""2025-03-21""), 80)",13.468256308071368
"(Date(""2025-03-22""), 80)",14.587890460839139
"(Date(""2025-03-23""), 80)",10.563413483608294
"(Date(""2025-03-24""), 80)",16.28464402086519
"(Date(""2025-03-25""), 80)",12.42157647919723
"(Date(""2025-03-26""), 80)",15.487118512233407
"(Date(""2025-03-27""), 80)",10.881939141748344
"(Date(""2025-03-28""), 80)",11.305617102314866
"(Date(""2025-03-29""), 80)",10.793564980361193
"(Date(""2025-03-30""), 80)",10.529169170287265
"(Date(""2025-03-31""), 80)",19.181978104359658
"(Date(""2025-04-01""), 80)",8.345121346287367
"(Date(""2025-04-02""), 80)",9.77224729209423
"(Date(""2025-04-03""), 80)",14.018186738875967
"(Date(""2025-04-04""), 80)",9.492373451422244
"(Date(""2025-04-05""), 80)",11.475315568907925
"(Date(""2025-04-06""), 80)",12.218890516540784
"(Date(""2025-04-07""), 80)",16.43645570692277
"(Date(""2025-04-08""), 80)",15.144180055603904
"(Date(""2025-04-09""), 80)",7.178336671303374
"(Date(""2025-04-10""), 80)",9.664189701798495
"(Date(""2025-04-11""), 80)",11.124739676205142
"(Date(""2025-04-12""), 80)",13.383584027953512
"(Date(""2025-04-13""), 80)",13.887189884500433
"(Date(""2025-04-14""), 80)",13.343441092365133
"(Date(""2025-04-15""), 80)",11.502129667271188
"(Date(""2025-04-16""), 80)",7.769574622089471
"(Date(""2025-04-17""), 80)",7.57299089671922
"(Date(""2025-04-18""), 80)",8.604796035081758
"(Date(""2025-04-19""), 80)",14.745857490300184
"(Date(""2025-04-20""), 80)",10.378075576230486
"(Date(""2025-04-21""), 80)",12.819852931847043
"(Date(""2025-04-22""), 80)",11.78361269659884
"(Date(""2025-04-23""), 80)",8.983561722753315
"(Date(""2025-04-24""), 80)",10.90982798059662
"(Date(""2025-04-25""), 80)",10.273945325998856
"(Date(""2025-04-26""), 80)",9.068397219335422
"(Date(""2025-04-27""), 80)",8.814641381069709
"(Date(""2025-04-28""), 80)",11.122201510019005
"(Date(""2025-04-29""), 80)",20.101894037641973
"(Date(""2025-04-30""), 80)",12.132123418645216
"(Date(""2025-05-01""), 80)",10.317257697048726
"(Date(""2025-05-02""), 80)",13.875873975448538
"(Date(""2025-05-03""), 80)",10.762830323350324
"(Date(""2025-05-04""), 80)",15.389792888879828
"(Date(""2025-05-05""), 80)",11.28329466116677
"(Date(""2025-05-06""), 80)",10.00458468896181
"(Date(""2025-05-07""), 80)",14.519137479938545
"(Date(""2025-05-08""), 80)",9.758123574094022
"(Date(""2025-05-09""), 80)",7.158970530438854
"(Date(""2025-05-10""), 80)",6.568706290524636
"(Date(""2025-05-11""), 80)",9.194095070436857
"(Date(""2025-05-12""), 80)",13.258265796023371
"(Date(""2025-05-13""), 80)",18.301588221568565
"(Date(""2025-05-14""), 80)",19.23536996808826
"(Date(""2025-05-15""), 80)",17.069454539569694
"(Date(""2025-05-16""), 80)",17.450932497463057
"(Date(""2025-05-17""), 80)",19.788496517482276
"(Date(""2025-05-18""), 80)",13.384996685613155
"(Date(""2025-05-19""), 80)",8.459532944924671
"(Date(""2025-05-20""), 80)",5.592699885892027
"(Date(""2025-05-21""), 80)",7.178407682144297
"(Date(""2025-05-22""), 80)",8.29089019734891
"(Date(""2025-05-23""), 80)",8.497782696881828
"(Date(""2025-05-24""), 80)",9.081812908533806
"(Date(""2025-05-25""), 80)",9.63590696373981
"(Date(""2025-05-26""), 80)",12.317959732404926
"(Date(""2025-05-27""), 80)",13.008446937769074
"(Date(""2025-05-28""), 80)",15.33740621236344
"(Date(""2025-05-29""), 80)",16.96694031219165
"(Date(""2025-05-30""), 80)",15.06971861703161
"(Date(""2025-05-31""), 80)",13.665628905217966
"(Date(""2025-06-01""), 80)",8.472102976962251
"(Date(""2025-06-02""), 80)",9.731546433941373
"(Date(""2025-06-03""), 80)",17.169353565512772
"(Date(""2025-06-04""), 80)",32.08306935284169
"(Date(""2025-06-05""), 80)",27.867421443270665
"(Date(""2025-06-06""), 80)",34.59894130285591
"(Date(""2025-06-07""), 80)",36.004021551079376
"(Date(""2025-06-08""), 80)",19.414703341653674
"(Date(""2025-06-09""), 80)",17.494207485090783
"(Date(""2025-06-10""), 80)",18.648248683223972
"(Date(""2025-06-11""), 80)",23.376725053139822
"(Date(""2025-06-12""), 80)",22.93711415335833
"(Date(""2025-06-13""), 80)",11.783028408870571
"(Date(""2025-06-14""), 80)",11.491892109273863
"(Date(""2025-06-15""), 80)",18.622532314947424
"(Date(""2025-06-16""), 80)",19.455028738434777
"(Date(""2025-06-17""), 80)",22.464470307974295
"(Date(""2025-06-18""), 80)",24.14619552374672
"(Date(""2025-06-19""), 80)",20.688363943602834
"(Date(""2025-06-20""), 80)",16.06621197314184
"(Date(""2025-06-21""), 80)",17.37443892781746
"(Date(""2025-06-22""), 80)",20.588349489467603
"(Date(""2025-06-23""), 80)",26.602552438316856
"(Date(""2025-06-24""), 80)",27.066221223005606
"(Date(""2025-06-25""), 80)",20.08140430211814
"(Date(""2025-06-26""), 80)",14.432906977321954
"(Date(""2025-06-27""), 80)",14.760979978524858
"(Date(""2025-06-28""), 80)",15.124950917877445
"(Date(""2025-06-29""), 80)",11.851063985251857
"(Date(""2025-06-30""), 80)",16.997418028205487
"(Date(""2025-07-01""), 80)",24.440901399496227
"(Date(""2025-07-02""), 80)",20.50497184560128
"(Date(""2025-07-03""), 80)",18.904503944824054
"(Date(""2025-07-04""), 80)",12.70751392219665
"(Date(""2025-07-05""), 80)",13.124855488253974
"(Date(""2025-07-06""), 80)",26.32524347745173
"(Date(""2025-07-07""), 80)",20.620042395317178
"(Date(""2025-07-08""), 80)",15.137873761581192
"(Date(""2025-07-09""), 80)",24.405070710155822
"(Date(""2025-07-10""), 80)",34.426883770663856
"(Date(""2025-07-11""), 80)",32.25930208308978
"(Date(""2025-07-12""), 80)",43.44518482661997
"(Date(""2025-07-13""), 80)",25.172058413442674
"(Date(""2025-07-14""), 80)",27.233885964864257
"(Date(""2025-07-15""), 80)",32.80901347036315
"(Date(""2025-07-16""), 80)",39.4052616388823
"(Date(""2025-07-17""), 80)",22.641721865611107
"(Date(""2025-07-18""), 80)",14.543530365505502
"(Date(""2025-07-19""), 80)",14.352119807471382
"(Date(""2025-07-20""), 80)",16.31852008612012
"(Date(""2025-07-21""), 80)",11.193254285528903
"(Date(""2025-07-22""), 80)",10.57171691473495
"(Date(""2025-07-23""), 80)",14.19283879674684
"(Date(""2025-07-24""), 80)",30.201558336505165
"(Date(""2025-07-25""), 80)",22.98418935423962
"(Date(""2025-07-26""), 80)",25.426498122967494
"(Date(""2025-07-27""), 80)",23.046457004694545
"(Date(""2025-07-28""), 80)",30.237239237082697
"(Date(""2025-07-29""), 80)",22.032507360811483
"(Date(""2025-07-30""), 80)",14.300594474375599
"(Date(""2025-07-31""), 80)",12.30436281774262
"(Date(""2025-08-01""), 80)",10.641802462580825
"(Date(""2025-08-02""), 80)",16.25753091183944
"(Date(""2025-08-03""), 80)",21.703438999272667
"(Date(""2025-08-04""), 80)",25.745812000775167
"(Date(""2025-08-05""), 80)",17.446708534219233
"(Date(""2025-08-06""), 80)",17.53178419118836
"(Date(""2025-08-07""), 80)",36.283716948717
"(Date(""2025-08-08""), 80)",45.145993672332416
"(Date(""2025-08-09""), 80)",37.3947514717473
"(Date(""2025-08-10""), 80)",36.575879231538835
"(Date(""2025-08-11""), 80)",42.56349488826309
"(Date(""2025-08-12""), 80)",46.096030136972814
"(Date(""2025-08-13""), 80)",25.00929119519243
"(Date(""2025-08-14""), 80)",14.85591560570626
"(Date(""2025-08-15""), 80)",14.215645209630384
"(Date(""2025-08-16""), 80)",20.743438941391094
"(Date(""2025-08-17""), 80)",16.66917676524117
"(Date(""2025-08-18""), 80)",11.606630941149882
"(Date(""2025-08-19""), 80)",11.210145085065566
"(Date(""2025-08-20""), 80)",13.919512453512953
"(Date(""2025-08-21""), 80)",14.19969840046085
"(Date(""2025-08-22""), 80)",15.595021490249238
"(Date(""2025-08-23""), 80)",14.043312270678959
"(Date(""2025-08-24""), 80)",15.60835341941351
"(Date(""2025-08-25""), 80)",13.210230041710071
"(Date(""2025-08-26""), 80)",9.821622257570542
"(Date(""2025-08-27""), 80)",8.858617850442556
"(Date(""2025-08-28""), 80)",11.510007270674313
"(Date(""2025-08-29""), 80)",10.711890402237183
"(Date(""2025-08-30""), 80)",9.39002466062798
"(Date(""2025-08-31""), 80)",9.413667657434274
"(Date(""2025-09-01""), 80)",9.938553995662666
"(Date(""2025-09-02""), 80)",12.746389934702982
"(Date(""2025-09-03""), 80)",14.615494435745584
"(Date(""2025-09-04""), 80)",18.1074051057063
"(Date(""2025-09-05""), 80)",12.34712702834513
"(Date(""2025-09-06""), 80)",11.22806024454044
"(Date(""2025-09-07""), 80)",10.340365138618017
"(Date(""2025-09-08""), 80)",8.183031499476892
"(Date(""2025-09-09""), 80)",10.46641676921349
"(Date(""2025-09-10""), 80)",11.370610713420652
"(Date(""2025-09-11""), 80)",12.405727945896963
"(Date(""2025-09-12""), 80)",10.488896916435582
"(Date(""2025-09-13""), 80)",16.859837557934465
"(Date(""2025-09-14""), 80)",18.958500451677995
"(Date(""2025-09-15""), 80)",13.468841390381298
"(Date(""2025-09-16""), 80)",15.061419559396093
"(Date(""2025-09-17""), 80)",22.161198953459444
"(Date(""2025-09-18""), 80)",23.141519278769522
"(Date(""2025-09-19""), 80)",15.640648890074766
"(Date(""2025-09-20""), 80)",13.267978193983524
"(Date(""2025-09-21""), 80)",16.965115818666398
"(Date(""2025-09-22""), 80)",9.505553241356134
"(Date(""2025-09-23""), 80)",13.13969815643498
"(Date(""2025-09-24""), 80)",9.734801160491463
"(Date(""2025-09-25""), 80)",9.196792454483562
"(Date(""2025-09-26""), 80)",6.338969459457186
"(Date(""2025-09-27""), 80)",6.074192207678463
"(Date(""2025-09-28""), 80)",8.724301631145513
"(Date(""2025-09-29""), 80)",10.299537296175709
"(Date(""2025-09-30""), 80)",8.656422675241412
"(Date(""2025-10-01""), 80)",7.747448028527565
"(Date(""2025-10-02""), 80)",7.418754987442262
"(Date(""2025-10-03""), 80)",13.934997512645683
"(Date(""2025-10-04""), 80)",19.384460734987375
"(Date(""2025-10-05""), 80)",27.53542310148406
"(Date(""2025-10-06""), 80)",31.631334447691923
"(Date(""2025-10-07""), 80)",13.288702676839995
"(Date(""2025-10-08""), 80)",5.769974666532393
"(Date(""2025-10-09""), 80)",3.935597331931508
"(Date(""2025-10-10""), 80)",5.128330602177365
"(Date(""2025-10-11""), 80)",9.710647512519937
"(Date(""2025-10-12""), 80)",10.408993655338612
"(Date(""2025-10-13""), 80)",6.260382658015665
"(Date(""2025-10-14""), 80)",7.863599806142883
"(Date(""2025-10-15""), 80)",4.0942495723261185
"(Date(""2025-10-16""), 80)",4.873880480083216
"(Date(""2025-10-17""), 80)",5.7665699188092985
"(Date(""2025-10-18""), 80)",7.559293291331937
"(Date(""2025-10-19""), 80)",13.219479765792684
"(Date(""2025-10-20""), 80)",12.697466395359761
"(Date(""2025-10-21""), 80)",5.588169315699189
"(Date(""2025-10-22""), 80)",5.098659614939058
"(Date(""2025-10-23""), 80)",5.083944696651648
"(Date(""2025-10-24""), 80)",6.160415282977921
"(Date(""2025-10-25""), 80)",5.91336291273603
"(Date(""2025-10-26""), 80)",7.659823109131287
"(Date(""2025-10-27""), 80)",10.789336678836857
"(Date(""2025-10-28""), 80)",9.747447928919662
"(Date(""2025-10-29""), 80)",10.086329442358489
"(Date(""2025-10-30""), 80)",7.27352076269609
"(Date(""2025-10-31""), 80)",5.447831862594902
"(Date(""2025-11-01""), 80)",3.222609681078525
"(Date(""2025-11-02""), 80)",3.662866742999347
"(Date(""2025-11-03""), 80)",4.399907138560257
"(Date(""2025-11-04""), 80)",3.7886304110991538
"(Date(""2025-11-05""), 80)",5.089334786613451
"(Date(""2025-11-06""), 80)",4.537211588063187
"(Date(""2025-11-07""), 80)",4.813153891480356
"(Date(""2025-11-08""), 80)",3.80020624299016
"(Date(""2025-11-09""), 80)",4.253804351753298
"(Date(""2025-11-10""), 80)",10.330221584584386
"(Date(""2025-11-11""), 80)",4.294418418666377
"(Date(""2025-11-12""), 80)",8.07518747046886
"(Date(""2025-11-13""), 80)",11.656135609979806
"(Date(""2025-11-14""), 80)",9.836818760652442
"(Date(""2025-11-15""), 80)",9.060515878172527
"(Date(""2025-11-16""), 80)",6.8948182021102555
"(Date(""2025-11-17""), 80)",3.997284044505437
"(Date(""2025-11-18""), 80)",4.762007179681216
"(Date(""2025-11-19""), 80)",9.711095365740775
"(Date(""2025-11-20""), 80)",34.16795754724166
"(Date(""2025-11-21""), 80)",19.34672082813476
"(Date(""2025-11-22""), 80)",9.426346485242858
"(Date(""2025-11-23""), 80)",15.71869280920229
"(Date(""2025-11-24""), 80)",10.592618280894138
"(Date(""2025-11-25""), 80)",8.137838256465999
"(Date(""2025-11-26""), 80)",9.236338219359311
"(Date(""2025-11-27""), 80)",4.5242483018606094
"(Date(""2025-11-28""), 80)",3.1834225413332407
"(Date(""2025-11-29""), 80)",3.5897811323575692
"(Date(""2025-11-30""), 80)",5.888911168498882
"(Date(""2025-12-01""), 80)",5.496300478927869
"(Date(""2025-12-02""), 80)",7.249208353801706
"(Date(""2025-12-03""), 80)",7.934045524967734
"(Date(""2025-12-04""), 80)",4.188352089534922
"(Date(""2025-12-05""), 80)",5.3763185075487545
"(Date(""2025-12-06""), 80)",6.145183395476333
"(Date(""2025-12-07""), 80)",8.595712921862944
"(Date(""2025-12-08""), 80)",6.929992041095885
"(Date(""2025-12-09""), 80)",10.351252264818273
"(Date(""2025-12-10""), 80)",28.664798459304208
"(Date(""2025-12-11""), 80)",14.947652764294537
"(Date(""2025-12-12""), 80)",12.113244402404579
"(Date(""2025-12-13""), 80)",27.609222789670085
"(Date(""2025-12-14""), 80)",23.85225515175688
"(Date(""2025-12-15""), 80)",24.442693732678425
"(Date(""2025-12-16""), 80)",22.487979421273906
"(Date(""2025-12-17""), 80)",18.732150530391095
"(Date(""2025-12-18""), 80)",23.00832461927555
"(Date(""2025-12-19""), 80)",17.317383243962247
"(Date(""2025-12-20""), 80)",9.60537975035128
"(Date(""2025-12-21""), 80)",9.50741721753944
"(Date(""2025-12-22""), 80)",18.459628212940128
"(Date(""2025-12-23""), 80)",27.591223017083212
"(Date(""2025-12-24""), 80)",21.342299188778306
"(Date(""2025-12-25""), 80)",14.52423103155189
"(Date(""2025-12-26""), 80)",14.338882299641288
"(Date(""2025-12-27""), 80)",30.118069307375514
"(Date(""2025-12-28""), 80)",35.24814182256751
"(Date(""2025-12-29""), 80)",20.952031683563593
"(Date(""2025-12-30""), 80)",8.181936553308255
"(Date(""2025-12-31""), 80)",15.487838065017009
"(Date(""2025-01-01""), 103)",18.628345584150793
"(Date(""2025-01-02""), 103)",7.150168197690749
"(Date(""2025-01-03""), 103)",6.571793132450093
"(Date(""2025-01-04""), 103)",8.000936508928403
"(Date(""2025-01-05""), 103)",9.885035396920435
"(Date(""2025-01-06""), 103)",20.409662541697372
"(Date(""2025-01-07""), 103)",19.38137756752079
"(Date(""2025-01-08""), 103)",14.505739488695438
"(Date(""2025-01-09""), 103)",11.259973050141106
"(Date(""2025-01-10""), 103)",12.411931451314173
"(Date(""2025-01-11""), 103)",27.247986168415316
"(Date(""2025-01-12""), 103)",23.589862106090738
"(Date(""2025-01-13""), 103)",46.501581711523215
"(Date(""2025-01-14""), 103)",18.975156653536974
"(Date(""2025-01-15""), 103)",21.252489239107938
"(Date(""2025-01-16""), 103)",27.745258865887433
"(Date(""2025-01-17""), 103)",36.35201245255759
"(Date(""2025-01-18""), 103)",15.521814897400798
"(Date(""2025-01-19""), 103)",12.431663552690758
"(Date(""2025-01-20""), 103)",22.334433254918753
"(Date(""2025-01-21""), 103)",28.450503110217962
"(Date(""2025-01-22""), 103)",25.828138675707763
"(Date(""2025-01-23""), 103)",18.90645666733698
"(Date(""2025-01-24""), 103)",24.567548414150075
"(Date(""2025-01-25""), 103)",36.649181864375215
"(Date(""2025-01-26""), 103)",19.519651112224306
"(Date(""2025-01-27""), 103)",13.074479059425803
"(Date(""2025-01-28""), 103)",13.238770489613103
"(Date(""2025-01-29""), 103)",18.674038764273057
"(Date(""2025-01-30""), 103)",22.483404341705064
"(Date(""2025-01-31""), 103)",34.57364649454881
"(Date(""2025-02-01""), 103)",23.457364075468266
"(Date(""2025-02-02""), 103)",27.660233553945275
"(Date(""2025-02-03""), 103)",41.435774760375125
"(Date(""2025-02-04""), 103)",24.451722253195406
"(Date(""2025-02-05""), 103)",22.170665175312326
"(Date(""2025-02-06""), 103)",34.78982047462819
"(Date(""2025-02-07""), 103)",19.941549961247656
"(Date(""2025-02-08""), 103)",19.423414901987787
"(Date(""2025-02-09""), 103)",27.11110642223783
"(Date(""2025-02-10""), 103)",25.69686397488728
"(Date(""2025-02-11""), 103)",21.95559919073857
"(Date(""2025-02-12""), 103)",20.156964073477784
"(Date(""2025-02-13""), 103)",25.728015547646507
"(Date(""2025-02-14""), 103)",25.07925016379505
"(Date(""2025-02-15""), 103)",29.823017416554013
"(Date(""2025-02-16""), 103)",18.503459246211296
"(Date(""2025-02-17""), 103)",7.172229997969802
"(Date(""2025-02-18""), 103)",7.256510750960332
"(Date(""2025-02-19""), 103)",9.441423842186643
"(Date(""2025-02-20""), 103)",18.2543288281718
"(Date(""2025-02-21""), 103)",19.909405767290217
"(Date(""2025-02-22""), 103)",22.688066103282193
"(Date(""2025-02-23""), 103)",26.527770285807602
"(Date(""2025-02-24""), 103)",26.095725974241084
"(Date(""2025-02-25""), 103)",27.91563345115945
"(Date(""2025-02-26""), 103)",28.059891106159036
"(Date(""2025-02-27""), 103)",33.43509486645026
"(Date(""2025-02-28""), 103)",17.228344133777327
"(Date(""2025-03-01""), 103)",26.14738714571956
"(Date(""2025-03-02""), 103)",17.200814904849217
"(Date(""2025-03-03""), 103)",26.38970918384329
"(Date(""2025-03-04""), 103)",22.528881497164548
"(Date(""2025-03-05""), 103)",26.424182341595568
"(Date(""2025-03-06""), 103)",21.787748476475798
"(Date(""2025-03-07""), 103)",10.801395982906959
"(Date(""2025-03-08""), 103)",8.817641913567842
"(Date(""2025-03-09""), 103)",13.167971951786718
"(Date(""2025-03-10""), 103)",18.284145174262573
"(Date(""2025-03-11""), 103)",30.492099823299867
"(Date(""2025-03-12""), 103)",19.46618528658801
"(Date(""2025-03-13""), 103)",29.239964537086937
"(Date(""2025-03-14""), 103)",42.21606161603095
"(Date(""2025-03-15""), 103)",39.30646954210813
"(Date(""2025-03-16""), 103)",21.260494861539883
"(Date(""2025-03-17""), 103)",17.41653852178601
"(Date(""2025-03-18""), 103)",21.28379260283034
"(Date(""2025-03-19""), 103)",16.121035381872964
"(Date(""2025-03-20""), 103)",12.869792751968527
"(Date(""2025-03-21""), 103)",13.15488100516947
"(Date(""2025-03-22""), 103)",13.2597037555369
"(Date(""2025-03-23""), 103)",13.593784485364186
"(Date(""2025-03-24""), 103)",15.153050434552823
"(Date(""2025-03-25""), 103)",9.832984254456441
"(Date(""2025-03-26""), 103)",13.057536405928232
"(Date(""2025-03-27""), 103)",18.17594702557848
"(Date(""2025-03-28""), 103)",14.416728555482889
"(Date(""2025-03-29""), 103)",8.842149483617268
"(Date(""2025-03-30""), 103)",12.869699916249756
"(Date(""2025-03-31""), 103)",17.85608065987061
"(Date(""2025-04-01""), 103)",11.852300364699817
"(Date(""2025-04-02""), 103)",12.114462729953955
"(Date(""2025-04-03""), 103)",14.956657056838926
"(Date(""2025-04-04""), 103)",13.640810067508463
"(Date(""2025-04-05""), 103)",13.559286445382343
"(Date(""2025-04-06""), 103)",11.68894428393502
"(Date(""2025-04-07""), 103)",20.14631659245809
"(Date(""2025-04-08""), 103)",16.38405057333822
"(Date(""2025-04-09""), 103)",15.958649403361989
"(Date(""2025-04-10""), 103)",19.07646687806262
"(Date(""2025-04-11""), 103)",22.489702022648764
"(Date(""2025-04-12""), 103)",21.494089833696062
"(Date(""2025-04-13""), 103)",24.403309360479273
"(Date(""2025-04-14""), 103)",26.896964608419168
"(Date(""2025-04-15""), 103)",25.736841370223395
"(Date(""2025-04-16""), 103)",11.100193061452064
"(Date(""2025-04-17""), 103)",18.482911786762696
"(Date(""2025-04-18""), 103)",15.726916662425545
"(Date(""2025-04-19""), 103)",22.831525866700744
"(Date(""2025-04-20""), 103)",15.120411883111492
"(Date(""2025-04-21""), 103)",16.869135807686664
"(Date(""2025-04-22""), 103)",16.764207150781306
"(Date(""2025-04-23""), 103)",14.075115548581442
"(Date(""2025-04-24""), 103)",20.296399918368298
"(Date(""2025-04-25""), 103)",15.69734961981474
"(Date(""2025-04-26""), 103)",16.335934537103004
"(Date(""2025-04-27""), 103)",11.320442002199592
"(Date(""2025-04-28""), 103)",21.968761922360216
"(Date(""2025-04-29""), 103)",27.95469387754096
"(Date(""2025-04-30""), 103)",16.634539937012256
"(Date(""2025-05-01""), 103)",13.995508436250537
"(Date(""2025-05-02""), 103)",17.581634423553613
"(Date(""2025-05-03""), 103)",14.831479311796002
"(Date(""2025-05-04""), 103)",20.74494426749973
"(Date(""2025-05-05""), 103)",15.278218691737711
"(Date(""2025-05-06""), 103)",20.033591861960108
"(Date(""2025-05-07""), 103)",17.994381180140774
"(Date(""2025-05-08""), 103)",15.205456288432542
"(Date(""2025-05-09""), 103)",13.902335488461636
"(Date(""2025-05-10""), 103)",10.456261571029433
"(Date(""2025-05-11""), 103)",15.291785907784613
"(Date(""2025-05-12""), 103)",19.46883743511055
"(Date(""2025-05-13""), 103)",24.5452558639356
"(Date(""2025-05-14""), 103)",21.855139614825145
"(Date(""2025-05-15""), 103)",19.33906225104215
"(Date(""2025-05-16""), 103)",21.957196453962855
"(Date(""2025-05-17""), 103)",23.711387363074948
"(Date(""2025-05-18""), 103)",15.30748035852406
"(Date(""2025-05-19""), 103)",10.415717085798159
"(Date(""2025-05-20""), 103)",10.479376467211896
"(Date(""2025-05-21""), 103)",11.005863414100142
"(Date(""2025-05-22""), 103)",10.76772900490869
"(Date(""2025-05-23""), 103)",14.896825361663193
"(Date(""2025-05-24""), 103)",14.463713431722573
"(Date(""2025-05-25""), 103)",18.31567323477696
"(Date(""2025-05-26""), 103)",23.968562051104605
"(Date(""2025-05-27""), 103)",25.518937613951756
"(Date(""2025-05-28""), 103)",23.766045844746156
"(Date(""2025-05-29""), 103)",23.23095741549815
"(Date(""2025-05-30""), 103)",16.906097695651287
"(Date(""2025-05-31""), 103)",17.40451319577737
"(Date(""2025-06-01""), 103)",9.95158018157579
"(Date(""2025-06-02""), 103)",12.209956025609788
"(Date(""2025-06-03""), 103)",18.51979453169947
"(Date(""2025-06-04""), 103)",32.51518870577297
"(Date(""2025-06-05""), 103)",28.248594942763784
"(Date(""2025-06-06""), 103)",41.9853329383958
"(Date(""2025-06-07""), 103)",31.722689234132403
"(Date(""2025-06-08""), 103)",16.810869514819125
"(Date(""2025-06-09""), 103)",16.844640217244674
"(Date(""2025-06-10""), 103)",19.256130758597703
"(Date(""2025-06-11""), 103)",24.231077475246998
"(Date(""2025-06-12""), 103)",25.314272071594285
"(Date(""2025-06-13""), 103)",15.861132985466284
"(Date(""2025-06-14""), 103)",16.377378743025595
"(Date(""2025-06-15""), 103)",25.054965928700454
"(Date(""2025-06-16""), 103)",24.152815525526975
"(Date(""2025-06-17""), 103)",22.513583432354153
"(Date(""2025-06-18""), 103)",26.374431772904284
"(Date(""2025-06-19""), 103)",25.257590635196365
"(Date(""2025-06-20""), 103)",25.49139720930767
"(Date(""2025-06-21""), 103)",27.982392919796006
"(Date(""2025-06-22""), 103)",24.02468180540843
"(Date(""2025-06-23""), 103)",28.9291154109964
"(Date(""2025-06-24""), 103)",31.280111906672065
"(Date(""2025-06-25""), 103)",30.936200723267206
"(Date(""2025-06-26""), 103)",18.18865829361084
"(Date(""2025-06-27""), 103)",27.207745981190186
"(Date(""2025-06-28""), 103)",20.570678697403284
"(Date(""2025-06-29""), 103)",14.765592741985728
"(Date(""2025-06-30""), 103)",17.408666135905328
"(Date(""2025-07-01""), 103)",23.720413669011055
"(Date(""2025-07-02""), 103)",23.48699764749226
"(Date(""2025-07-03""), 103)",26.183229782310473
"(Date(""2025-07-04""), 103)",18.133805770802837
"(Date(""2025-07-05""), 103)",17.058246398365693
"(Date(""2025-07-06""), 103)",29.526174587897792
"(Date(""2025-07-07""), 103)",25.12002659272629
"(Date(""2025-07-08""), 103)",21.14967783904328
"(Date(""2025-07-09""), 103)",27.45800194251309
"(Date(""2025-07-10""), 103)",36.342356365899604
"(Date(""2025-07-11""), 103)",36.855056448227266
"(Date(""2025-07-12""), 103)",42.21613086268948
"(Date(""2025-07-13""), 103)",25.3890635612235
"(Date(""2025-07-14""), 103)",27.516411394217272
"(Date(""2025-07-15""), 103)",33.95030333767504
"(Date(""2025-07-16""), 103)",36.85983327818569
"(Date(""2025-07-17""), 103)",26.215235364101247
"(Date(""2025-07-18""), 103)",19.876050273268813
"(Date(""2025-07-19""), 103)",15.531740631347345
"(Date(""2025-07-20""), 103)",19.79311611854642
"(Date(""2025-07-21""), 103)",13.081956532737596
"(Date(""2025-07-22""), 103)",16.051280804727984
"(Date(""2025-07-23""), 103)",18.758819657900503
"(Date(""2025-07-24""), 103)",30.235155325930478
"(Date(""2025-07-25""), 103)",26.832719320544005
"(Date(""2025-07-26""), 103)",29.14451452638789
"(Date(""2025-07-27""), 103)",24.259430126337048
"(Date(""2025-07-28""), 103)",33.14789061748813
"(Date(""2025-07-29""), 103)",25.401400886940216
"(Date(""2025-07-30""), 103)",19.114125609393376
"(Date(""2025-07-31""), 103)",16.94450819615275
"(Date(""2025-08-01""), 103)",13.004569531857012
"(Date(""2025-08-02""), 103)",19.813132338435118
"(Date(""2025-08-03""), 103)",22.69913221301534
"(Date(""2025-08-04""), 103)",32.22660789160191
"(Date(""2025-08-05""), 103)",22.471068928603245
"(Date(""2025-08-06""), 103)",23.989174092417073
"(Date(""2025-08-07""), 103)",43.06776160756706
"(Date(""2025-08-08""), 103)",45.37580159029256
"(Date(""2025-08-09""), 103)",37.12647014901604
"(Date(""2025-08-10""), 103)",36.02911124150771
"(Date(""2025-08-11""), 103)",41.91083898609448
"(Date(""2025-08-12""), 103)",42.90331902534073
"(Date(""2025-08-13""), 103)",28.78981942136442
"(Date(""2025-08-14""), 103)",24.363284653048666
"(Date(""2025-08-15""), 103)",20.65273271784805
"(Date(""2025-08-16""), 103)",27.04870910757797
"(Date(""2025-08-17""), 103)",19.43251026271686
"(Date(""2025-08-18""), 103)",19.590128537351408
"(Date(""2025-08-19""), 103)",19.746979617816685
"(Date(""2025-08-20""), 103)",19.52088164898233
"(Date(""2025-08-21""), 103)",22.44937824985386
"(Date(""2025-08-22""), 103)",25.57182581978258
"(Date(""2025-08-23""), 103)",17.08977602223074
"(Date(""2025-08-24""), 103)",16.092916404240693
"(Date(""2025-08-25""), 103)",14.467957338432832
"(Date(""2025-08-26""), 103)",11.696259399618553
"(Date(""2025-08-27""), 103)",14.311479257450586
"(Date(""2025-08-28""), 103)",17.26893894789626
"(Date(""2025-08-29""), 103)",14.968584838222585
"(Date(""2025-08-30""), 103)",14.149840638817109
"(Date(""2025-08-31""), 103)",15.544283822965923
"(Date(""2025-09-01""), 103)",17.042367240698876
"(Date(""2025-09-02""), 103)",19.437352510751165
"(Date(""2025-09-03""), 103)",20.02239025687386
"(Date(""2025-09-04""), 103)",21.29070248349798
"(Date(""2025-09-05""), 103)",16.543553529896798
"(Date(""2025-09-06""), 103)",13.51055627754817
"(Date(""2025-09-07""), 103)",16.324420028619684
"(Date(""2025-09-08""), 103)",16.855448955814257
"(Date(""2025-09-09""), 103)",21.959773599387507
"(Date(""2025-09-10""), 103)",29.973603992464145
"(Date(""2025-09-11""), 103)",28.941054325232805
"(Date(""2025-09-12""), 103)",18.881351933932372
"(Date(""2025-09-13""), 103)",21.09652524373227
"(Date(""2025-09-14""), 103)",22.669212839442327
"(Date(""2025-09-15""), 103)",18.928851637539868
"(Date(""2025-09-16""), 103)",23.876256708596173
"(Date(""2025-09-17""), 103)",32.34124121923591
"(Date(""2025-09-18""), 103)",28.82277986145945
"(Date(""2025-09-19""), 103)",18.483174534765702
"(Date(""2025-09-20""), 103)",17.49990427855373
"(Date(""2025-09-21""), 103)",31.96203048590857
"(Date(""2025-09-22""), 103)",21.294608783567128
"(Date(""2025-09-23""), 103)",27.46136689186448
"(Date(""2025-09-24""), 103)",23.397043351459704
"(Date(""2025-09-25""), 103)",19.340892190087953
"(Date(""2025-09-26""), 103)",12.361934398918256
"(Date(""2025-09-27""), 103)",13.363422409955815
"(Date(""2025-09-28""), 103)",23.599026679737147
"(Date(""2025-09-29""), 103)",17.72477496045814
"(Date(""2025-09-30""), 103)",15.5730561390337
"(Date(""2025-10-01""), 103)",13.510407500157216
"(Date(""2025-10-02""), 103)",15.811736979323678
"(Date(""2025-10-03""), 103)",21.8244192726065
"(Date(""2025-10-04""), 103)",25.579984777664666
"(Date(""2025-10-05""), 103)",30.54865746882657
"(Date(""2025-10-06""), 103)",33.20634632245446
"(Date(""2025-10-07""), 103)",17.74834170495154
"(Date(""2025-10-08""), 103)",10.27997311568441
"(Date(""2025-10-09""), 103)",18.229269651104204
"(Date(""2025-10-10""), 103)",18.847163193310454
"(Date(""2025-10-11""), 103)",28.721511143477247
"(Date(""2025-10-12""), 103)",21.243367665444225
"(Date(""2025-10-13""), 103)",10.909349950127178
"(Date(""2025-10-14""), 103)",16.11929092192155
"(Date(""2025-10-15""), 103)",15.68139503297208
"(Date(""2025-10-16""), 103)",14.436266305691394
"(Date(""2025-10-17""), 103)",19.90252219751176
"(Date(""2025-10-18""), 103)",14.979701062787981
"(Date(""2025-10-19""), 103)",18.6336396275927
"(Date(""2025-10-20""), 103)",14.282204866728485
"(Date(""2025-10-21""), 103)",11.352016898777403
"(Date(""2025-10-22""), 103)",15.17832440011628
"(Date(""2025-10-23""), 103)",11.668902549915927
"(Date(""2025-10-24""), 103)",16.747721812845498
"(Date(""2025-10-25""), 103)",12.572582695280122
"(Date(""2025-10-26""), 103)",13.714153532402314
"(Date(""2025-10-27""), 103)",21.727699823222025
"(Date(""2025-10-28""), 103)",19.15418771555108
"(Date(""2025-10-29""), 103)",18.071033115176018
"(Date(""2025-10-30""), 103)",17.21868329939497
"(Date(""2025-10-31""), 103)",15.11800285528351
"(Date(""2025-11-01""), 103)",10.135519926221345
"(Date(""2025-11-02""), 103)",8.402996006949632
"(Date(""2025-11-03""), 103)",9.548008679164859
"(Date(""2025-11-04""), 103)",9.793365714504109
"(Date(""2025-11-05""), 103)",10.851782416739571
"(Date(""2025-11-06""), 103)",11.4817967723489
"(Date(""2025-11-07""), 103)",11.13447265233721
"(Date(""2025-11-08""), 103)",8.896693974318422
"(Date(""2025-11-09""), 103)",7.5674588813910475
"(Date(""2025-11-10""), 103)",21.863733902511136
"(Date(""2025-11-11""), 103)",10.911008416388427
"(Date(""2025-11-12""), 103)",16.328132097651398
"(Date(""2025-11-13""), 103)",25.91505620280377
"(Date(""2025-11-14""), 103)",18.830732242817508
"(Date(""2025-11-15""), 103)",18.380503902244886
"(Date(""2025-11-16""), 103)",12.54800851754708
"(Date(""2025-11-17""), 103)",6.930268260776511
"(Date(""2025-11-18""), 103)",13.067226443785962
"(Date(""2025-11-19""), 103)",22.64606129768471
"(Date(""2025-11-20""), 103)",44.06289487766044
"(Date(""2025-11-21""), 103)",33.284471786977065
"(Date(""2025-11-22""), 103)",26.57120615226187
"(Date(""2025-11-23""), 103)",34.00818207784487
"(Date(""2025-11-24""), 103)",25.70472506351883
"(Date(""2025-11-25""), 103)",24.30494911559548
"(Date(""2025-11-26""), 103)",24.712128845217592
"(Date(""2025-11-27""), 103)",6.716042564692496
"(Date(""2025-11-28""), 103)",4.831084945060978
"(Date(""2025-11-29""), 103)",15.660658754859206
"(Date(""2025-11-30""), 103)",16.038199337235806
"(Date(""2025-12-01""), 103)",12.796169894586676
"(Date(""2025-12-02""), 103)",18.433712358308433
"(Date(""2025-12-03""), 103)",27.33057984846996
"(Date(""2025-12-04""), 103)",16.608770891461784
"(Date(""2025-12-05""), 103)",16.296835949639835
"(Date(""2025-12-06""), 103)",11.335803109116686
"(Date(""2025-12-07""), 103)",21.481272485667485
"(Date(""2025-12-08""), 103)",24.32133810257185
"(Date(""2025-12-09""), 103)",33.088887098749666
"(Date(""2025-12-10""), 103)",35.242473185726105
"(Date(""2025-12-11""), 103)",17.1280962866379
"(Date(""2025-12-12""), 103)",16.164288971129018
"(Date(""2025-12-13""), 103)",25.259001915360383
"(Date(""2025-12-14""), 103)",22.2272298999787
"(Date(""2025-12-15""), 103)",22.093517551795653
"(Date(""2025-12-16""), 103)",19.530644367693505
"(Date(""2025-12-17""), 103)",11.452482687336635
"(Date(""2025-12-18""), 103)",19.302902440287177
"(Date(""2025-12-19""), 103)",11.001814754779204
"(Date(""2025-12-20""), 103)",6.293166073023865
"(Date(""2025-12-21""), 103)",4.266798965889658
"(Date(""2025-12-22""), 103)",18.486936762374388
"(Date(""2025-12-23""), 103)",25.98470876769697
"(Date(""2025-12-24""), 103)",22.87630294705953
"(Date(""2025-12-25""), 103)",14.275998314163845
"(Date(""2025-12-26""), 103)",14.55570940332086
"(Date(""2025-12-27""), 103)",25.929002364920013
"(Date(""2025-12-28""), 103)",35.73599807130937
"(Date(""2025-12-29""), 103)",17.25499969126137
"(Date(""2025-12-30""), 103)",6.9365091416669555
"(Date(""2025-12-31""), 103)",17.01127533958377
