ID,PM
"(Date(""2025-01-01""), 3)",18.04852080330716
"(Date(""2025-01-01""), 80)",18.04852080330716
"(Date(""2025-01-01""), 6)",18.04852080330716
"(Date(""2025-01-01""), 31)",18.04852080330716
"(Date(""2025-01-01""), 66)",18.04852080330716
"(Date(""2025-01-01""), 17)",18.04852080330716
"(Date(""2025-01-01""), 103)",19.65895575452332
"(Date(""2025-01-02""), 31)",10.10245661619614
"(Date(""2025-01-02""), 3)",13.16316816351458
"(Date(""2025-01-02""), 80)",10.10245661619614
"(Date(""2025-01-02""), 6)",10.10245661619614
"(Date(""2025-01-02""), 66)",10.10245661619614
"(Date(""2025-01-02""), 17)",10.10245661619614
"(Date(""2025-01-02""), 103)",11.041100848139815
"(Date(""2025-01-03""), 3)",13.542857287808204
"(Date(""2025-01-03""), 80)",10.400093555999682
"(Date(""2025-01-03""), 31)",11.363901155513055
"(Date(""2025-01-03""), 6)",11.363901155513055
"(Date(""2025-01-03""), 66)",10.400093555999682
"(Date(""2025-01-03""), 17)",11.363901155513055
"(Date(""2025-01-03""), 103)",12.409192743233774
"(Date(""2025-01-04""), 3)",15.327326455364162
"(Date(""2025-01-04""), 80)",15.327326455364162
"(Date(""2025-01-04""), 6)",15.327326455364162
"(Date(""2025-01-04""), 31)",16.707701207563797
"(Date(""2025-01-04""), 66)",15.327326455364162
"(Date(""2025-01-04""), 17)",15.327326455364162
"(Date(""2025-01-04""), 103)",16.707701207563797
"(Date(""2025-01-05""), 3)",15.82255161477983
"(Date(""2025-01-05""), 80)",14.511177244700765
"(Date(""2025-01-05""), 31)",15.82255161477983
"(Date(""2025-01-05""), 6)",15.82255161477983
"(Date(""2025-01-05""), 66)",14.511177244700765
"(Date(""2025-01-05""), 17)",14.511177244700765
"(Date(""2025-01-05""), 103)",15.82255161477983
"(Date(""2025-01-06""), 3)",16.613715527777497
"(Date(""2025-01-06""), 80)",19.717874399562046
"(Date(""2025-01-06""), 6)",19.717874399562046
"(Date(""2025-01-06""), 31)",19.717874399562046
"(Date(""2025-01-06""), 66)",18.102846542180824
"(Date(""2025-01-06""), 17)",18.102846542180824
"(Date(""2025-01-06""), 103)",21.469442901519862
"(Date(""2025-01-07""), 3)",18.160627736812355
"(Date(""2025-01-07""), 80)",16.666992484321522
"(Date(""2025-01-07""), 6)",16.666992484321522
"(Date(""2025-01-07""), 31)",16.666992484321522
"(Date(""2025-01-07""), 66)",15.289791113753939
"(Date(""2025-01-07""), 103)",19.78054063783127
"(Date(""2025-01-07""), 17)",15.289791113753939
"(Date(""2025-01-08""), 3)",17.74404619139551
"(Date(""2025-01-08""), 80)",14.935625976270076
"(Date(""2025-01-08""), 31)",16.282884868794575
"(Date(""2025-01-08""), 6)",16.282884868794575
"(Date(""2025-01-08""), 103)",17.74404619139551
"(Date(""2025-01-08""), 66)",16.282884868794575
"(Date(""2025-01-08""), 17)",14.935625976270076
"(Date(""2025-01-09""), 3)",16.130201940912215
"(Date(""2025-01-09""), 80)",12.4283037297823
"(Date(""2025-01-09""), 6)",13.563583990401444
"(Date(""2025-01-09""), 31)",13.563583990401444
"(Date(""2025-01-09""), 66)",13.563583990401444
"(Date(""2025-01-09""), 103)",14.794845195158224
"(Date(""2025-01-09""), 17)",12.4283037297823
"(Date(""2025-01-10""), 80)",14.450282702116981
"(Date(""2025-01-10""), 6)",14.450282702116981
"(Date(""2025-01-10""), 31)",15.756508814190713
"(Date(""2025-01-10""), 3)",13.245881300356306
"(Date(""2025-01-10""), 66)",14.450282702116981
"(Date(""2025-01-10""), 103)",13.245881300356306
"(Date(""2025-01-10""), 17)",12.135367030923916
"(Date(""2025-01-11""), 80)",31.437998349054098
"(Date(""2025-01-11""), 31)",34.18043104649164
"(Date(""2025-01-11""), 3)",28.909347486467755
"(Date(""2025-01-11""), 6)",34.18043104649164
"(Date(""2025-01-11""), 103)",31.437998349054098
"(Date(""2025-01-11""), 66)",34.18043104649164
"(Date(""2025-01-11""), 17)",26.577813447060628
"(Date(""2025-01-12""), 80)",20.572224225788677
"(Date(""2025-01-12""), 31)",24.37401216252487
"(Date(""2025-01-12""), 3)",22.39602273630874
"(Date(""2025-01-12""), 6)",20.572224225788677
"(Date(""2025-01-12""), 103)",18.89059693148193
"(Date(""2025-01-12""), 66)",18.89059693148193
"(Date(""2025-01-12""), 17)",15.910389032777065
"(Date(""2025-01-13""), 80)",40.56043062746277
"(Date(""2025-01-13""), 31)",44.074108710983054
"(Date(""2025-01-13""), 3)",34.33343180705521
"(Date(""2025-01-13""), 6)",34.33343180705521
"(Date(""2025-01-13""), 17)",40.56043062746277
"(Date(""2025-01-13""), 66)",44.074108710983054
"(Date(""2025-01-13""), 103)",40.56043062746277
"(Date(""2025-01-14""), 80)",13.510167813228062
"(Date(""2025-01-14""), 31)",14.736913009651776
"(Date(""2025-01-14""), 6)",13.510167813228062
"(Date(""2025-01-14""), 3)",14.736913009651776
"(Date(""2025-01-14""), 17)",12.379051522932613
"(Date(""2025-01-14""), 103)",14.736913009651776
"(Date(""2025-01-14""), 66)",14.736913009651776
"(Date(""2025-01-15""), 80)",22.257319208715383
"(Date(""2025-01-15""), 31)",17.231328933096016
"(Date(""2025-01-15""), 6)",18.7726753517575
"(Date(""2025-01-15""), 3)",18.7726753517575
"(Date(""2025-01-15""), 17)",15.810135641922635
"(Date(""2025-01-15""), 103)",22.257319208715383
"(Date(""2025-01-15""), 66)",20.44433310378578
"(Date(""2025-01-16""), 80)",33.29313167160215
"(Date(""2025-01-16""), 31)",33.29313167160215
"(Date(""2025-01-16""), 6)",33.29313167160215
"(Date(""2025-01-16""), 3)",33.29313167160215
"(Date(""2025-01-16""), 17)",42.74701991718808
"(Date(""2025-01-16""), 103)",28.15499216623234
"(Date(""2025-01-16""), 66)",30.61986693901691
"(Date(""2025-01-17""), 80)",28.25908082682663
"(Date(""2025-01-17""), 31)",30.732755653892436
"(Date(""2025-01-17""), 6)",28.25908082682663
"(Date(""2025-01-17""), 3)",
"(Date(""2025-01-17""), 17)",28.25908082682663
"(Date(""2025-01-17""), 66)",28.25908082682663
"(Date(""2025-01-17""), 103)",30.732755653892436
"(Date(""2025-01-18""), 80)",17.49373776713268
"(Date(""2025-01-18""), 31)",17.49373776713268
"(Date(""2025-01-18""), 6)",16.052088826464622
"(Date(""2025-01-18""), 3)",
"(Date(""2025-01-18""), 17)",16.052088826464622
"(Date(""2025-01-18""), 103)",13.49717456295083
"(Date(""2025-01-18""), 66)",24.58663248021752
"(Date(""2025-01-19""), 80)",15.814369214856281
"(Date(""2025-01-19""), 31)",15.814369214856281
"(Date(""2025-01-19""), 6)",15.814369214856281
"(Date(""2025-01-19""), 3)",
"(Date(""2025-01-19""), 17)",15.814369214856281
"(Date(""2025-01-19""), 103)",15.814369214856281
"(Date(""2025-01-19""), 66)",14.503632690318796
"(Date(""2025-01-20""), 80)",17.15030906147178
"(Date(""2025-01-20""), 31)",17.15030906147178
"(Date(""2025-01-20""), 6)",17.15030906147178
"(Date(""2025-01-20""), 3)",
"(Date(""2025-01-20""), 17)",17.15030906147178
"(Date(""2025-01-20""), 103)",24.111488721527547
"(Date(""2025-01-20""), 66)",20.34903466879446
"(Date(""2025-01-21""), 80)",24.876071826515766
"(Date(""2025-01-21""), 31)",20.999060296370036
"(Date(""2025-01-21""), 6)",27.063734107482265
"(Date(""2025-01-21""), 3)",
"(Date(""2025-01-21""), 17)",24.876071826515766
"(Date(""2025-01-21""), 66)",24.876071826515766
"(Date(""2025-01-21""), 103)",22.858945164124968
"(Date(""2025-01-22""), 80)",20.528623355608048
"(Date(""2025-01-22""), 31)",22.348735681464884
"(Date(""2025-01-22""), 6)",24.322727278839235
"(Date(""2025-01-22""), 3)",15.87621046735864
"(Date(""2025-01-22""), 17)",22.348735681464884
"(Date(""2025-01-22""), 103)",20.528623355608048
"(Date(""2025-01-22""), 66)",22.348735681464884
"(Date(""2025-01-23""), 80)",26.88386580475198
"(Date(""2025-01-23""), 31)",34.570855540697686
"(Date(""2025-01-23""), 6)",24.710224861784102
"(Date(""2025-01-23""), 3)",22.706026527026648
"(Date(""2025-01-23""), 17)",24.710224861784102
"(Date(""2025-01-23""), 103)",19.154152857969887
"(Date(""2025-01-23""), 66)",29.241274683408708
"(Date(""2025-01-24""), 80)",17.648890135691875
"(Date(""2025-01-24""), 31)",20.935483340422003
"(Date(""2025-01-24""), 6)",20.935483340422003
"(Date(""2025-01-24""), 3)",19.225538778703257
"(Date(""2025-01-24""), 17)",17.648890135691875
"(Date(""2025-01-24""), 66)",22.789993168665582
"(Date(""2025-01-24""), 103)",20.935483340422003
"(Date(""2025-01-25""), 80)",32.240130164144695
"(Date(""2025-01-25""), 31)",35.050378159360115
"(Date(""2025-01-25""), 6)",29.648950433891756
"(Date(""2025-01-25""), 3)",29.648950433891756
"(Date(""2025-01-25""), 66)",32.240130164144695
"(Date(""2025-01-25""), 17)",29.648950433891756
"(Date(""2025-01-25""), 103)",32.240130164144695
"(Date(""2025-01-26""), 80)",18.21039833169493
"(Date(""2025-01-26""), 31)",18.21039833169493
"(Date(""2025-01-26""), 6)",18.21039833169493
"(Date(""2025-01-26""), 3)",19.834519029548524
"(Date(""2025-01-26""), 17)",16.712883294257843
"(Date(""2025-01-26""), 103)",16.712883294257843
"(Date(""2025-01-26""), 66)",23.506297251635978
"(Date(""2025-01-27""), 80)",13.907504976511216
"(Date(""2025-01-27""), 31)",15.167842579493719
"(Date(""2025-01-27""), 6)",12.745414920514751
"(Date(""2025-01-27""), 3)",13.907504976511216
"(Date(""2025-01-27""), 17)",12.745414920514751
"(Date(""2025-01-27""), 103)",12.745414920514751
"(Date(""2025-01-27""), 66)",15.167842579493719
"(Date(""2025-01-28""), 80)",16.14232817945432
"(Date(""2025-01-28""), 31)",16.14232817945432
"(Date(""2025-01-28""), 6)",16.14232817945432
"(Date(""2025-01-28""), 3)",14.806026152699342
"(Date(""2025-01-28""), 17)",14.806026152699342
"(Date(""2025-01-28""), 103)",16.14232817945432
"(Date(""2025-01-28""), 66)",16.14232817945432
"(Date(""2025-01-29""), 80)",23.928464120827954
"(Date(""2025-01-29""), 6)",28.32174008458453
"(Date(""2025-01-29""), 31)",26.036012014696404
"(Date(""2025-01-29""), 3)",30.800712365439665
"(Date(""2025-01-29""), 17)",26.036012014696404
"(Date(""2025-01-29""), 66)",28.32174008458453
"(Date(""2025-01-29""), 103)",23.928464120827954
"(Date(""2025-01-30""), 80)",21.6118580945127
"(Date(""2025-01-30""), 6)",19.849187850186816
"(Date(""2025-01-30""), 3)",16.725354285676552
"(Date(""2025-01-30""), 31)",25.59686624347033
"(Date(""2025-01-30""), 17)",25.59686624347033
"(Date(""2025-01-30""), 66)",25.59686624347033
"(Date(""2025-01-30""), 103)",19.849187850186816
"(Date(""2025-01-31""), 80)",32.47134219660208
"(Date(""2025-01-31""), 6)",29.862138712262272
"(Date(""2025-01-31""), 31)",38.37017505025321
"(Date(""2025-01-31""), 3)",27.456331398374868
"(Date(""2025-01-31""), 17)",27.456331398374868
"(Date(""2025-01-31""), 66)",32.47134219660208
"(Date(""2025-01-31""), 103)",32.47134219660208
"(Date(""2025-02-01""), 80)",12.815069412180655
"(Date(""2025-02-01""), 6)",13.983048325849916
"(Date(""2025-02-01""), 31)",15.249772653101626
"(Date(""2025-02-01""), 3)",12.815069412180655
"(Date(""2025-02-01""), 17)",12.815069412180655
"(Date(""2025-02-01""), 66)",16.623590709636904
"(Date(""2025-02-01""), 103)",16.623590709636904
"(Date(""2025-02-02""), 80)",26.72337764559796
"(Date(""2025-02-02""), 6)",26.72337764559796
"(Date(""2025-02-02""), 31)",29.067218240216953
"(Date(""2025-02-02""), 3)",24.562247293379638
"(Date(""2025-02-02""), 17)",31.60921610135705
"(Date(""2025-02-02""), 66)",29.067218240216953
"(Date(""2025-02-02""), 103)",26.72337764559796
"(Date(""2025-02-03""), 80)",37.31014493406569
"(Date(""2025-02-03""), 6)",37.31014493406569
"(Date(""2025-02-03""), 31)",44.06174575837157
"(Date(""2025-02-03""), 3)",37.31014493406569
"(Date(""2025-02-03""), 17)",34.323740532939674
"(Date(""2025-02-03""), 66)",37.31014493406569
"(Date(""2025-02-03""), 103)",37.31014493406569
"(Date(""2025-02-04""), 80)",16.74679727503055
"(Date(""2025-02-04""), 6)",19.87440985172798
"(Date(""2025-02-04""), 31)",16.74679727503055
"(Date(""2025-02-04""), 3)",16.74679727503055
"(Date(""2025-02-04""), 17)",16.74679727503055
"(Date(""2025-02-04""), 66)",18.247179530375796
"(Date(""2025-02-04""), 103)",19.87440985172798
"(Date(""2025-02-05""), 80)",16.101959713447314
"(Date(""2025-02-05""), 6)",17.54782493002856
"(Date(""2025-02-05""), 31)",20.816606875442417
"(Date(""2025-02-05""), 3)",17.54782493002856
"(Date(""2025-02-05""), 17)",19.115929133225823
"(Date(""2025-02-05""), 66)",17.54782493002856
"(Date(""2025-02-05""), 103)",17.54782493002856
"(Date(""2025-02-06""), 6)",34.82758199149182
"(Date(""2025-02-06""), 80)",34.82758199149182
"(Date(""2025-02-06""), 31)",37.856583080471054
"(Date(""2025-02-06""), 3)",24.895783929103498
"(Date(""2025-02-06""), 66)",37.856583080471054
"(Date(""2025-02-06""), 103)",34.82758199149182
"(Date(""2025-02-06""), 17)",29.459535813172067
"(Date(""2025-02-07""), 80)",16.268119475876542
"(Date(""2025-02-07""), 6)",17.728032475572544
"(Date(""2025-02-07""), 31)",14.922011595296024
"(Date(""2025-02-07""), 3)",16.268119475876542
"(Date(""2025-02-07""), 17)",14.922011595296024
"(Date(""2025-02-07""), 66)",17.728032475572544
"(Date(""2025-02-07""), 103)",16.268119475876542
"(Date(""2025-02-08""), 80)",21.251897506953302
"(Date(""2025-02-08""), 6)",19.517287398781153
"(Date(""2025-02-08""), 3)",16.443182474907978
"(Date(""2025-02-08""), 31)",21.251897506953302
"(Date(""2025-02-08""), 17)",27.38627316845557
"(Date(""2025-02-08""), 66)",25.17346788495323
"(Date(""2025-02-08""), 103)",17.91789597146231
"(Date(""2025-02-09""), 80)",21.868239026360015
"(Date(""2025-02-09""), 6)",21.868239026360015
"(Date(""2025-02-09""), 31)",25.89843055203875
"(Date(""2025-02-09""), 3)",20.085583027750207
"(Date(""2025-02-09""), 17)",39.36105276214198
"(Date(""2025-02-09""), 66)",28.172526957799718
"(Date(""2025-02-09""), 103)",28.172526957799718
"(Date(""2025-02-10""), 6)",19.040500782946943
"(Date(""2025-02-10""), 80)",17.478276472859733
"(Date(""2025-02-10""), 31)",19.040500782946943
"(Date(""2025-02-10""), 3)",19.040500782946943
"(Date(""2025-02-10""), 17)",17.478276472859733
"(Date(""2025-02-10""), 66)",20.73480152335558
"(Date(""2025-02-10""), 103)",20.73480152335558
"(Date(""2025-02-11""), 6)",19.705127501278835
"(Date(""2025-02-11""), 80)",18.091093307408926
"(Date(""2025-02-11""), 31)",19.705127501278835
"(Date(""2025-02-11""), 3)",18.091093307408926
"(Date(""2025-02-11""), 17)",21.455618331603947
"(Date(""2025-02-11""), 66)",23.354102365393423
"(Date(""2025-02-11""), 103)",19.705127501278835
"(Date(""2025-02-12""), 6)",16.525276330458
"(Date(""2025-02-12""), 80)",15.159122209811745
"(Date(""2025-02-12""), 31)",16.525276330458
"(Date(""2025-02-12""), 3)",12.738001123717208
"(Date(""2025-02-12""), 17)",16.525276330458
"(Date(""2025-02-12""), 66)",15.159122209811745
"(Date(""2025-02-12""), 103)",18.00693035618113
"(Date(""2025-02-13""), 80)",19.429916767331157
"(Date(""2025-02-13""), 6)",19.429916767331157
"(Date(""2025-02-13""), 31)",23.030389778441084
"(Date(""2025-02-13""), 3)",17.83733617402874
"(Date(""2025-02-13""), 66)",23.030389778441084
"(Date(""2025-02-13""), 17)",23.030389778441084
"(Date(""2025-02-13""), 103)",25.06201102557909
"(Date(""2025-02-14""), 80)",16.28844850931972
"(Date(""2025-02-14""), 6)",21.05450667256472
"(Date(""2025-02-14""), 31)",16.28844850931972
"(Date(""2025-02-14""), 3)",14.940755912339673
"(Date(""2025-02-14""), 66)",19.33528384255543
"(Date(""2025-02-14""), 17)",14.940755912339673
"(Date(""2025-02-14""), 103)",24.94128981281177
"(Date(""2025-02-15""), 6)",32.31773798543812
"(Date(""2025-02-15""), 80)",25.117655051645187
"(Date(""2025-02-15""), 3)",23.081696165883624
"(Date(""2025-02-15""), 31)",27.32574170431977
"(Date(""2025-02-15""), 66)",32.31773798543812
"(Date(""2025-02-15""), 17)",38.18950035108936
"(Date(""2025-02-15""), 103)",35.13454724329378
"(Date(""2025-02-16""), 80)",14.436292115511739
"(Date(""2025-02-16""), 6)",15.741335409775647
"(Date(""2025-02-16""), 3)",13.232981326942014
"(Date(""2025-02-16""), 31)",17.156712065649867
"(Date(""2025-02-16""), 66)",18.691750088372036
"(Date(""2025-02-16""), 17)",20.356566108491677
"(Date(""2025-02-16""), 103)",15.741335409775647
"(Date(""2025-02-17""), 80)",15.59138327816645
"(Date(""2025-02-17""), 6)",15.59138327816645
"(Date(""2025-02-17""), 3)",16.994082406150376
"(Date(""2025-02-17""), 31)",16.994082406150376
"(Date(""2025-02-17""), 66)",14.298029255936534
"(Date(""2025-02-17""), 17)",14.298029255936534
"(Date(""2025-02-17""), 103)",15.59138327816645
"(Date(""2025-02-18""), 6)",12.574125008975559
"(Date(""2025-02-18""), 80)",12.574125008975559
"(Date(""2025-02-18""), 31)",11.515976397478326
"(Date(""2025-02-18""), 3)",13.72173355939047
"(Date(""2025-02-18""), 66)",11.515976397478326
"(Date(""2025-02-18""), 17)",11.515976397478326
"(Date(""2025-02-18""), 103)",13.72173355939047
"(Date(""2025-02-19""), 6)",12.295713130423614
"(Date(""2025-02-19""), 80)",12.295713130423614
"(Date(""2025-02-19""), 3)",12.295713130423614
"(Date(""2025-02-19""), 31)",14.638887448495183
"(Date(""2025-02-19""), 66)",12.295713130423614
"(Date(""2025-02-19""), 17)",11.259267659461722
"(Date(""2025-02-19""), 103)",12.295713130423614
"(Date(""2025-02-20""), 6)",23.746269733697762
"(Date(""2025-02-20""), 80)",20.03853643751294
"(Date(""2025-02-20""), 3)",23.746269733697762
"(Date(""2025-02-20""), 31)",21.81721493708038
"(Date(""2025-02-20""), 66)",23.746269733697762
"(Date(""2025-02-20""), 17)",23.746269733697762
"(Date(""2025-02-20""), 103)",20.03853643751294
"(Date(""2025-02-21""), 6)",18.9815288825329
"(Date(""2025-02-21""), 80)",14.663448670692143
"(Date(""2025-02-21""), 31)",17.42390163004603
"(Date(""2025-02-21""), 3)",15.987696650697153
"(Date(""2025-02-21""), 66)",14.663448670692143
"(Date(""2025-02-21""), 17)",14.663448670692143
"(Date(""2025-02-21""), 103)",18.9815288825329
"(Date(""2025-02-22""), 6)",26.064481199519438
"(Date(""2025-02-22""), 80)",22.00941030732838
"(Date(""2025-02-22""), 31)",23.954714037125687
"(Date(""2025-02-22""), 3)",22.00941030732838
"(Date(""2025-02-22""), 66)",28.352616163399237
"(Date(""2025-02-22""), 17)",22.00941030732838
"(Date(""2025-02-22""), 103)",20.215749533468525
"(Date(""2025-02-23""), 6)",19.15253067937567
"(Date(""2025-02-23""), 80)",24.70815548299566
"(Date(""2025-02-23""), 31)",22.704118463261462
"(Date(""2025-02-23""), 3)",22.704118463261462
"(Date(""2025-02-23""), 66)",31.79534808073818
"(Date(""2025-02-23""), 17)",31.79534808073818
"(Date(""2025-02-23""), 103)",26.88162147274997
"(Date(""2025-02-24""), 80)",23.58766670939551
"(Date(""2025-02-24""), 31)",23.58766670939551
"(Date(""2025-02-24""), 3)",23.58766670939551
"(Date(""2025-02-24""), 6)",15.386332866909378
"(Date(""2025-02-24""), 66)",27.920882130757676
"(Date(""2025-02-24""), 17)",27.920882130757676
"(Date(""2025-02-24""), 103)",19.903696902431864
"(Date(""2025-02-25""), 80)",26.401974164660214
"(Date(""2025-02-25""), 6)",28.71864207723794
"(Date(""2025-02-25""), 31)",26.401974164660214
"(Date(""2025-02-25""), 3)",33.956116607581286
"(Date(""2025-02-25""), 66)",26.401974164660214
"(Date(""2025-02-25""), 17)",26.401974164660214
"(Date(""2025-02-25""), 103)",26.401974164660214
"(Date(""2025-02-26""), 6)",23.146736178716232
"(Date(""2025-02-26""), 80)",17.928539699016383
"(Date(""2025-02-26""), 31)",17.928539699016383
"(Date(""2025-02-26""), 3)",23.146736178716232
"(Date(""2025-02-26""), 66)",23.146736178716232
"(Date(""2025-02-26""), 17)",25.188193796425264
"(Date(""2025-02-26""), 103)",23.146736178716232
"(Date(""2025-02-27""), 80)",32.26593578731092
"(Date(""2025-02-27""), 6)",35.07836548880758
"(Date(""2025-02-27""), 31)",35.07836548880758
"(Date(""2025-02-27""), 3)",35.07836548880758
"(Date(""2025-02-27""), 66)",35.07836548880758
"(Date(""2025-02-27""), 17)",41.43664793835381
"(Date(""2025-02-27""), 103)",32.26593578731092
"(Date(""2025-02-28""), 6)",12.909979616066824
"(Date(""2025-02-28""), 80)",12.909979616066824
"(Date(""2025-02-28""), 31)",12.909979616066824
"(Date(""2025-02-28""), 3)",11.82565001051483
"(Date(""2025-02-28""), 66)",15.361409387568546
"(Date(""2025-02-28""), 17)",15.361409387568546
"(Date(""2025-02-28""), 103)",12.909979616066824
"(Date(""2025-03-01""), 6)",22.13710263641727
"(Date(""2025-03-01""), 80)",22.13710263641727
"(Date(""2025-03-01""), 3)",17.13709159417026
"(Date(""2025-03-01""), 31)",31.010864935437347
"(Date(""2025-03-01""), 66)",24.093201965090227
"(Date(""2025-03-01""), 17)",18.67047082703907
"(Date(""2025-03-01""), 103)",28.515510556288692
"(Date(""2025-03-02""), 6)",11.727038965679577
"(Date(""2025-03-02""), 80)",11.727038965679577
"(Date(""2025-03-02""), 3)",10.734923554844608
"(Date(""2025-03-02""), 31)",13.969992807789616
"(Date(""2025-03-02""), 66)",10.734923554844608
"(Date(""2025-03-02""), 17)",10.734923554844608
"(Date(""2025-03-02""), 103)",13.969992807789616
"(Date(""2025-03-03""), 6)",24.84059385894739
"(Date(""2025-03-03""), 80)",22.826232823224714
"(Date(""2025-03-03""), 31)",29.39461930309252
"(Date(""2025-03-03""), 3)",24.84059385894739
"(Date(""2025-03-03""), 66)",27.02525669656812
"(Date(""2025-03-03""), 17)",20.968897992255176
"(Date(""2025-03-03""), 103)",24.84059385894739
"(Date(""2025-03-04""), 80)",29.277738580493715
"(Date(""2025-03-04""), 6)",26.91748721865337
"(Date(""2025-03-04""), 31)",29.277738580493715
"(Date(""2025-03-04""), 3)",24.74122537360799
"(Date(""2025-03-04""), 66)",24.74122537360799
"(Date(""2025-03-04""), 17)",34.6137456645182
"(Date(""2025-03-04""), 103)",19.17845404776238
"(Date(""2025-03-05""), 6)",24.086692892929527
"(Date(""2025-03-05""), 80)",24.086692892929527
"(Date(""2025-03-05""), 31)",28.507854355683524
"(Date(""2025-03-05""), 3)",15.718906479905648
"(Date(""2025-03-05""), 66)",28.507854355683524
"(Date(""2025-03-05""), 17)",22.131100968281835
"(Date(""2025-03-05""), 103)",22.131100968281835
"(Date(""2025-03-06""), 6)",15.3046572310237
"(Date(""2025-03-06""), 80)",15.3046572310237
"(Date(""2025-03-06""), 31)",14.033654466680652
"(Date(""2025-03-06""), 3)",18.17811378908328
"(Date(""2025-03-06""), 66)",15.3046572310237
"(Date(""2025-03-06""), 17)",15.3046572310237
"(Date(""2025-03-06""), 103)",16.683115440118915
"(Date(""2025-03-07""), 6)",8.97845337478522
"(Date(""2025-03-07""), 80)",8.97845337478522
"(Date(""2025-03-07""), 3)",12.805484993702299
"(Date(""2025-03-07""), 31)",8.97845337478522
"(Date(""2025-03-07""), 66)",8.97845337478522
"(Date(""2025-03-07""), 17)",8.200599437501072
"(Date(""2025-03-07""), 103)",9.822070065013731
"(Date(""2025-03-08""), 80)",10.25296005567494
"(Date(""2025-03-08""), 6)",11.204328425189068
"(Date(""2025-03-08""), 3)",13.355162205573349
"(Date(""2025-03-08""), 31)",11.204328425189068
"(Date(""2025-03-08""), 66)",10.25296005567494
"(Date(""2025-03-08""), 17)",11.204328425189068
"(Date(""2025-03-08""), 103)",12.236129122733677
"(Date(""2025-03-09""), 6)",20.307706666229112
"(Date(""2025-03-09""), 80)",15.703034668603266
"(Date(""2025-03-09""), 3)",17.115173233033094
"(Date(""2025-03-09""), 31)",17.115173233033094
"(Date(""2025-03-09""), 66)",26.181788961228953
"(Date(""2025-03-09""), 17)",17.115173233033094
"(Date(""2025-03-09""), 103)",17.115173233033094
"(Date(""2025-03-10""), 80)",26.19338118819613
"(Date(""2025-03-10""), 6)",24.073565838980016
"(Date(""2025-03-10""), 31)",26.19338118819613
"(Date(""2025-03-10""), 3)",24.073565838980016
"(Date(""2025-03-10""), 66)",26.19338118819613
"(Date(""2025-03-10""), 17)",28.492413851121423
"(Date(""2025-03-10""), 103)",22.118997212253973
"(Date(""2025-03-11""), 80)",24.669645213737482
"(Date(""2025-03-11""), 6)",22.668610198767272
"(Date(""2025-03-11""), 31)",31.746221347945536
"(Date(""2025-03-11""), 3)",17.553738461879746
"(Date(""2025-03-11""), 66)",26.83985539774002
"(Date(""2025-03-11""), 17)",19.122342617723014
"(Date(""2025-03-11""), 103)",24.669645213737482
"(Date(""2025-03-12""), 6)",21.143331482369017
"(Date(""2025-03-12""), 80)",17.825596393034047
"(Date(""2025-03-12""), 3)",17.825596393034047
"(Date(""2025-03-12""), 31)",21.143331482369017
"(Date(""2025-03-12""), 66)",19.41718446025905
"(Date(""2025-03-12""), 17)",21.143331482369017
"(Date(""2025-03-12""), 103)",19.41718446025905
"(Date(""2025-03-13""), 6)",23.885713530580592
"(Date(""2025-03-13""), 3)",18.507821389010076
"(Date(""2025-03-13""), 31)",33.430119759055316
"(Date(""2025-03-13""), 80)",28.27145533019213
"(Date(""2025-03-13""), 66)",30.746176345197117
"(Date(""2025-03-13""), 17)",28.27145533019213
"(Date(""2025-03-13""), 103)",28.27145533019213
"(Date(""2025-03-14""), 6)",34.185449963988205
"(Date(""2025-03-14""), 80)",43.885331415925
"(Date(""2025-03-14""), 3)",37.16016275042336
"(Date(""2025-03-14""), 31)",47.68010935461809
"(Date(""2025-03-14""), 66)",40.38636915626193
"(Date(""2025-03-14""), 17)",34.185449963988205
"(Date(""2025-03-14""), 103)",31.442626025083776
"(Date(""2025-03-15""), 80)",19.51391987854678
"(Date(""2025-03-15""), 6)",17.914790960734642
"(Date(""2025-03-15""), 3)",17.914790960734642
"(Date(""2025-03-15""), 31)",29.7811045322726
"(Date(""2025-03-15""), 66)",21.248245283652462
"(Date(""2025-03-15""), 17)",16.44031951018977
"(Date(""2025-03-15""), 103)",23.12919720522127
"(Date(""2025-03-16""), 6)",12.953749124845025
"(Date(""2025-03-16""), 80)",15.412892629929726
"(Date(""2025-03-16""), 3)",15.412892629929726
"(Date(""2025-03-16""), 31)",14.133452552906004
"(Date(""2025-03-16""), 66)",15.412892629929726
"(Date(""2025-03-16""), 17)",14.133452552906004
"(Date(""2025-03-16""), 103)",11.86600753915369
"(Date(""2025-03-17""), 6)",17.605860952875446
"(Date(""2025-03-17""), 80)",14.818145030373332
"(Date(""2025-03-17""), 3)",14.818145030373332
"(Date(""2025-03-17""), 31)",14.818145030373332
"(Date(""2025-03-17""), 66)",13.5850675252462
"(Date(""2025-03-17""), 17)",13.5850675252462
"(Date(""2025-03-17""), 103)",17.605860952875446
"(Date(""2025-03-18""), 80)",22.352444383478797
"(Date(""2025-03-18""), 6)",22.352444383478797
"(Date(""2025-03-18""), 3)",17.305897215681235
"(Date(""2025-03-18""), 31)",22.352444383478797
"(Date(""2025-03-18""), 66)",26.467969997396654
"(Date(""2025-03-18""), 17)",18.853547922731682
"(Date(""2025-03-18""), 103)",22.352444383478797
"(Date(""2025-03-19""), 6)",15.326923771174492
"(Date(""2025-03-19""), 80)",12.880660979161785
"(Date(""2025-03-19""), 3)",11.798616859776418
"(Date(""2025-03-19""), 31)",15.326923771174492
"(Date(""2025-03-19""), 66)",15.326923771174492
"(Date(""2025-03-19""), 17)",12.880660979161785
"(Date(""2025-03-19""), 103)",12.880660979161785
"(Date(""2025-03-20""), 80)",11.490273777563914
"(Date(""2025-03-20""), 6)",11.490273777563914
"(Date(""2025-03-20""), 3)",13.6915012299148
"(Date(""2025-03-20""), 31)",12.546249391069574
"(Date(""2025-03-20""), 66)",10.516615007940795
"(Date(""2025-03-20""), 17)",10.516615007940795
"(Date(""2025-03-20""), 103)",11.490273777563914
"(Date(""2025-03-21""), 3)",12.45606229250079
"(Date(""2025-03-21""), 6)",11.407117066078085
"(Date(""2025-03-21""), 80)",11.407117066078085
"(Date(""2025-03-21""), 31)",11.407117066078085
"(Date(""2025-03-21""), 66)",12.45606229250079
"(Date(""2025-03-21""), 17)",10.439940641264464
"(Date(""2025-03-21""), 103)",12.45606229250079
"(Date(""2025-03-22""), 80)",16.906044664188755
"(Date(""2025-03-22""), 6)",18.419890304121097
"(Date(""2025-03-22""), 31)",21.842360973728116
"(Date(""2025-03-22""), 3)",14.223182207792801
"(Date(""2025-03-22""), 66)",21.842360973728116
"(Date(""2025-03-22""), 17)",18.419890304121097
"(Date(""2025-03-22""), 103)",15.51020837372507
"(Date(""2025-03-23""), 6)",12.611562392873813
"(Date(""2025-03-23""), 80)",12.611562392873813
"(Date(""2025-03-23""), 31)",15.010400508208107
"(Date(""2025-03-23""), 3)",12.611562392873813
"(Date(""2025-03-23""), 66)",17.83199863723437
"(Date(""2025-03-23""), 17)",12.611562392873813
"(Date(""2025-03-23""), 103)",15.010400508208107
"(Date(""2025-03-24""), 31)",19.47414805958532
"(Date(""2025-03-24""), 6)",21.20511100269248
"(Date(""2025-03-24""), 80)",19.47414805958532
"(Date(""2025-03-24""), 3)",16.40650670238433
"(Date(""2025-03-24""), 17)",21.20511100269248
"(Date(""2025-03-24""), 103)",17.878119488571446
"(Date(""2025-03-24""), 66)",25.118435945931527
"(Date(""2025-03-25""), 6)",14.84289627883814
"(Date(""2025-03-25""), 80)",13.607889330805587
"(Date(""2025-03-25""), 31)",14.84289627883814
"(Date(""2025-03-25""), 3)",13.607889330805587
"(Date(""2025-03-25""), 66)",17.634974245645356
"(Date(""2025-03-25""), 17)",12.469155320173124
"(Date(""2025-03-25""), 103)",12.469155320173124
"(Date(""2025-03-26""), 6)",18.388896250800457
"(Date(""2025-03-26""), 80)",16.87746670136855
"(Date(""2025-03-26""), 31)",15.483858159040206
"(Date(""2025-03-26""), 3)",15.483858159040206
"(Date(""2025-03-26""), 66)",18.388896250800457
"(Date(""2025-03-26""), 17)",15.483858159040206
"(Date(""2025-03-26""), 103)",15.483858159040206
"(Date(""2025-03-27""), 31)",12.301619959975113
"(Date(""2025-03-27""), 6)",12.301619959975113
"(Date(""2025-03-27""), 80)",11.264714031821017
"(Date(""2025-03-27""), 3)",12.301619959975113
"(Date(""2025-03-27""), 17)",10.308638401561186
"(Date(""2025-03-27""), 103)",15.968594145683383
"(Date(""2025-03-27""), 66)",12.301619959975113
"(Date(""2025-03-28""), 6)",14.278482053957335
"(Date(""2025-03-28""), 80)",14.278482053957335
"(Date(""2025-03-28""), 3)",13.087473089439154
"(Date(""2025-03-28""), 31)",14.278482053957335
"(Date(""2025-03-28""), 66)",13.087473089439154
"(Date(""2025-03-28""), 17)",14.278482053957335
"(Date(""2025-03-28""), 103)",15.570183480818255
"(Date(""2025-03-29""), 80)",15.564297661060142
"(Date(""2025-03-29""), 6)",14.273055053607504
"(Date(""2025-03-29""), 31)",16.964706867169625
"(Date(""2025-03-29""), 3)",13.082469141984516
"(Date(""2025-03-29""), 66)",15.564297661060142
"(Date(""2025-03-29""), 17)",15.564297661060142
"(Date(""2025-03-29""), 103)",14.273055053607504
"(Date(""2025-03-30""), 6)",15.419686777361559
"(Date(""2025-03-30""), 80)",16.807870025149175
"(Date(""2025-03-30""), 31)",18.313415604847716
"(Date(""2025-03-30""), 3)",15.419686777361559
"(Date(""2025-03-30""), 66)",16.807870025149175
"(Date(""2025-03-30""), 17)",16.807870025149175
"(Date(""2025-03-30""), 103)",18.313415604847716
"(Date(""2025-03-31""), 6)",26.803762649316337
"(Date(""2025-03-31""), 80)",24.636366016213348
"(Date(""2025-03-31""), 31)",26.803762649316337
"(Date(""2025-03-31""), 3)",20.7952696047385
"(Date(""2025-03-31""), 66)",24.636366016213348
"(Date(""2025-03-31""), 17)",20.7952696047385
"(Date(""2025-03-31""), 103)",22.637925226405248
"(Date(""2025-04-01""), 80)",9.317591012699607
"(Date(""2025-04-01""), 6)",11.135915012937234
"(Date(""2025-04-01""), 3)",9.317591012699607
"(Date(""2025-04-01""), 31)",10.189879698565461
"(Date(""2025-04-01""), 66)",10.189879698565461
"(Date(""2025-04-01""), 17)",10.189879698565461
"(Date(""2025-04-01""), 103)",12.16193177841909
"(Date(""2025-04-02""), 3)",12.507501525417059
"(Date(""2025-04-02""), 31)",14.888000440006794
"(Date(""2025-04-02""), 6)",14.888000440006794
"(Date(""2025-04-02""), 80)",13.649477471200761
"(Date(""2025-04-02""), 17)",13.649477471200761
"(Date(""2025-04-02""), 103)",14.888000440006794
"(Date(""2025-04-02""), 66)",14.888000440006794
"(Date(""2025-04-03""), 80)",11.875485868396963
"(Date(""2025-04-03""), 3)",12.964028788367747
"(Date(""2025-04-03""), 31)",14.144601298579227
"(Date(""2025-04-03""), 6)",11.875485868396963
"(Date(""2025-04-03""), 66)",11.875485868396963
"(Date(""2025-04-03""), 17)",10.871798523173029
"(Date(""2025-04-03""), 103)",10.871798523173029
"(Date(""2025-04-04""), 6)",11.391211332308178
"(Date(""2025-04-04""), 80)",10.425274812835958
"(Date(""2025-04-04""), 3)",10.425274812835958
"(Date(""2025-04-04""), 31)",11.391211332308178
"(Date(""2025-04-04""), 66)",14.807205190346117
"(Date(""2025-04-04""), 17)",10.425274812835958
"(Date(""2025-04-04""), 103)",13.574980482473118
"(Date(""2025-04-05""), 6)",13.697466664068319
"(Date(""2025-04-05""), 80)",14.940046823155559
"(Date(""2025-04-05""), 3)",13.697466664068319
"(Date(""2025-04-05""), 31)",16.287679471018432
"(Date(""2025-04-05""), 66)",14.940046823155559
"(Date(""2025-04-05""), 17)",14.940046823155559
"(Date(""2025-04-05""), 103)",16.287679471018432
"(Date(""2025-04-06""), 6)",14.769302447420612
"(Date(""2025-04-06""), 80)",13.540032385594554
"(Date(""2025-04-06""), 3)",14.769302447420612
"(Date(""2025-04-06""), 31)",14.769302447420612
"(Date(""2025-04-06""), 66)",13.540032385594554
"(Date(""2025-04-06""), 17)",13.540032385594554
"(Date(""2025-04-06""), 103)",13.540032385594554
"(Date(""2025-04-07""), 6)",13.629483391990671
"(Date(""2025-04-07""), 80)",17.662521330986035
"(Date(""2025-04-07""), 3)",13.629483391990671
"(Date(""2025-04-07""), 31)",16.20771514492524
"(Date(""2025-04-07""), 66)",22.807382195067127
"(Date(""2025-04-07""), 17)",20.95151683384224
"(Date(""2025-04-07""), 103)",20.95151683384224
"(Date(""2025-04-08""), 6)",16.987474411714928
"(Date(""2025-04-08""), 80)",16.987474411714928
"(Date(""2025-04-08""), 3)",15.585290399079653
"(Date(""2025-04-08""), 31)",18.50820443457858
"(Date(""2025-04-08""), 66)",20.15750280169698
"(Date(""2025-04-08""), 17)",15.585290399079653
"(Date(""2025-04-08""), 103)",16.987474411714928
"(Date(""2025-04-09""), 6)",12.662703645228056
"(Date(""2025-04-09""), 80)",9.710144279148889
"(Date(""2025-04-09""), 3)",15.07055465576661
"(Date(""2025-04-09""), 31)",13.817800973024953
"(Date(""2025-04-09""), 66)",12.662703645228056
"(Date(""2025-04-09""), 17)",11.597650031684879
"(Date(""2025-04-09""), 103)",15.07055465576661
"(Date(""2025-04-10""), 3)",16.40842031145446
"(Date(""2025-04-10""), 31)",16.40842031145446
"(Date(""2025-04-10""), 6)",19.476398914170893
"(Date(""2025-04-10""), 80)",
"(Date(""2025-04-10""), 17)",15.051375509764075
"(Date(""2025-04-10""), 103)",17.88019488148617
"(Date(""2025-04-10""), 66)",16.40842031145446
"(Date(""2025-04-11""), 6)",15.357037973501178
"(Date(""2025-04-11""), 3)",16.739924651312027
"(Date(""2025-04-11""), 31)",21.630445200576965
"(Date(""2025-04-11""), 80)",
"(Date(""2025-04-11""), 66)",18.239725868709126
"(Date(""2025-04-11""), 17)",15.357037973501178
"(Date(""2025-04-11""), 103)",18.239725868709126
"(Date(""2025-04-12""), 6)",17.08219674804828
"(Date(""2025-04-12""), 3)",15.672628811321943
"(Date(""2025-04-12""), 31)",20.26891855971195
"(Date(""2025-04-12""), 80)",
"(Date(""2025-04-12""), 66)",17.08219674804828
"(Date(""2025-04-12""), 17)",15.672628811321943
"(Date(""2025-04-12""), 103)",18.610934960244176
"(Date(""2025-04-13""), 6)",16.878503900758208
"(Date(""2025-04-13""), 3)",15.484814505255663
"(Date(""2025-04-13""), 31)",18.390021139001533
"(Date(""2025-04-13""), 80)",
"(Date(""2025-04-13""), 66)",18.390021139001533
"(Date(""2025-04-13""), 17)",16.878503900758208
"(Date(""2025-04-13""), 103)",20.029327837380272
"(Date(""2025-04-14""), 6)",18.415252017120643
"(Date(""2025-04-14""), 3)",15.506265041210039
"(Date(""2025-04-14""), 31)",20.056691830631657
"(Date(""2025-04-14""), 80)",
"(Date(""2025-04-14""), 66)",23.76762474841428
"(Date(""2025-04-14""), 17)",23.76762474841428
"(Date(""2025-04-14""), 103)",23.76762474841428
"(Date(""2025-04-15""), 3)",14.546182396239344
"(Date(""2025-04-15""), 31)",20.508602557884952
"(Date(""2025-04-15""), 6)",15.860516235984967
"(Date(""2025-04-15""), 80)",
"(Date(""2025-04-15""), 66)",20.508602557884952
"(Date(""2025-04-15""), 17)",17.285968895661487
"(Date(""2025-04-15""), 103)",18.83193478616318
"(Date(""2025-04-16""), 3)",14.446374225390683
"(Date(""2025-04-16""), 31)",12.13204416121845
"(Date(""2025-04-16""), 6)",13.242277502511207
"(Date(""2025-04-16""), 80)",
"(Date(""2025-04-16""), 17)",12.13204416121845
"(Date(""2025-04-16""), 103)",12.13204416121845
"(Date(""2025-04-16""), 66)",12.13204416121845
"(Date(""2025-04-17""), 6)",13.339834383249434
"(Date(""2025-04-17""), 3)",10.24094463084857
"(Date(""2025-04-17""), 31)",12.221996155613962
"(Date(""2025-04-17""), 80)",
"(Date(""2025-04-17""), 66)",13.339834383249434
"(Date(""2025-04-17""), 17)",11.19129717029936
"(Date(""2025-04-17""), 103)",17.293022240738487
"(Date(""2025-04-18""), 6)",20.373114284676817
"(Date(""2025-04-18""), 3)",22.18007927769638
"(Date(""2025-04-18""), 31)",20.373114284676817
"(Date(""2025-04-18""), 80)",
"(Date(""2025-04-18""), 17)",20.373114284676817
"(Date(""2025-04-18""), 103)",17.170780828796474
"(Date(""2025-04-18""), 66)",24.1398120163289
"(Date(""2025-04-19""), 6)",22.27165227730007
"(Date(""2025-04-19""), 3)",14.509281343605124
"(Date(""2025-04-19""), 31)",17.24256457404169
"(Date(""2025-04-19""), 80)",
"(Date(""2025-04-19""), 66)",18.78486089684875
"(Date(""2025-04-19""), 17)",17.24256457404169
"(Date(""2025-04-19""), 103)",18.78486089684875
"(Date(""2025-04-20""), 3)",9.43902448159971
"(Date(""2025-04-20""), 31)",10.321579618314082
"(Date(""2025-04-20""), 6)",10.321579618314082
"(Date(""2025-04-20""), 80)",
"(Date(""2025-04-20""), 17)",9.43902448159971
"(Date(""2025-04-20""), 103)",11.278749348634769
"(Date(""2025-04-20""), 66)",12.31684187626195
"(Date(""2025-04-21""), 3)",13.00948078803491
"(Date(""2025-04-21""), 31)",18.382530490897803
"(Date(""2025-04-21""), 6)",16.87159717381956
"(Date(""2025-04-21""), 80)",
"(Date(""2025-04-21""), 66)",18.382530490897803
"(Date(""2025-04-21""), 17)",15.478446180867106
"(Date(""2025-04-21""), 103)",15.478446180867106
"(Date(""2025-04-22""), 3)",14.846733377065323
"(Date(""2025-04-22""), 31)",14.846733377065323
"(Date(""2025-04-22""), 6)",16.186476948576605
"(Date(""2025-04-22""), 80)",
"(Date(""2025-04-22""), 17)",12.472417506019138
"(Date(""2025-04-22""), 103)",14.846733377065323
"(Date(""2025-04-22""), 66)",14.846733377065323
"(Date(""2025-04-23""), 3)",11.014369244387435
"(Date(""2025-04-23""), 31)",11.014369244387435
"(Date(""2025-04-23""), 6)",11.014369244387435
"(Date(""2025-04-23""), 80)",
"(Date(""2025-04-23""), 17)",10.077808830691712
"(Date(""2025-04-23""), 103)",12.030110064778002
"(Date(""2025-04-23""), 66)",11.014369244387435
"(Date(""2025-04-24""), 6)",23.21071553503733
"(Date(""2025-04-24""), 3)",17.978692886473205
"(Date(""2025-04-24""), 31)",19.58322431798822
"(Date(""2025-04-24""), 80)",
"(Date(""2025-04-24""), 66)",25.257582212727435
"(Date(""2025-04-24""), 17)",21.323408986010072
"(Date(""2025-04-24""), 103)",23.21071553503733
"(Date(""2025-04-25""), 3)",14.931647103439811
"(Date(""2025-04-25""), 31)",16.278569606806407
"(Date(""2025-04-25""), 6)",17.739366100620835
"(Date(""2025-04-25""), 80)",
"(Date(""2025-04-25""), 17)",13.689721730701475
"(Date(""2025-04-25""), 103)",16.278569606806407
"(Date(""2025-04-25""), 66)",17.739366100620835
"(Date(""2025-04-26""), 3)",15.294637336557852
"(Date(""2025-04-26""), 31)",16.67224842537419
"(Date(""2025-04-26""), 6)",16.67224842537419
"(Date(""2025-04-26""), 80)",
"(Date(""2025-04-26""), 17)",15.294637336557852
"(Date(""2025-04-26""), 103)",18.166328035264744
"(Date(""2025-04-26""), 66)",16.67224842537419
"(Date(""2025-04-27""), 3)",17.27351038868777
"(Date(""2025-04-27""), 6)",17.27351038868777
"(Date(""2025-04-27""), 31)",
"(Date(""2025-04-27""), 80)",
"(Date(""2025-04-27""), 17)",15.849028911451878
"(Date(""2025-04-27""), 103)",15.849028911451878
"(Date(""2025-04-27""), 66)",15.849028911451878
"(Date(""2025-04-28""), 3)",19.132091145695593
"(Date(""2025-04-28""), 31)",13.551255021166536
"(Date(""2025-04-28""), 6)",19.132091145695593
"(Date(""2025-04-28""), 80)",
"(Date(""2025-04-28""), 17)",14.781473887614041
"(Date(""2025-04-28""), 103)",19.132091145695593
"(Date(""2025-04-28""), 66)",16.11570017178337
"(Date(""2025-04-29""), 3)",20.897783746432022
"(Date(""2025-04-29""), 31)",19.19077799461875
"(Date(""2025-04-29""), 6)",16.16559397083913
"(Date(""2025-04-29""), 80)",
"(Date(""2025-04-29""), 17)",17.616839071415395
"(Date(""2025-04-29""), 103)",19.19077799461875
"(Date(""2025-04-29""), 66)",16.16559397083913
"(Date(""2025-04-30""), 3)",9.361233370020056
"(Date(""2025-04-30""), 31)",10.237211748030935
"(Date(""2025-04-30""), 6)",11.187248695262236
"(Date(""2025-04-30""), 80)",
"(Date(""2025-04-30""), 17)",10.237211748030935
"(Date(""2025-04-30""), 103)",12.21760540698162
"(Date(""2025-04-30""), 66)",11.187248695262236
"(Date(""2025-05-01""), 3)",13.848202815691488
"(Date(""2025-05-01""), 31)",15.103526786725723
"(Date(""2025-05-01""), 6)",13.848202815691488
"(Date(""2025-05-01""), 80)",
"(Date(""2025-05-01""), 17)",16.46498065723761
"(Date(""2025-05-01""), 103)",13.848202815691488
"(Date(""2025-05-01""), 66)",16.46498065723761
"(Date(""2025-05-02""), 3)",15.549546590392762
"(Date(""2025-05-02""), 31)",15.549546590392762
"(Date(""2025-05-02""), 6)",14.25945387841659
"(Date(""2025-05-02""), 80)",
"(Date(""2025-05-02""), 17)",14.25945387841659
"(Date(""2025-05-02""), 103)",13.069928224057586
"(Date(""2025-05-02""), 66)",15.549546590392762
"(Date(""2025-05-03""), 3)",17.69408227657557
"(Date(""2025-05-03""), 31)",17.69408227657557
"(Date(""2025-05-03""), 6)",19.274551636373893
"(Date(""2025-05-03""), 80)",
"(Date(""2025-05-03""), 17)",20.988639932919444
"(Date(""2025-05-03""), 103)",17.69408227657557
"(Date(""2025-05-03""), 66)",20.988639932919444
"(Date(""2025-05-04""), 3)",17.365163903891197
"(Date(""2025-05-04""), 31)",18.917825243899546
"(Date(""2025-05-04""), 6)",20.601754524089227
"(Date(""2025-05-04""), 80)",
"(Date(""2025-05-04""), 17)",18.917825243899546
"(Date(""2025-05-04""), 103)",17.365163903891197
"(Date(""2025-05-04""), 66)",18.917825243899546
"(Date(""2025-05-05""), 3)",12.877444713808334
"(Date(""2025-05-05""), 31)",12.877444713808334
"(Date(""2025-05-05""), 6)",12.877444713808334
"(Date(""2025-05-05""), 80)",
"(Date(""2025-05-05""), 17)",11.795651313103964
"(Date(""2025-05-05""), 103)",11.795651313103964
"(Date(""2025-05-05""), 66)",12.877444713808334
"(Date(""2025-05-06""), 3)",17.563210038862493
"(Date(""2025-05-06""), 31)",17.563210038862493
"(Date(""2025-05-06""), 6)",16.116145501401284
"(Date(""2025-05-06""), 80)",
"(Date(""2025-05-06""), 17)",14.781884502293304
"(Date(""2025-05-06""), 103)",19.132614958123227
"(Date(""2025-05-06""), 66)",17.563210038862493
"(Date(""2025-05-07""), 3)",16.27277048987228
"(Date(""2025-05-07""), 31)",14.926300047137783
"(Date(""2025-05-07""), 6)",14.926300047137783
"(Date(""2025-05-07""), 80)",
"(Date(""2025-05-07""), 103)",14.926300047137783
"(Date(""2025-05-07""), 66)",13.684791495387751
"(Date(""2025-05-07""), 17)",
"(Date(""2025-05-08""), 3)",12.203063592348151
"(Date(""2025-05-08""), 31)",13.319301188527035
"(Date(""2025-05-08""), 6)",13.319301188527035
"(Date(""2025-05-08""), 80)",
"(Date(""2025-05-08""), 103)",15.842867880178371
"(Date(""2025-05-08""), 66)",13.319301188527035
"(Date(""2025-05-08""), 17)",
"(Date(""2025-05-09""), 3)",12.75624518280096
"(Date(""2025-05-09""), 31)",13.919250870677539
"(Date(""2025-05-09""), 6)",13.919250870677539
"(Date(""2025-05-09""), 80)",
"(Date(""2025-05-09""), 66)",13.919250870677539
"(Date(""2025-05-09""), 103)",13.919250870677539
"(Date(""2025-05-09""), 17)",
"(Date(""2025-05-10""), 3)",17.00031564059662
"(Date(""2025-05-10""), 31)",17.00031564059662
"(Date(""2025-05-10""), 6)",18.5221313101633
"(Date(""2025-05-10""), 80)",
"(Date(""2025-05-10""), 103)",17.00031564059662
"(Date(""2025-05-10""), 66)",21.962620456647922
"(Date(""2025-05-10""), 17)",
"(Date(""2025-05-11""), 3)",13.289349102104435
"(Date(""2025-05-11""), 31)",13.289349102104435
"(Date(""2025-05-11""), 6)",13.289349102104435
"(Date(""2025-05-11""), 80)",
"(Date(""2025-05-11""), 103)",14.497425438413076
"(Date(""2025-05-11""), 66)",13.289349102104435
"(Date(""2025-05-11""), 17)",
"(Date(""2025-05-12""), 3)",20.20378561453324
"(Date(""2025-05-12""), 31)",21.99643491283518
"(Date(""2025-05-12""), 6)",20.20378561453324
"(Date(""2025-05-12""), 80)",
"(Date(""2025-05-12""), 103)",21.99643491283518
"(Date(""2025-05-12""), 66)",26.049219082167145
"(Date(""2025-05-12""), 17)",
"(Date(""2025-05-13""), 3)",13.782175598595975
"(Date(""2025-05-13""), 31)",19.451576585643124
"(Date(""2025-05-13""), 6)",13.782175598595975
"(Date(""2025-05-13""), 80)",
"(Date(""2025-05-13""), 103)",16.38731711211107
"(Date(""2025-05-13""), 66)",21.180631249839177
"(Date(""2025-05-13""), 17)",
"(Date(""2025-05-14""), 3)",18.55778917040498
"(Date(""2025-05-14""), 31)",15.627445854534333
"(Date(""2025-05-14""), 6)",18.55778917040498
"(Date(""2025-05-14""), 80)",
"(Date(""2025-05-14""), 103)",14.331280633417899
"(Date(""2025-05-14""), 66)",15.627445854534333
"(Date(""2025-05-14""), 17)",
"(Date(""2025-05-15""), 3)",19.480064949850075
"(Date(""2025-05-15""), 31)",15.054249301956023
"(Date(""2025-05-15""), 6)",15.054249301956023
"(Date(""2025-05-15""), 80)",
"(Date(""2025-05-15""), 103)",13.80276667627942
"(Date(""2025-05-15""), 66)",19.480064949850075
"(Date(""2025-05-15""), 17)",
"(Date(""2025-05-16""), 3)",21.238391871719443
"(Date(""2025-05-16""), 31)",19.50483457315091
"(Date(""2025-05-16""), 6)",19.50483457315091
"(Date(""2025-05-16""), 80)",
"(Date(""2025-05-16""), 103)",16.432595455991947
"(Date(""2025-05-16""), 66)",17.906413885392894
"(Date(""2025-05-16""), 17)",
"(Date(""2025-05-17""), 3)",19.269341969800728
"(Date(""2025-05-17""), 31)",20.982989821168395
"(Date(""2025-05-17""), 6)",17.68927872100014
"(Date(""2025-05-17""), 80)",
"(Date(""2025-05-17""), 103)",19.269341969800728
"(Date(""2025-05-17""), 66)",19.269341969800728
"(Date(""2025-05-17""), 17)",
"(Date(""2025-05-18""), 3)",14.150576287595229
"(Date(""2025-05-18""), 31)",15.431464070775434
"(Date(""2025-05-18""), 6)",15.431464070775434
"(Date(""2025-05-18""), 80)",
"(Date(""2025-05-18""), 103)",15.431464070775434
"(Date(""2025-05-18""), 66)",15.431464070775434
"(Date(""2025-05-18""), 17)",
"(Date(""2025-05-19""), 3)",12.674954574305504
"(Date(""2025-05-19""), 31)",12.674954574305504
"(Date(""2025-05-19""), 6)",12.674954574305504
"(Date(""2025-05-19""), 80)",
"(Date(""2025-05-19""), 103)",13.831087642597682
"(Date(""2025-05-19""), 66)",12.674954574305504
"(Date(""2025-05-19""), 17)",
"(Date(""2025-05-20""), 3)",13.113368925357793
"(Date(""2025-05-20""), 31)",13.113368925357793
"(Date(""2025-05-20""), 6)",13.113368925357793
"(Date(""2025-05-20""), 80)",
"(Date(""2025-05-20""), 103)",14.306567223089036
"(Date(""2025-05-20""), 66)",14.306567223089036
"(Date(""2025-05-20""), 17)",
"(Date(""2025-05-21""), 3)",11.947681982747245
"(Date(""2025-05-21""), 31)",13.042328638913206
"(Date(""2025-05-21""), 6)",11.947681982747245
"(Date(""2025-05-21""), 80)",
"(Date(""2025-05-21""), 103)",13.042328638913206
"(Date(""2025-05-21""), 66)",14.229520918570072
"(Date(""2025-05-21""), 17)",
"(Date(""2025-05-22""), 3)",11.910052905156084
"(Date(""2025-05-22""), 31)",15.469080368110607
"(Date(""2025-05-22""), 6)",13.001518254890925
"(Date(""2025-05-22""), 80)",
"(Date(""2025-05-22""), 103)",13.001518254890925
"(Date(""2025-05-22""), 66)",14.18526026827879
"(Date(""2025-05-22""), 17)",
"(Date(""2025-05-23""), 3)",13.054515329700797
"(Date(""2025-05-23""), 31)",15.531417399597437
"(Date(""2025-05-23""), 6)",14.242737918901732
"(Date(""2025-05-23""), 80)",
"(Date(""2025-05-23""), 103)",16.929046782390902
"(Date(""2025-05-23""), 66)",15.531417399597437
"(Date(""2025-05-23""), 17)",
"(Date(""2025-05-24""), 3)",16.805142065698444
"(Date(""2025-05-24""), 31)",18.310457013250254
"(Date(""2025-05-24""), 6)",16.805142065698444
"(Date(""2025-05-24""), 80)",
"(Date(""2025-05-24""), 103)",18.310457013250254
"(Date(""2025-05-24""), 66)",16.805142065698444
"(Date(""2025-05-24""), 17)",
"(Date(""2025-05-25""), 3)",13.719956605205262
"(Date(""2025-05-25""), 31)",13.719956605205262
"(Date(""2025-05-25""), 6)",13.719956605205262
"(Date(""2025-05-25""), 80)",
"(Date(""2025-05-25""), 103)",17.777936088039226
"(Date(""2025-05-25""), 66)",17.777936088039226
"(Date(""2025-05-25""), 17)",
"(Date(""2025-05-26""), 3)",18.540988459003923
"(Date(""2025-05-26""), 31)",17.01770281138346
"(Date(""2025-05-26""), 6)",18.540988459003923
"(Date(""2025-05-26""), 80)",
"(Date(""2025-05-26""), 103)",20.193058513190373
"(Date(""2025-05-26""), 66)",21.98480090123372
"(Date(""2025-05-26""), 17)",
"(Date(""2025-05-27""), 3)",15.397088525127653
"(Date(""2025-05-27""), 31)",14.118880431126133
"(Date(""2025-05-27""), 6)",16.783361230064735
"(Date(""2025-05-27""), 80)",
"(Date(""2025-05-27""), 103)",18.286834742298105
"(Date(""2025-05-27""), 66)",19.917417667242827
"(Date(""2025-05-27""), 17)",
"(Date(""2025-05-28""), 3)",25.038138941600433
"(Date(""2025-05-28""), 31)",19.41120352650457
"(Date(""2025-05-28""), 6)",19.41120352650457
"(Date(""2025-05-28""), 80)",
"(Date(""2025-05-28""), 17)",19.41120352650457
"(Date(""2025-05-28""), 103)",19.41120352650457
"(Date(""2025-05-28""), 66)",17.820081693143162
"(Date(""2025-05-29""), 3)",18.26332714290357
"(Date(""2025-05-29""), 31)",15.3771030690673
"(Date(""2025-05-29""), 6)",23.573817412241635
"(Date(""2025-05-29""), 80)",
"(Date(""2025-05-29""), 17)",19.891922645303772
"(Date(""2025-05-29""), 103)",16.76168612695578
"(Date(""2025-05-29""), 66)",16.76168612695578
"(Date(""2025-05-30""), 3)",11.829295445583087
"(Date(""2025-05-30""), 31)",12.913933250186698
"(Date(""2025-05-30""), 6)",12.913933250186698
"(Date(""2025-05-30""), 80)",
"(Date(""2025-05-30""), 17)",11.829295445583087
"(Date(""2025-05-30""), 66)",14.090270491611712
"(Date(""2025-05-30""), 103)",11.829295445583087
"(Date(""2025-05-31""), 3)",15.659884492878358
"(Date(""2025-05-31""), 31)",15.659884492878358
"(Date(""2025-05-31""), 6)",14.361190571009582
"(Date(""2025-05-31""), 80)",
"(Date(""2025-05-31""), 17)",14.361190571009582
"(Date(""2025-05-31""), 66)",18.595944642704087
"(Date(""2025-05-31""), 103)",17.06837497608151
"(Date(""2025-06-01""), 31)",9.495606583820202
"(Date(""2025-06-01""), 3)",10.382945388304375
"(Date(""2025-06-01""), 6)",9.495606583820202
"(Date(""2025-06-01""), 80)",
"(Date(""2025-06-01""), 17)",9.495606583820202
"(Date(""2025-06-01""), 66)",10.382945388304375
"(Date(""2025-06-01""), 103)",10.382945388304375
"(Date(""2025-06-02""), 6)",13.621710968193081
"(Date(""2025-06-02""), 3)",13.621710968193081
"(Date(""2025-06-02""), 31)",12.481899514528338
"(Date(""2025-06-02""), 80)",
"(Date(""2025-06-02""), 17)",14.8578864504211
"(Date(""2025-06-02""), 66)",14.8578864504211
"(Date(""2025-06-02""), 103)",11.430940189915487
"(Date(""2025-06-03""), 6)",15.19414350342938
"(Date(""2025-06-03""), 3)",18.04812363884407
"(Date(""2025-06-03""), 31)",16.563258458455437
"(Date(""2025-06-03""), 80)",
"(Date(""2025-06-03""), 17)",16.563258458455437
"(Date(""2025-06-03""), 66)",15.19414350342938
"(Date(""2025-06-03""), 103)",13.93175565513639
"(Date(""2025-06-04""), 6)",15.898372964543572
"(Date(""2025-06-04""), 3)",17.327026177136457
"(Date(""2025-06-04""), 31)",17.327026177136457
"(Date(""2025-06-04""), 80)",
"(Date(""2025-06-04""), 17)",20.556895582683964
"(Date(""2025-06-04""), 66)",22.379398150969696
"(Date(""2025-06-04""), 103)",17.327026177136457
"(Date(""2025-06-05""), 3)",15.963238029421245
"(Date(""2025-06-05""), 31)",17.39737518319101
"(Date(""2025-06-05""), 6)",18.952759788199486
"(Date(""2025-06-05""), 80)",
"(Date(""2025-06-05""), 17)",17.39737518319101
"(Date(""2025-06-05""), 66)",17.39737518319101
"(Date(""2025-06-05""), 103)",17.39737518319101
"(Date(""2025-06-06""), 3)",24.253516526122684
"(Date(""2025-06-06""), 31)",26.38854559608186
"(Date(""2025-06-06""), 6)",26.38854559608186
"(Date(""2025-06-06""), 80)",
"(Date(""2025-06-06""), 17)",28.704078206007644
"(Date(""2025-06-06""), 66)",40.09646961532502
"(Date(""2025-06-06""), 103)",28.704078206007644
"(Date(""2025-06-07""), 6)",26.270862660910545
"(Date(""2025-06-07""), 3)",24.145007370798414
"(Date(""2025-06-07""), 31)",26.270862660910545
"(Date(""2025-06-07""), 80)",
"(Date(""2025-06-07""), 17)",26.270862660910545
"(Date(""2025-06-07""), 66)",20.37753121924873
"(Date(""2025-06-07""), 103)",20.37753121924873
"(Date(""2025-06-08""), 6)",16.861056158004224
"(Date(""2025-06-08""), 3)",16.861056158004224
"(Date(""2025-06-08""), 31)",20.008805186020165
"(Date(""2025-06-08""), 80)",
"(Date(""2025-06-08""), 17)",15.468726872619765
"(Date(""2025-06-08""), 66)",20.008805186020165
"(Date(""2025-06-08""), 103)",16.861056158004224
"(Date(""2025-06-09""), 6)",13.687417738124918
"(Date(""2025-06-09""), 3)",13.687417738124918
"(Date(""2025-06-09""), 31)",13.687417738124918
"(Date(""2025-06-09""), 80)",
"(Date(""2025-06-09""), 17)",14.929148322500895
"(Date(""2025-06-09""), 66)",14.929148322500895
"(Date(""2025-06-09""), 103)",13.687417738124918
"(Date(""2025-06-10""), 3)",11.964299708455526
"(Date(""2025-06-10""), 31)",13.060351290839469
"(Date(""2025-06-10""), 6)",13.060351290839469
"(Date(""2025-06-10""), 80)",
"(Date(""2025-06-10""), 17)",11.964299708455526
"(Date(""2025-06-10""), 66)",11.964299708455526
"(Date(""2025-06-10""), 103)",10.953689026259408
"(Date(""2025-06-11""), 3)",10.192525576046812
"(Date(""2025-06-11""), 31)",10.192525576046812
"(Date(""2025-06-11""), 6)",11.138784583041053
"(Date(""2025-06-11""), 80)",
"(Date(""2025-06-11""), 17)",10.192525576046812
"(Date(""2025-06-11""), 66)",13.278067223135045
"(Date(""2025-06-11""), 103)",10.192525576046812
"(Date(""2025-06-12""), 6)",12.961590491780287
"(Date(""2025-06-12""), 31)",12.961590491780287
"(Date(""2025-06-12""), 3)",11.873237645213624
"(Date(""2025-06-12""), 80)",
"(Date(""2025-06-12""), 17)",12.961590491780287
"(Date(""2025-06-12""), 66)",11.873237645213624
"(Date(""2025-06-12""), 103)",14.14195685905362
"(Date(""2025-06-13""), 3)",13.139779266109155
"(Date(""2025-06-13""), 6)",13.139779266109155
"(Date(""2025-06-13""), 31)",14.335210395263829
"(Date(""2025-06-13""), 80)",
"(Date(""2025-06-13""), 17)",14.335210395263829
"(Date(""2025-06-13""), 66)",14.335210395263829
"(Date(""2025-06-13""), 103)",15.631707853507333
"(Date(""2025-06-14""), 3)",13.896538893616588
"(Date(""2025-06-14""), 31)",18.00319836394124
"(Date(""2025-06-14""), 6)",15.155949381924213
"(Date(""2025-06-14""), 80)",
"(Date(""2025-06-14""), 17)",16.521835259541163
"(Date(""2025-06-14""), 66)",18.00319836394124
"(Date(""2025-06-14""), 103)",15.155949381924213
"(Date(""2025-06-15""), 3)",18.94969866386223
"(Date(""2025-06-15""), 31)",18.94969866386223
"(Date(""2025-06-15""), 6)",17.394552683771757
"(Date(""2025-06-15""), 80)",
"(Date(""2025-06-15""), 17)",18.94969866386223
"(Date(""2025-06-15""), 66)",18.94969866386223
"(Date(""2025-06-15""), 103)",18.94969866386223
"(Date(""2025-06-16""), 3)",24.775841437334652
"(Date(""2025-06-16""), 6)",24.775841437334652
"(Date(""2025-06-16""), 31)",20.91384742519287
"(Date(""2025-06-16""), 80)",
"(Date(""2025-06-16""), 17)",24.775841437334652
"(Date(""2025-06-16""), 66)",24.775841437334652
"(Date(""2025-06-16""), 103)",19.205589455695954
"(Date(""2025-06-17""), 3)",16.830577728480957
"(Date(""2025-06-17""), 6)",16.830577728480957
"(Date(""2025-06-17""), 31)",16.830577728480957
"(Date(""2025-06-17""), 80)",
"(Date(""2025-06-17""), 17)",15.440624338991025
"(Date(""2025-06-17""), 66)",14.159022482153265
"(Date(""2025-06-17""), 103)",14.159022482153265
"(Date(""2025-06-18""), 3)",23.848320359574863
"(Date(""2025-06-18""), 31)",16.960093851309924
"(Date(""2025-06-18""), 6)",
"(Date(""2025-06-18""), 80)",
"(Date(""2025-06-18""), 17)",20.125296819343852
"(Date(""2025-06-18""), 66)",18.478509016662308
"(Date(""2025-06-18""), 103)",15.56004424527216
"(Date(""2025-06-19""), 3)",20.56139794445573
"(Date(""2025-06-19""), 31)",18.880614595121685
"(Date(""2025-06-19""), 6)",
"(Date(""2025-06-19""), 80)",
"(Date(""2025-06-19""), 17)",22.384281159660727
"(Date(""2025-06-19""), 66)",17.33085395009818
"(Date(""2025-06-19""), 103)",17.33085395009818
"(Date(""2025-06-20""), 31)",12.206060405045086
"(Date(""2025-06-20""), 3)",13.322551363254503
"(Date(""2025-06-20""), 6)",
"(Date(""2025-06-20""), 80)",
"(Date(""2025-06-20""), 17)",12.206060405045086
"(Date(""2025-06-20""), 66)",15.846690850503627
"(Date(""2025-06-20""), 103)",17.270974659106454
"(Date(""2025-06-21""), 3)",16.772761338624555
"(Date(""2025-06-21""), 31)",14.109868721292777
"(Date(""2025-06-21""), 6)",
"(Date(""2025-06-21""), 80)",
"(Date(""2025-06-21""), 17)",12.93200373207473
"(Date(""2025-06-21""), 66)",14.109868721292777
"(Date(""2025-06-21""), 103)",21.6723342653504
"(Date(""2025-06-22""), 3)",16.453829979594353
"(Date(""2025-06-22""), 31)",15.093245341836521
"(Date(""2025-06-22""), 6)",
"(Date(""2025-06-22""), 80)",
"(Date(""2025-06-22""), 17)",13.838722843945233
"(Date(""2025-06-22""), 66)",16.453829979594353
"(Date(""2025-06-22""), 103)",15.093245341836521
"(Date(""2025-06-23""), 3)",16.570099164227813
"(Date(""2025-06-23""), 31)",16.570099164227813
"(Date(""2025-06-23""), 6)",
"(Date(""2025-06-23""), 80)",
"(Date(""2025-06-23""), 17)",13.937571418045273
"(Date(""2025-06-23""), 66)",15.2004509532232
"(Date(""2025-06-23""), 103)",15.2004509532232
"(Date(""2025-06-24""), 31)",12.954264875164581
"(Date(""2025-06-24""), 3)",11.86648308500451
"(Date(""2025-06-24""), 6)",
"(Date(""2025-06-24""), 80)",
"(Date(""2025-06-24""), 17)",11.86648308500451
"(Date(""2025-06-24""), 66)",12.954264875164581
"(Date(""2025-06-24""), 103)",10.863497536967508
"(Date(""2025-06-25""), 31)",16.081321798468682
"(Date(""2025-06-25""), 3)",14.749775423904158
"(Date(""2025-06-25""), 6)",
"(Date(""2025-06-25""), 80)",
"(Date(""2025-06-25""), 17)",14.749775423904158
"(Date(""2025-06-25""), 66)",14.749775423904158
"(Date(""2025-06-25""), 103)",17.525442206623865
"(Date(""2025-06-26""), 31)",12.44233507634317
"(Date(""2025-06-26""), 3)",12.44233507634317
"(Date(""2025-06-26""), 6)",
"(Date(""2025-06-26""), 80)",
"(Date(""2025-06-26""), 17)",14.8113493606335
"(Date(""2025-06-26""), 103)",12.44233507634317
"(Date(""2025-06-26""), 66)",
"(Date(""2025-06-27""), 3)",14.471943934536597
"(Date(""2025-06-27""), 31)",15.78000137021468
"(Date(""2025-06-27""), 6)",
"(Date(""2025-06-27""), 80)",
"(Date(""2025-06-27""), 17)",17.19864699456977
"(Date(""2025-06-27""), 103)",20.405891453217905
"(Date(""2025-06-27""), 66)",
"(Date(""2025-06-28""), 3)",15.749320345610556
"(Date(""2025-06-28""), 31)",20.36675232158976
"(Date(""2025-06-28""), 6)",
"(Date(""2025-06-28""), 80)",
"(Date(""2025-06-28""), 17)",18.701142251964963
"(Date(""2025-06-28""), 103)",17.165372078562125
"(Date(""2025-06-28""), 66)",
"(Date(""2025-06-29""), 3)",11.342008042192838
"(Date(""2025-06-29""), 31)",10.379907084355876
"(Date(""2025-06-29""), 6)",
"(Date(""2025-06-29""), 80)",
"(Date(""2025-06-29""), 17)",10.379907084355876
"(Date(""2025-06-29""), 103)",10.379907084355876
"(Date(""2025-06-29""), 66)",
"(Date(""2025-06-30""), 3)",16.771266360824534
"(Date(""2025-06-30""), 31)",14.108597735998535
"(Date(""2025-06-30""), 6)",
"(Date(""2025-06-30""), 80)",
"(Date(""2025-06-30""), 17)",12.93083182435075
"(Date(""2025-06-30""), 103)",11.844876719164144
"(Date(""2025-06-30""), 66)",
"(Date(""2025-07-01""), 3)",18.090960664952025
"(Date(""2025-07-01""), 31)",15.230562258431451
"(Date(""2025-07-01""), 6)",
"(Date(""2025-07-01""), 80)",
"(Date(""2025-07-01""), 103)",13.965335445931752
"(Date(""2025-07-01""), 17)",15.230562258431451
"(Date(""2025-07-01""), 66)",
"(Date(""2025-07-02""), 31)",13.025274026868514
"(Date(""2025-07-02""), 3)",13.025274026868514
"(Date(""2025-07-02""), 6)",
"(Date(""2025-07-02""), 80)",
"(Date(""2025-07-02""), 17)",13.025274026868514
"(Date(""2025-07-02""), 103)",14.211024444262172
"(Date(""2025-07-02""), 66)",
"(Date(""2025-07-03""), 31)",17.038967693773895
"(Date(""2025-07-03""), 3)",15.63276960694407
"(Date(""2025-07-03""), 6)",
"(Date(""2025-07-03""), 80)",
"(Date(""2025-07-03""), 17)",14.336189381455968
"(Date(""2025-07-03""), 103)",17.038967693773895
"(Date(""2025-07-03""), 66)",
"(Date(""2025-07-04""), 31)",12.353141336983706
"(Date(""2025-07-04""), 3)",10.352440331273044
"(Date(""2025-07-04""), 6)",
"(Date(""2025-07-04""), 80)",
"(Date(""2025-07-04""), 17)",10.352440331273044
"(Date(""2025-07-04""), 103)",12.353141336983706
"(Date(""2025-07-04""), 66)",
"(Date(""2025-07-05""), 31)",13.065255759263152
"(Date(""2025-07-05""), 3)",13.065255759263152
"(Date(""2025-07-05""), 6)",
"(Date(""2025-07-05""), 80)",
"(Date(""2025-07-05""), 17)",13.065255759263152
"(Date(""2025-07-05""), 103)",13.065255759263152
"(Date(""2025-07-05""), 66)",
"(Date(""2025-07-06""), 3)",17.38394614747147
"(Date(""2025-07-06""), 31)",14.629479717590552
"(Date(""2025-07-06""), 6)",
"(Date(""2025-07-06""), 80)",
"(Date(""2025-07-06""), 17)",13.411109306926363
"(Date(""2025-07-06""), 103)",14.629479717590552
"(Date(""2025-07-06""), 66)",
"(Date(""2025-07-07""), 31)",14.558030173666655
"(Date(""2025-07-07""), 6)",14.558030173666655
"(Date(""2025-07-07""), 3)",12.226970700108888
"(Date(""2025-07-07""), 80)",
"(Date(""2025-07-07""), 17)",13.34522949480066
"(Date(""2025-07-07""), 103)",15.873365669922006
"(Date(""2025-07-07""), 66)",
"(Date(""2025-07-08""), 31)",14.372107406299376
"(Date(""2025-07-08""), 3)",13.173800031274721
"(Date(""2025-07-08""), 6)",14.372107406299376
"(Date(""2025-07-08""), 80)",
"(Date(""2025-07-08""), 17)",14.372107406299376
"(Date(""2025-07-08""), 103)",15.671724279261777
"(Date(""2025-07-08""), 66)",
"(Date(""2025-07-09""), 31)",18.019524411401278
"(Date(""2025-07-09""), 3)",18.019524411401278
"(Date(""2025-07-09""), 6)",19.627507896518484
"(Date(""2025-07-09""), 80)",
"(Date(""2025-07-09""), 17)",18.019524411401278
"(Date(""2025-07-09""), 103)",16.53688863679669
"(Date(""2025-07-09""), 66)",
"(Date(""2025-07-10""), 31)",19.602011213486733
"(Date(""2025-07-10""), 3)",21.343784197653882
"(Date(""2025-07-10""), 6)",21.343784197653882
"(Date(""2025-07-10""), 80)",
"(Date(""2025-07-10""), 17)",21.343784197653882
"(Date(""2025-07-10""), 103)",21.343784197653882
"(Date(""2025-07-10""), 66)",
"(Date(""2025-07-11""), 31)",19.931508589053
"(Date(""2025-07-11""), 3)",16.795340909229783
"(Date(""2025-07-11""), 6)",19.931508589053
"(Date(""2025-07-11""), 80)",
"(Date(""2025-07-11""), 17)",19.931508589053
"(Date(""2025-07-11""), 103)",19.931508589053
"(Date(""2025-07-11""), 66)",
"(Date(""2025-07-12""), 31)",29.41939739645135
"(Date(""2025-07-12""), 3)",19.272861888052777
"(Date(""2025-07-12""), 6)",19.272861888052777
"(Date(""2025-07-12""), 80)",
"(Date(""2025-07-12""), 17)",19.272861888052777
"(Date(""2025-07-12""), 103)",20.986807326799386
"(Date(""2025-07-12""), 66)",20.986807326799386
"(Date(""2025-07-13""), 31)",17.72796269052795
"(Date(""2025-07-13""), 6)",16.268055130810424
"(Date(""2025-07-13""), 3)",17.72796269052795
"(Date(""2025-07-13""), 80)",
"(Date(""2025-07-13""), 17)",16.268055130810424
"(Date(""2025-07-13""), 103)",14.921952266143812
"(Date(""2025-07-13""), 66)",14.921952266143812
"(Date(""2025-07-14""), 31)",16.939603559392125
"(Date(""2025-07-14""), 6)",18.456286396937756
"(Date(""2025-07-14""), 3)",16.939603559392125
"(Date(""2025-07-14""), 80)",
"(Date(""2025-07-14""), 17)",16.939603559392125
"(Date(""2025-07-14""), 103)",15.541151240393319
"(Date(""2025-07-14""), 66)",20.10119541418072
"(Date(""2025-07-15""), 6)",22.75027993041214
"(Date(""2025-07-15""), 31)",19.191775774459078
"(Date(""2025-07-15""), 3)",17.61775907096772
"(Date(""2025-07-15""), 80)",
"(Date(""2025-07-15""), 66)",26.935918221043597
"(Date(""2025-07-15""), 17)",19.191775774459078
"(Date(""2025-07-15""), 103)",17.61775907096772
"(Date(""2025-07-16""), 3)",20.05134114774052
"(Date(""2025-07-16""), 6)",21.831102206584
"(Date(""2025-07-16""), 31)",16.897218957092274
"(Date(""2025-07-16""), 80)",
"(Date(""2025-07-16""), 66)",18.410318437922605
"(Date(""2025-07-16""), 17)",18.410318437922605
"(Date(""2025-07-16""), 103)",15.50207066012382
"(Date(""2025-07-17""), 6)",17.356750063294374
"(Date(""2025-07-17""), 31)",15.925779773995217
"(Date(""2025-07-17""), 3)",14.606358422378191
"(Date(""2025-07-17""), 80)",
"(Date(""2025-07-17""), 17)",15.925779773995217
"(Date(""2025-07-17""), 103)",14.606358422378191
"(Date(""2025-07-17""), 66)",14.606358422378191
"(Date(""2025-07-18""), 31)",11.068184348540978
"(Date(""2025-07-18""), 6)",10.127428866824296
"(Date(""2025-07-18""), 3)",10.127428866824296
"(Date(""2025-07-18""), 80)",
"(Date(""2025-07-18""), 17)",10.127428866824296
"(Date(""2025-07-18""), 103)",12.088474904080385
"(Date(""2025-07-18""), 66)",11.068184348540978
"(Date(""2025-07-19""), 3)",10.731890477559809
"(Date(""2025-07-19""), 31)",11.723749460417004
"(Date(""2025-07-19""), 6)",10.731890477559809
"(Date(""2025-07-19""), 80)",
"(Date(""2025-07-19""), 17)",11.723749460417004
"(Date(""2025-07-19""), 103)",10.731890477559809
"(Date(""2025-07-19""), 66)",12.799464002934958
"(Date(""2025-07-20""), 31)",13.451559621694619
"(Date(""2025-07-20""), 3)",12.32501203667133
"(Date(""2025-07-20""), 6)",12.32501203667133
"(Date(""2025-07-20""), 80)",
"(Date(""2025-07-20""), 17)",13.451559621694619
"(Date(""2025-07-20""), 103)",13.451559621694619
"(Date(""2025-07-20""), 66)",13.451559621694619
"(Date(""2025-07-21""), 6)",11.101917395532737
"(Date(""2025-07-21""), 31)",10.158532309564414
"(Date(""2025-07-21""), 3)",12.125059872145044
"(Date(""2025-07-21""), 80)",
"(Date(""2025-07-21""), 66)",12.125059872145044
"(Date(""2025-07-21""), 17)",11.101917395532737
"(Date(""2025-07-21""), 103)",11.101917395532737
"(Date(""2025-07-22""), 6)",13.863995596311318
"(Date(""2025-07-22""), 31)",15.120654749544197
"(Date(""2025-07-22""), 3)",12.70529724255829
"(Date(""2025-07-22""), 80)",
"(Date(""2025-07-22""), 66)",16.48355668367482
"(Date(""2025-07-22""), 17)",12.70529724255829
"(Date(""2025-07-22""), 103)",15.120654749544197
"(Date(""2025-07-23""), 31)",15.095645159381569
"(Date(""2025-07-23""), 3)",15.095645159381569
"(Date(""2025-07-23""), 6)",16.45643268691184
"(Date(""2025-07-23""), 80)",
"(Date(""2025-07-23""), 17)",16.45643268691184
"(Date(""2025-07-23""), 103)",15.095645159381569
"(Date(""2025-07-23""), 66)",15.095645159381569
"(Date(""2025-07-24""), 3)",14.962951021826479
"(Date(""2025-07-24""), 6)",14.962951021826479
"(Date(""2025-07-24""), 31)",17.776186875222663
"(Date(""2025-07-24""), 80)",
"(Date(""2025-07-24""), 103)",12.571222262465318
"(Date(""2025-07-24""), 66)",17.776186875222663
"(Date(""2025-07-24""), 17)",14.962951021826479
"(Date(""2025-07-25""), 6)",12.512610446947717
"(Date(""2025-07-25""), 31)",16.237750229890512
"(Date(""2025-07-25""), 3)",17.695095697142246
"(Date(""2025-07-25""), 80)",
"(Date(""2025-07-25""), 66)",19.27565073539915
"(Date(""2025-07-25""), 17)",16.237750229890512
"(Date(""2025-07-25""), 103)",16.237750229890512
"(Date(""2025-07-26""), 31)",25.099868918072296
"(Date(""2025-07-26""), 3)",21.18932587239381
"(Date(""2025-07-26""), 6)",
"(Date(""2025-07-26""), 80)",
"(Date(""2025-07-26""), 17)",21.18932587239381
"(Date(""2025-07-26""), 103)",25.099868918072296
"(Date(""2025-07-26""), 66)",29.69958778639847
"(Date(""2025-07-27""), 31)",19.0711736434704
"(Date(""2025-07-27""), 3)",16.063909938182956
"(Date(""2025-07-27""), 6)",
"(Date(""2025-07-27""), 80)",
"(Date(""2025-07-27""), 17)",17.506558280939498
"(Date(""2025-07-27""), 103)",16.063909938182956
"(Date(""2025-07-27""), 66)",22.608423443732626
"(Date(""2025-07-28""), 31)",16.900436890020938
"(Date(""2025-07-28""), 6)",
"(Date(""2025-07-28""), 80)",
"(Date(""2025-07-28""), 3)",
"(Date(""2025-07-28""), 17)",16.900436890020938
"(Date(""2025-07-28""), 103)",20.055126194123105
"(Date(""2025-07-28""), 66)",20.055126194123105
"(Date(""2025-07-29""), 3)",16.84883932444451
"(Date(""2025-07-29""), 31)",15.457462382246778
"(Date(""2025-07-29""), 6)",
"(Date(""2025-07-29""), 80)",
"(Date(""2025-07-29""), 66)",18.35784860571827
"(Date(""2025-07-29""), 17)",15.457462382246778
"(Date(""2025-07-29""), 103)",18.35784860571827
"(Date(""2025-07-30""), 3)",17.135519293995703
"(Date(""2025-07-30""), 31)",15.721794685814043
"(Date(""2025-07-30""), 6)",
"(Date(""2025-07-30""), 80)",
"(Date(""2025-07-30""), 66)",17.135519293995703
"(Date(""2025-07-30""), 17)",15.721794685814043
"(Date(""2025-07-30""), 103)",17.135519293995703
"(Date(""2025-07-31""), 3)",19.79638324905398
"(Date(""2025-07-31""), 31)",15.302210079747756
"(Date(""2025-07-31""), 6)",
"(Date(""2025-07-31""), 80)",
"(Date(""2025-07-31""), 66)",15.302210079747756
"(Date(""2025-07-31""), 17)",16.680461397295527
"(Date(""2025-07-31""), 103)",16.680461397295527
"(Date(""2025-08-01""), 3)",12.453320317204545
"(Date(""2025-08-01""), 31)",11.404588836960732
"(Date(""2025-08-01""), 6)",
"(Date(""2025-08-01""), 80)",
"(Date(""2025-08-01""), 66)",14.824270588982841
"(Date(""2025-08-01""), 17)",12.453320317204545
"(Date(""2025-08-01""), 103)",10.437609496093833
"(Date(""2025-08-02""), 31)",13.060951499971127
"(Date(""2025-08-02""), 3)",13.060951499971127
"(Date(""2025-08-02""), 6)",
"(Date(""2025-08-02""), 80)",
"(Date(""2025-08-02""), 17)",13.060951499971127
"(Date(""2025-08-02""), 103)",13.060951499971127
"(Date(""2025-08-02""), 66)",14.249718227673014
"(Date(""2025-08-03""), 3)",12.546386044940874
"(Date(""2025-08-03""), 31)",13.691649437028099
"(Date(""2025-08-03""), 6)",
"(Date(""2025-08-03""), 80)",
"(Date(""2025-08-03""), 17)",13.691649437028099
"(Date(""2025-08-03""), 103)",12.546386044940874
"(Date(""2025-08-03""), 66)",
"(Date(""2025-08-04""), 31)",21.985234158143328
"(Date(""2025-08-04""), 3)",20.193457996269473
"(Date(""2025-08-04""), 6)",
"(Date(""2025-08-04""), 80)",
"(Date(""2025-08-04""), 17)",20.193457996269473
"(Date(""2025-08-04""), 103)",26.036044358837454
"(Date(""2025-08-04""), 66)",
"(Date(""2025-08-05""), 31)",15.459875738046705
"(Date(""2025-08-05""), 3)",14.176773170027438
"(Date(""2025-08-05""), 6)",
"(Date(""2025-08-05""), 80)",
"(Date(""2025-08-05""), 17)",16.85145671459283
"(Date(""2025-08-05""), 103)",16.85145671459283
"(Date(""2025-08-05""), 66)",
"(Date(""2025-08-06""), 31)",18.8704358545191
"(Date(""2025-08-06""), 3)",
"(Date(""2025-08-06""), 6)",
"(Date(""2025-08-06""), 80)",
"(Date(""2025-08-06""), 17)",15.893248689732783
"(Date(""2025-08-06""), 103)",17.321468676494636
"(Date(""2025-08-06""), 66)",15.893248689732783
"(Date(""2025-08-07""), 31)",21.025736344669475
"(Date(""2025-08-07""), 3)",
"(Date(""2025-08-07""), 6)",
"(Date(""2025-08-07""), 80)",
"(Date(""2025-08-07""), 66)",37.87408670634899
"(Date(""2025-08-07""), 17)",21.025736344669475
"(Date(""2025-08-07""), 103)",19.308756258298878
"(Date(""2025-08-08""), 31)",27.610615189478654
"(Date(""2025-08-08""), 3)",
"(Date(""2025-08-08""), 6)",
"(Date(""2025-08-08""), 80)",
"(Date(""2025-08-08""), 66)",23.323887060191847
"(Date(""2025-08-08""), 17)",25.38032169234272
"(Date(""2025-08-08""), 103)",21.42775841087274
"(Date(""2025-08-09""), 31)",19.50732577112641
"(Date(""2025-08-09""), 6)",
"(Date(""2025-08-09""), 3)",
"(Date(""2025-08-09""), 80)",
"(Date(""2025-08-09""), 66)",23.121440983139834
"(Date(""2025-08-09""), 17)",19.50732577112641
"(Date(""2025-08-09""), 103)",16.43471339780477
"(Date(""2025-08-10""), 31)",15.009507064086613
"(Date(""2025-08-10""), 6)",
"(Date(""2025-08-10""), 3)",
"(Date(""2025-08-10""), 80)",
"(Date(""2025-08-10""), 66)",17.83094773669821
"(Date(""2025-08-10""), 17)",16.3630121469207
"(Date(""2025-08-10""), 103)",15.009507064086613
"(Date(""2025-08-11""), 31)",18.665796796272918
"(Date(""2025-08-11""), 3)",
"(Date(""2025-08-11""), 6)",
"(Date(""2025-08-11""), 80)",
"(Date(""2025-08-11""), 17)",17.132781919792613
"(Date(""2025-08-11""), 103)",17.132781919792613
"(Date(""2025-08-11""), 66)",18.665796796272918
"(Date(""2025-08-12""), 3)",19.74207523234201
"(Date(""2025-08-12""), 31)",25.460224951239805
"(Date(""2025-08-12""), 6)",
"(Date(""2025-08-12""), 80)",
"(Date(""2025-08-12""), 66)",25.460224951239805
"(Date(""2025-08-12""), 17)",19.74207523234201
"(Date(""2025-08-12""), 103)",21.495689765451537
"(Date(""2025-08-13""), 3)",19.140722469036085
"(Date(""2025-08-13""), 6)",17.57068554208354
"(Date(""2025-08-13""), 31)",19.140722469036085
"(Date(""2025-08-13""), 80)",
"(Date(""2025-08-13""), 66)",22.69022922914085
"(Date(""2025-08-13""), 17)",19.140722469036085
"(Date(""2025-08-13""), 103)",17.57068554208354
"(Date(""2025-08-14""), 6)",16.912157123099423
"(Date(""2025-08-14""), 31)",15.515844345944707
"(Date(""2025-08-14""), 3)",15.515844345944707
"(Date(""2025-08-14""), 80)",
"(Date(""2025-08-14""), 66)",20.068911946281453
"(Date(""2025-08-14""), 17)",16.912157123099423
"(Date(""2025-08-14""), 103)",21.850158507772793
"(Date(""2025-08-15""), 31)",15.079852458799941
"(Date(""2025-08-15""), 6)",19.51272635339641
"(Date(""2025-08-15""), 3)",
"(Date(""2025-08-15""), 80)",
"(Date(""2025-08-15""), 17)",16.439304810898303
"(Date(""2025-08-15""), 103)",15.079852458799941
"(Date(""2025-08-15""), 66)",19.51272635339641
"(Date(""2025-08-16""), 6)",16.714218515918315
"(Date(""2025-08-16""), 3)",16.714218515918315
"(Date(""2025-08-16""), 31)",16.714218515918315
"(Date(""2025-08-16""), 80)",
"(Date(""2025-08-16""), 66)",16.714218515918315
"(Date(""2025-08-16""), 17)",16.714218515918315
"(Date(""2025-08-16""), 103)",16.714218515918315
"(Date(""2025-08-17""), 6)",13.300228936877094
"(Date(""2025-08-17""), 3)",18.78478914311843
"(Date(""2025-08-17""), 31)",13.300228936877094
"(Date(""2025-08-17""), 80)",
"(Date(""2025-08-17""), 66)",14.509225096113838
"(Date(""2025-08-17""), 17)",13.300228936877094
"(Date(""2025-08-17""), 103)",13.300228936877094
"(Date(""2025-08-18""), 6)",13.929624397665094
"(Date(""2025-08-18""), 3)",12.76581005853689
"(Date(""2025-08-18""), 31)",12.76581005853689
"(Date(""2025-08-18""), 80)",
"(Date(""2025-08-18""), 66)",13.929624397665094
"(Date(""2025-08-18""), 17)",13.929624397665094
"(Date(""2025-08-18""), 103)",15.191832061283524
"(Date(""2025-08-19""), 31)",16.046273592521207
"(Date(""2025-08-19""), 3)",13.492230625439124
"(Date(""2025-08-19""), 6)",14.717459343263783
"(Date(""2025-08-19""), 80)",
"(Date(""2025-08-19""), 17)",16.046273592521207
"(Date(""2025-08-19""), 103)",16.046273592521207
"(Date(""2025-08-19""), 66)",20.745569273376965
"(Date(""2025-08-20""), 31)",14.496283485200948
"(Date(""2025-08-20""), 6)",14.496283485200948
"(Date(""2025-08-20""), 3)",14.496283485200948
"(Date(""2025-08-20""), 80)",
"(Date(""2025-08-20""), 103)",14.496283485200948
"(Date(""2025-08-20""), 66)",13.288296167978622
"(Date(""2025-08-20""), 17)",13.288296167978622
"(Date(""2025-08-21""), 6)",17.85793273641082
"(Date(""2025-08-21""), 31)",16.38789357531964
"(Date(""2025-08-21""), 3)",15.032448901617265
"(Date(""2025-08-21""), 80)",
"(Date(""2025-08-21""), 66)",19.452254642032315
"(Date(""2025-08-21""), 17)",16.38789357531964
"(Date(""2025-08-21""), 103)",17.85793273641082
"(Date(""2025-08-22""), 6)",16.166382182644416
"(Date(""2025-08-22""), 31)",14.828205065593776
"(Date(""2025-08-22""), 3)",12.45666529123224
"(Date(""2025-08-22""), 80)",
"(Date(""2025-08-22""), 66)",14.828205065593776
"(Date(""2025-08-22""), 17)",17.61769392166749
"(Date(""2025-08-22""), 103)",16.166382182644416
"(Date(""2025-08-23""), 3)",12.947036203070319
"(Date(""2025-08-23""), 6)",11.859817912165962
"(Date(""2025-08-23""), 31)",10.857351936726076
"(Date(""2025-08-23""), 80)",
"(Date(""2025-08-23""), 17)",11.859817912165962
"(Date(""2025-08-23""), 66)",12.947036203070319
"(Date(""2025-08-23""), 103)",10.857351936726076
"(Date(""2025-08-24""), 3)",12.971742572410024
"(Date(""2025-08-24""), 6)",11.882598337078704
"(Date(""2025-08-24""), 31)",12.971742572410024
"(Date(""2025-08-24""), 80)",
"(Date(""2025-08-24""), 17)",12.971742572410024
"(Date(""2025-08-24""), 66)",12.971742572410024
"(Date(""2025-08-24""), 103)",11.882598337078704
"(Date(""2025-08-25""), 3)",11.404097377325265
"(Date(""2025-08-25""), 6)",12.452787307688
"(Date(""2025-08-25""), 31)",11.404097377325265
"(Date(""2025-08-25""), 80)",
"(Date(""2025-08-25""), 17)",10.437156347386734
"(Date(""2025-08-25""), 66)",11.404097377325265
"(Date(""2025-08-25""), 103)",10.437156347386734
"(Date(""2025-08-26""), 6)",10.722982440101973
"(Date(""2025-08-26""), 31)",9.809136605958109
"(Date(""2025-08-26""), 3)",8.966528122279374
"(Date(""2025-08-26""), 80)",
"(Date(""2025-08-26""), 103)",9.809136605958109
"(Date(""2025-08-26""), 17)",8.966528122279374
"(Date(""2025-08-26""), 66)",10.722982440101973
"(Date(""2025-08-27""), 6)",13.47475964637865
"(Date(""2025-08-27""), 31)",13.47475964637865
"(Date(""2025-08-27""), 3)",12.346403541550965
"(Date(""2025-08-27""), 80)",
"(Date(""2025-08-27""), 103)",13.47475964637865
"(Date(""2025-08-27""), 17)",11.306006582878803
"(Date(""2025-08-27""), 66)",13.47475964637865
"(Date(""2025-08-28""), 6)",15.529171570964884
"(Date(""2025-08-28""), 31)",15.529171570964884
"(Date(""2025-08-28""), 3)",13.052605993545214
"(Date(""2025-08-28""), 80)",
"(Date(""2025-08-28""), 103)",14.24066716015012
"(Date(""2025-08-28""), 17)",14.24066716015012
"(Date(""2025-08-28""), 66)",14.24066716015012
"(Date(""2025-08-29""), 6)",13.961347354263681
"(Date(""2025-08-29""), 31)",13.961347354263681
"(Date(""2025-08-29""), 3)",13.961347354263681
"(Date(""2025-08-29""), 80)",
"(Date(""2025-08-29""), 103)",12.795060104177667
"(Date(""2025-08-29""), 17)",13.961347354263681
"(Date(""2025-08-29""), 66)",12.795060104177667
"(Date(""2025-08-30""), 6)",15.320837658577183
"(Date(""2025-08-30""), 31)",14.048573575590183
"(Date(""2025-08-30""), 3)",14.048573575590183
"(Date(""2025-08-30""), 80)",
"(Date(""2025-08-30""), 103)",15.320837658577183
"(Date(""2025-08-30""), 17)",14.048573575590183
"(Date(""2025-08-30""), 66)",16.700663823028457
"(Date(""2025-08-31""), 6)",18.02146471196508
"(Date(""2025-08-31""), 31)",12.748506396917596
"(Date(""2025-08-31""), 3)",16.538677684418147
"(Date(""2025-08-31""), 80)",
"(Date(""2025-08-31""), 103)",15.17147888324362
"(Date(""2025-08-31""), 17)",19.629612237528065
"(Date(""2025-08-31""), 66)",16.538677684418147
"(Date(""2025-09-01""), 6)",19.65758659396679
"(Date(""2025-09-01""), 31)",16.56246064336855
"(Date(""2025-09-01""), 3)",19.65758659396679
"(Date(""2025-09-01""), 80)",
"(Date(""2025-09-01""), 103)",18.047258373412163
"(Date(""2025-09-01""), 17)",19.65758659396679
"(Date(""2025-09-01""), 66)",19.65758659396679
"(Date(""2025-09-02""), 6)",18.376018904822807
"(Date(""2025-09-02""), 31)",18.376018904822807
"(Date(""2025-09-02""), 3)",16.865593187737886
"(Date(""2025-09-02""), 80)",
"(Date(""2025-09-02""), 103)",15.472910225655312
"(Date(""2025-09-02""), 17)",18.376018904822807
"(Date(""2025-09-02""), 66)",18.376018904822807
"(Date(""2025-09-03""), 6)",17.273750337868023
"(Date(""2025-09-03""), 31)",18.818683224666838
"(Date(""2025-09-03""), 3)",17.273750337868023
"(Date(""2025-09-03""), 80)",
"(Date(""2025-09-03""), 103)",15.849250155788042
"(Date(""2025-09-03""), 17)",20.494230658593757
"(Date(""2025-09-03""), 66)",17.273750337868023
"(Date(""2025-09-04""), 6)",13.551090916938273
"(Date(""2025-09-04""), 31)",13.551090916938273
"(Date(""2025-09-04""), 3)",13.551090916938273
"(Date(""2025-09-04""), 80)",
"(Date(""2025-09-04""), 103)",11.370901140089721
"(Date(""2025-09-04""), 17)",12.416784533333644
"(Date(""2025-09-04""), 66)",11.370901140089721
"(Date(""2025-09-05""), 6)",12.869165749018283
"(Date(""2025-09-05""), 31)",11.788017721410997
"(Date(""2025-09-05""), 3)",11.788017721410997
"(Date(""2025-09-05""), 80)",
"(Date(""2025-09-05""), 66)",11.788017721410997
"(Date(""2025-09-05""), 103)",11.788017721410997
"(Date(""2025-09-05""), 17)",11.788017721410997
"(Date(""2025-09-06""), 3)",14.916380573538685
"(Date(""2025-09-06""), 6)",14.916380573538685
"(Date(""2025-09-06""), 31)",14.916380573538685
"(Date(""2025-09-06""), 80)",
"(Date(""2025-09-06""), 17)",14.916380573538685
"(Date(""2025-09-06""), 66)",14.916380573538685
"(Date(""2025-09-06""), 103)",13.675645278054432
"(Date(""2025-09-07""), 3)",13.216120699542161
"(Date(""2025-09-07""), 6)",13.216120699542161
"(Date(""2025-09-07""), 31)",12.107926368846742
"(Date(""2025-09-07""), 80)",
"(Date(""2025-09-07""), 17)",12.107926368846742
"(Date(""2025-09-07""), 66)",17.13520332128259
"(Date(""2025-09-07""), 103)",14.418006026053991
"(Date(""2025-09-08""), 6)",14.85941252034152
"(Date(""2025-09-08""), 31)",13.623118075840326
"(Date(""2025-09-08""), 3)",12.483196933410955
"(Date(""2025-09-08""), 80)",
"(Date(""2025-09-08""), 17)",13.623118075840326
"(Date(""2025-09-08""), 66)",16.20022803521755
"(Date(""2025-09-08""), 103)",14.85941252034152
"(Date(""2025-09-09""), 6)",22.151926696016055
"(Date(""2025-09-09""), 31)",18.683073797966692
"(Date(""2025-09-09""), 3)",14.429490802648491
"(Date(""2025-09-09""), 80)",
"(Date(""2025-09-09""), 17)",20.347156291244016
"(Date(""2025-09-09""), 66)",28.53442129435519
"(Date(""2025-09-09""), 103)",22.151926696016055
"(Date(""2025-09-10""), 6)",24.271846356833162
"(Date(""2025-09-10""), 31)",18.810509523618414
"(Date(""2025-09-10""), 3)",
"(Date(""2025-09-10""), 80)",
"(Date(""2025-09-10""), 17)",18.810509523618414
"(Date(""2025-09-10""), 66)",31.23875779277426
"(Date(""2025-09-10""), 103)",26.40842510092876
"(Date(""2025-09-11""), 6)",18.017171579694928
"(Date(""2025-09-11""), 31)",16.534719216220093
"(Date(""2025-09-11""), 3)",
"(Date(""2025-09-11""), 80)",
"(Date(""2025-09-11""), 17)",16.534719216220093
"(Date(""2025-09-11""), 66)",23.25980198695074
"(Date(""2025-09-11""), 103)",21.36866898421828
"(Date(""2025-09-12""), 6)",16.564429840031416
"(Date(""2025-09-12""), 31)",15.195223571879296
"(Date(""2025-09-12""), 3)",
"(Date(""2025-09-12""), 80)",
"(Date(""2025-09-12""), 17)",16.564429840031416
"(Date(""2025-09-12""), 66)",23.300907512604372
"(Date(""2025-09-12""), 103)",15.195223571879296
"(Date(""2025-09-13""), 6)",19.619884738360692
"(Date(""2025-09-13""), 31)",21.36316881882008
"(Date(""2025-09-13""), 3)",
"(Date(""2025-09-13""), 80)",
"(Date(""2025-09-13""), 17)",21.36316881882008
"(Date(""2025-09-13""), 66)",23.25383681649065
"(Date(""2025-09-13""), 103)",18.012495504012097
"(Date(""2025-09-14""), 6)",15.242458307437836
"(Date(""2025-09-14""), 31)",16.615657981158844
"(Date(""2025-09-14""), 3)",
"(Date(""2025-09-14""), 80)",
"(Date(""2025-09-14""), 17)",16.615657981158844
"(Date(""2025-09-14""), 66)",16.615657981158844
"(Date(""2025-09-14""), 103)",16.615657981158844
"(Date(""2025-09-15""), 6)",17.019899433074606
"(Date(""2025-09-15""), 31)",17.019899433074606
"(Date(""2025-09-15""), 3)",
"(Date(""2025-09-15""), 80)",
"(Date(""2025-09-15""), 17)",17.019899433074606
"(Date(""2025-09-15""), 66)",21.987603084883602
"(Date(""2025-09-15""), 103)",14.319978118027626
"(Date(""2025-09-16""), 6)",17.963169927339955
"(Date(""2025-09-16""), 31)",17.963169927339955
"(Date(""2025-09-16""), 3)",13.865160746040484
"(Date(""2025-09-16""), 80)",
"(Date(""2025-09-16""), 17)",16.4849271739446
"(Date(""2025-09-16""), 66)",19.566388988398877
"(Date(""2025-09-16""), 103)",17.963169927339955
"(Date(""2025-09-17""), 6)",22.149046827313487
"(Date(""2025-09-17""), 3)",20.34450091797427
"(Date(""2025-09-17""), 31)",22.149046827313487
"(Date(""2025-09-17""), 80)",
"(Date(""2025-09-17""), 17)",18.680625419957146
"(Date(""2025-09-17""), 66)",22.149046827313487
"(Date(""2025-09-17""), 103)",22.149046827313487
"(Date(""2025-09-18""), 3)",13.60699683461506
"(Date(""2025-09-18""), 6)",14.841928327599218
"(Date(""2025-09-18""), 31)",13.60699683461506
"(Date(""2025-09-18""), 80)",
"(Date(""2025-09-18""), 17)",14.841928327599218
"(Date(""2025-09-18""), 66)",13.60699683461506
"(Date(""2025-09-18""), 103)",12.468332397056672
"(Date(""2025-09-19""), 3)",11.164290027497639
"(Date(""2025-09-19""), 6)",12.192705725456257
"(Date(""2025-09-19""), 31)",11.164290027497639
"(Date(""2025-09-19""), 80)",
"(Date(""2025-09-19""), 17)",12.192705725456257
"(Date(""2025-09-19""), 66)",12.192705725456257
"(Date(""2025-09-19""), 103)",12.192705725456257
"(Date(""2025-09-20""), 6)",21.165773918707448
"(Date(""2025-09-20""), 31)",17.84467627940616
"(Date(""2025-09-20""), 3)",13.77227400133114
"(Date(""2025-09-20""), 80)",
"(Date(""2025-09-20""), 17)",17.84467627940616
"(Date(""2025-09-20""), 66)",16.375670503639153
"(Date(""2025-09-20""), 103)",16.375670503639153
"(Date(""2025-09-21""), 6)",16.692158107027435
"(Date(""2025-09-21""), 31)",14.041342270915168
"(Date(""2025-09-21""), 3)",12.868819148540837
"(Date(""2025-09-21""), 80)",
"(Date(""2025-09-21""), 17)",15.312994991691326
"(Date(""2025-09-21""), 66)",18.187920957707817
"(Date(""2025-09-21""), 103)",16.692158107027435
"(Date(""2025-09-22""), 3)",14.06277053190643
"(Date(""2025-09-22""), 31)",16.717362784548087
"(Date(""2025-09-22""), 6)",15.336234879989533
"(Date(""2025-09-22""), 80)",
"(Date(""2025-09-22""), 17)",16.717362784548087
"(Date(""2025-09-22""), 66)",18.215256535261727
"(Date(""2025-09-22""), 103)",18.215256535261727
"(Date(""2025-09-23""), 31)",27.34061339446521
"(Date(""2025-09-23""), 3)",21.216104974238828
"(Date(""2025-09-23""), 6)",29.736637464818617
"(Date(""2025-09-23""), 80)",
"(Date(""2025-09-23""), 17)",27.34061339446521
"(Date(""2025-09-23""), 66)",32.33523059272228
"(Date(""2025-09-23""), 103)",27.34061339446521
"(Date(""2025-09-24""), 31)",17.154301773128736
"(Date(""2025-09-24""), 3)",13.231091907298099
"(Date(""2025-09-24""), 6)",18.689136020483833
"(Date(""2025-09-24""), 80)",
"(Date(""2025-09-24""), 17)",15.73911300764766
"(Date(""2025-09-24""), 66)",20.353731037285932
"(Date(""2025-09-24""), 103)",18.689136020483833
"(Date(""2025-09-25""), 31)",16.36219040971154
"(Date(""2025-09-25""), 3)",15.008749384051399
"(Date(""2025-09-25""), 6)",15.008749384051399
"(Date(""2025-09-25""), 80)",
"(Date(""2025-09-25""), 66)",17.83005652667612
"(Date(""2025-09-25""), 17)",16.36219040971154
"(Date(""2025-09-25""), 103)",17.83005652667612
"(Date(""2025-09-26""), 31)",12.706959507196387
"(Date(""2025-09-26""), 3)",12.706959507196387
"(Date(""2025-09-26""), 6)",15.122609963930202
"(Date(""2025-09-26""), 80)",
"(Date(""2025-09-26""), 103)",13.865798395172467
"(Date(""2025-09-26""), 17)",13.865798395172467
"(Date(""2025-09-26""), 66)",13.865798395172467
"(Date(""2025-09-27""), 31)",16.82583438911757
"(Date(""2025-09-27""), 3)",16.82583438911757
"(Date(""2025-09-27""), 6)",16.82583438911757
"(Date(""2025-09-27""), 80)",
"(Date(""2025-09-27""), 17)",15.436250758853955
"(Date(""2025-09-27""), 66)",18.33289874499353
"(Date(""2025-09-27""), 103)",16.82583438911757
"(Date(""2025-09-28""), 31)",13.113014532426655
"(Date(""2025-09-28""), 3)",13.113014532426655
"(Date(""2025-09-28""), 6)",15.600226228298997
"(Date(""2025-09-28""), 80)",
"(Date(""2025-09-28""), 17)",13.113014532426655
"(Date(""2025-09-28""), 66)",14.306182868421306
"(Date(""2025-09-28""), 103)",20.176556121895178
"(Date(""2025-09-29""), 3)",11.122075445834293
"(Date(""2025-09-29""), 31)",12.146922161273816
"(Date(""2025-09-29""), 6)",12.146922161273816
"(Date(""2025-09-29""), 80)",
"(Date(""2025-09-29""), 17)",11.122075445834293
"(Date(""2025-09-29""), 66)",13.258413345710444
"(Date(""2025-09-29""), 103)",12.146922161273816
"(Date(""2025-09-30""), 3)",12.368682213996696
"(Date(""2025-09-30""), 31)",13.498921843174843
"(Date(""2025-09-30""), 6)",14.724716262190638
"(Date(""2025-09-30""), 80)",
"(Date(""2025-09-30""), 66)",13.498921843174843
"(Date(""2025-09-30""), 103)",14.724716262190638
"(Date(""2025-09-30""), 17)",13.498921843174843
"(Date(""2025-10-01""), 31)",11.454608974937077
"(Date(""2025-10-01""), 3)",10.483730396402073
"(Date(""2025-10-01""), 6)",11.454608974937077
"(Date(""2025-10-01""), 80)",
"(Date(""2025-10-01""), 66)",13.6495510292236
"(Date(""2025-10-01""), 103)",12.507569349345092
"(Date(""2025-10-01""), 17)",12.507569349345092
"(Date(""2025-10-02""), 31)",17.477124227881788
"(Date(""2025-10-02""), 3)",16.036770368368412
"(Date(""2025-10-02""), 6)",20.733446212110035
"(Date(""2025-10-02""), 80)",
"(Date(""2025-10-02""), 66)",17.477124227881788
"(Date(""2025-10-02""), 103)",17.477124227881788
"(Date(""2025-10-02""), 17)",17.477124227881788
"(Date(""2025-10-03""), 31)",16.70830591254717
"(Date(""2025-10-03""), 3)",15.327884021564152
"(Date(""2025-10-03""), 6)",18.20543396059185
"(Date(""2025-10-03""), 80)",
"(Date(""2025-10-03""), 66)",18.20543396059185
"(Date(""2025-10-03""), 103)",15.327884021564152
"(Date(""2025-10-03""), 17)",16.70830591254717
"(Date(""2025-10-04""), 3)",16.65504578183772
"(Date(""2025-10-04""), 31)",16.65504578183772
"(Date(""2025-10-04""), 6)",18.147671014315424
"(Date(""2025-10-04""), 80)",
"(Date(""2025-10-04""), 17)",19.766488504358456
"(Date(""2025-10-04""), 66)",23.426277344762763
"(Date(""2025-10-04""), 103)",16.65504578183772
"(Date(""2025-10-05""), 3)",19.37076032126188
"(Date(""2025-10-05""), 31)",19.37076032126188
"(Date(""2025-10-05""), 6)",17.78279117151314
"(Date(""2025-10-05""), 80)",
"(Date(""2025-10-05""), 17)",17.78279117151314
"(Date(""2025-10-05""), 66)",22.960807876902212
"(Date(""2025-10-05""), 103)",16.31860954764882
"(Date(""2025-10-06""), 3)",18.06836295924836
"(Date(""2025-10-06""), 31)",25.381643407141567
"(Date(""2025-10-06""), 6)",23.325105742885242
"(Date(""2025-10-06""), 80)",
"(Date(""2025-10-06""), 17)",23.325105742885242
"(Date(""2025-10-06""), 66)",25.381643407141567
"(Date(""2025-10-06""), 103)",18.06836295924836
"(Date(""2025-10-07""), 31)",19.457101610210746
"(Date(""2025-10-07""), 3)",17.86240186714894
"(Date(""2025-10-07""), 6)",19.457101610210746
"(Date(""2025-10-07""), 80)",
"(Date(""2025-10-07""), 17)",19.457101610210746
"(Date(""2025-10-07""), 66)",21.186623381158125
"(Date(""2025-10-07""), 103)",16.392014322314267
"(Date(""2025-10-08""), 3)",12.171601858440354
"(Date(""2025-10-08""), 31)",12.171601858440354
"(Date(""2025-10-08""), 6)",13.285179559059149
"(Date(""2025-10-08""), 80)",
"(Date(""2025-10-08""), 17)",13.285179559059149
"(Date(""2025-10-08""), 66)",13.285179559059149
"(Date(""2025-10-08""), 103)",13.285179559059149
"(Date(""2025-10-09""), 3)",12.055176000352406
"(Date(""2025-10-09""), 31)",15.654210819210668
"(Date(""2025-10-09""), 6)",14.355959179250272
"(Date(""2025-10-09""), 80)",
"(Date(""2025-10-09""), 17)",11.03748120613985
"(Date(""2025-10-09""), 66)",14.355959179250272
"(Date(""2025-10-09""), 103)",18.589271067316425
"(Date(""2025-10-10""), 3)",16.295235230269814
"(Date(""2025-10-10""), 31)",19.343266623474495
"(Date(""2025-10-10""), 6)",19.343266623474495
"(Date(""2025-10-10""), 80)",
"(Date(""2025-10-10""), 66)",17.757440699762007
"(Date(""2025-10-10""), 103)",19.343266623474495
"(Date(""2025-10-10""), 17)",
"(Date(""2025-10-11""), 3)",14.678332061644015
"(Date(""2025-10-11""), 6)",17.441408000232045
"(Date(""2025-10-11""), 31)",24.51423270196169
"(Date(""2025-10-11""), 80)",
"(Date(""2025-10-11""), 66)",24.51423270196169
"(Date(""2025-10-11""), 103)",24.51423270196169
"(Date(""2025-10-11""), 17)",19.00051530834673
"(Date(""2025-10-12""), 3)",9.903980990209943
"(Date(""2025-10-12""), 6)",10.825845332084821
"(Date(""2025-10-12""), 31)",11.825647618420847
"(Date(""2025-10-12""), 80)",
"(Date(""2025-10-12""), 66)",15.361406336025045
"(Date(""2025-10-12""), 103)",12.909977021736047
"(Date(""2025-10-12""), 17)",10.825845332084821
"(Date(""2025-10-13""), 3)",10.157188893721438
"(Date(""2025-10-13""), 6)",11.10046040216582
"(Date(""2025-10-13""), 31)",12.123479698975036
"(Date(""2025-10-13""), 80)",
"(Date(""2025-10-13""), 66)",12.123479698975036
"(Date(""2025-10-13""), 103)",12.123479698975036
"(Date(""2025-10-13""), 17)",12.123479698975036
"(Date(""2025-10-14""), 3)",16.8293075778701
"(Date(""2025-10-14""), 6)",16.8293075778701
"(Date(""2025-10-14""), 31)",16.8293075778701
"(Date(""2025-10-14""), 80)",
"(Date(""2025-10-14""), 66)",19.971461384563504
"(Date(""2025-10-14""), 103)",18.336665570434022
"(Date(""2025-10-14""), 17)",18.336665570434022
"(Date(""2025-10-15""), 3)",12.15310233261486
"(Date(""2025-10-15""), 6)",12.15310233261486
"(Date(""2025-10-15""), 31)",13.265116012421858
"(Date(""2025-10-15""), 80)",
"(Date(""2025-10-15""), 66)",12.15310233261486
"(Date(""2025-10-15""), 103)",15.779133361978907
"(Date(""2025-10-15""), 17)",13.265116012421858
"(Date(""2025-10-16""), 3)",12.38373543187005
"(Date(""2025-10-16""), 6)",13.515247717777918
"(Date(""2025-10-16""), 31)",13.515247717777918
"(Date(""2025-10-16""), 80)",
"(Date(""2025-10-16""), 66)",12.38373543187005
"(Date(""2025-10-16""), 103)",14.742422388800756
"(Date(""2025-10-16""), 17)",12.38373543187005
"(Date(""2025-10-17""), 3)",16.76967400659082
"(Date(""2025-10-17""), 31)",18.271990348496093
"(Date(""2025-10-17""), 6)",19.901318271498397
"(Date(""2025-10-17""), 80)",
"(Date(""2025-10-17""), 66)",18.271990348496093
"(Date(""2025-10-17""), 103)",19.901318271498397
"(Date(""2025-10-17""), 17)",16.76967400659082
"(Date(""2025-10-18""), 3)",16.962441401106986
"(Date(""2025-10-18""), 31)",18.48105503731607
"(Date(""2025-10-18""), 6)",20.12805809034119
"(Date(""2025-10-18""), 80)",
"(Date(""2025-10-18""), 66)",15.56220879568204
"(Date(""2025-10-18""), 103)",14.27112902229775
"(Date(""2025-10-18""), 17)",16.962441401106986
"(Date(""2025-10-19""), 3)",9.422814219234832
"(Date(""2025-10-19""), 31)",11.259682265421699
"(Date(""2025-10-19""), 6)",10.303998878243856
"(Date(""2025-10-19""), 80)",
"(Date(""2025-10-19""), 66)",11.259682265421699
"(Date(""2025-10-19""), 17)",10.303998878243856
"(Date(""2025-10-19""), 103)",11.259682265421699
"(Date(""2025-10-20""), 3)",13.42261961380093
"(Date(""2025-10-20""), 31)",14.64196314992097
"(Date(""2025-10-20""), 6)",14.64196314992097
"(Date(""2025-10-20""), 80)",
"(Date(""2025-10-20""), 66)",15.9643946616578
"(Date(""2025-10-20""), 17)",14.64196314992097
"(Date(""2025-10-20""), 103)",13.42261961380093
"(Date(""2025-10-21""), 3)",12.81130454189052
"(Date(""2025-10-21""), 31)",15.245344279674189
"(Date(""2025-10-21""), 6)",15.245344279674189
"(Date(""2025-10-21""), 80)",
"(Date(""2025-10-21""), 66)",18.108347800505314
"(Date(""2025-10-21""), 17)",16.618787944548398
"(Date(""2025-10-21""), 103)",15.245344279674189
"(Date(""2025-10-22""), 3)",13.95902506806613
"(Date(""2025-10-22""), 6)",16.595333705221922
"(Date(""2025-10-22""), 31)",16.595333705221922
"(Date(""2025-10-22""), 80)",
"(Date(""2025-10-22""), 66)",16.595333705221922
"(Date(""2025-10-22""), 17)",15.223718377036864
"(Date(""2025-10-22""), 103)",16.595333705221922
"(Date(""2025-10-23""), 3)",12.559714091459302
"(Date(""2025-10-23""), 6)",14.949414704568753
"(Date(""2025-10-23""), 31)",14.949414704568753
"(Date(""2025-10-23""), 80)",
"(Date(""2025-10-23""), 17)",13.706104287678267
"(Date(""2025-10-23""), 103)",13.706104287678267
"(Date(""2025-10-23""), 66)",13.706104287678267
"(Date(""2025-10-24""), 3)",16.42962658360867
"(Date(""2025-10-24""), 6)",21.23460454425905
"(Date(""2025-10-24""), 31)",17.90319401316028
"(Date(""2025-10-24""), 80)",
"(Date(""2025-10-24""), 103)",19.50134248057976
"(Date(""2025-10-24""), 66)",16.42962658360867
"(Date(""2025-10-24""), 17)",16.42962658360867
"(Date(""2025-10-25""), 3)",11.687081975977206
"(Date(""2025-10-25""), 6)",11.687081975977206
"(Date(""2025-10-25""), 31)",11.687081975977206
"(Date(""2025-10-25""), 80)",
"(Date(""2025-10-25""), 66)",11.687081975977206
"(Date(""2025-10-25""), 103)",12.759696508834317
"(Date(""2025-10-25""), 17)",11.687081975977206
"(Date(""2025-10-26""), 3)",11.877668020163503
"(Date(""2025-10-26""), 31)",12.966395427607617
"(Date(""2025-10-26""), 6)",12.966395427607617
"(Date(""2025-10-26""), 80)",
"(Date(""2025-10-26""), 103)",14.14716802257047
"(Date(""2025-10-26""), 66)",12.966395427607617
"(Date(""2025-10-26""), 17)",12.966395427607617
"(Date(""2025-10-27""), 3)",16.531570370917045
"(Date(""2025-10-27""), 31)",18.01375651894218
"(Date(""2025-10-27""), 6)",19.62125236432574
"(Date(""2025-10-27""), 80)",
"(Date(""2025-10-27""), 103)",19.62125236432574
"(Date(""2025-10-27""), 66)",18.01375651894218
"(Date(""2025-10-27""), 17)",13.904815393372262
"(Date(""2025-10-28""), 3)",13.745190257061044
"(Date(""2025-10-28""), 31)",17.810126121917992
"(Date(""2025-10-28""), 6)",14.991805151598173
"(Date(""2025-10-28""), 80)",
"(Date(""2025-10-28""), 66)",16.343813646908792
"(Date(""2025-10-28""), 103)",14.991805151598173
"(Date(""2025-10-28""), 17)",
"(Date(""2025-10-29""), 3)",11.176595476509931
"(Date(""2025-10-29""), 31)",14.533424300106663
"(Date(""2025-10-29""), 6)",14.533424300106663
"(Date(""2025-10-29""), 80)",
"(Date(""2025-10-29""), 66)",14.533424300106663
"(Date(""2025-10-29""), 103)",13.32254173168425
"(Date(""2025-10-29""), 17)",12.206051524288066
"(Date(""2025-10-30""), 3)",15.85748342914427
"(Date(""2025-10-30""), 31)",18.828367491624753
"(Date(""2025-10-30""), 6)",17.2826796837074
"(Date(""2025-10-30""), 80)",
"(Date(""2025-10-30""), 66)",18.828367491624753
"(Date(""2025-10-30""), 103)",17.2826796837074
"(Date(""2025-10-30""), 17)",17.2826796837074
"(Date(""2025-10-31""), 3)",13.757981332039135
"(Date(""2025-10-31""), 31)",13.757981332039135
"(Date(""2025-10-31""), 6)",15.005677633076072
"(Date(""2025-10-31""), 80)",
"(Date(""2025-10-31""), 66)",13.757981332039135
"(Date(""2025-10-31""), 103)",15.005677633076072
"(Date(""2025-10-31""), 17)",12.607547146065933
"(Date(""2025-11-01""), 3)",12.916118684919605
"(Date(""2025-11-01""), 31)",11.831310518342267
"(Date(""2025-11-01""), 6)",11.831310518342267
"(Date(""2025-11-01""), 80)",
"(Date(""2025-11-01""), 66)",10.831066789947549
"(Date(""2025-11-01""), 103)",12.916118684919605
"(Date(""2025-11-01""), 17)",10.831066789947549
"(Date(""2025-11-02""), 3)",15.126063311850764
"(Date(""2025-11-02""), 31)",13.86898254303006
"(Date(""2025-11-02""), 6)",13.86898254303006
"(Date(""2025-11-02""), 80)",
"(Date(""2025-11-02""), 66)",15.126063311850764
"(Date(""2025-11-02""), 103)",12.709895440039599
"(Date(""2025-11-02""), 17)",13.86898254303006
"(Date(""2025-11-03""), 3)",13.189908726297137
"(Date(""2025-11-03""), 31)",13.189908726297137
"(Date(""2025-11-03""), 6)",14.389577992134754
"(Date(""2025-11-03""), 80)",
"(Date(""2025-11-03""), 17)",13.189908726297137
"(Date(""2025-11-03""), 66)",12.08375770690727
"(Date(""2025-11-03""), 103)",12.08375770690727
"(Date(""2025-11-04""), 3)",11.179301941386905
"(Date(""2025-11-04""), 31)",10.229884470296684
"(Date(""2025-11-04""), 6)",11.179301941386905
"(Date(""2025-11-04""), 80)",
"(Date(""2025-11-04""), 17)",9.354477278182165
"(Date(""2025-11-04""), 66)",10.229884470296684
"(Date(""2025-11-04""), 103)",11.179301941386905
"(Date(""2025-11-05""), 3)",16.64372341134569
"(Date(""2025-11-05""), 31)",18.135391407229584
"(Date(""2025-11-05""), 6)",18.135391407229584
"(Date(""2025-11-05""), 80)",
"(Date(""2025-11-05""), 17)",16.64372341134569
"(Date(""2025-11-05""), 66)",16.64372341134569
"(Date(""2025-11-05""), 103)",15.268335943128637
"(Date(""2025-11-06""), 31)",13.965934525852363
"(Date(""2025-11-06""), 3)",15.231211986864498
"(Date(""2025-11-06""), 6)",12.799289690342313
"(Date(""2025-11-06""), 80)",
"(Date(""2025-11-06""), 17)",11.723588736076106
"(Date(""2025-11-06""), 66)",12.799289690342313
"(Date(""2025-11-06""), 103)",13.965934525852363
"(Date(""2025-11-07""), 31)",18.18824234522788
"(Date(""2025-11-07""), 3)",16.69245444131145
"(Date(""2025-11-07""), 6)",18.18824234522788
"(Date(""2025-11-07""), 80)",
"(Date(""2025-11-07""), 17)",16.69245444131145
"(Date(""2025-11-07""), 66)",16.69245444131145
"(Date(""2025-11-07""), 103)",14.04159420543697
"(Date(""2025-11-08""), 3)",12.950205944359485
"(Date(""2025-11-08""), 6)",10.860046755716057
"(Date(""2025-11-08""), 31)",10.860046755716057
"(Date(""2025-11-08""), 80)",
"(Date(""2025-11-08""), 66)",10.860046755716057
"(Date(""2025-11-08""), 103)",10.860046755716057
"(Date(""2025-11-08""), 17)",9.935516298058197
"(Date(""2025-11-09""), 3)",12.621671304892448
"(Date(""2025-11-09""), 6)",12.621671304892448
"(Date(""2025-11-09""), 31)",12.621671304892448
"(Date(""2025-11-09""), 80)",
"(Date(""2025-11-09""), 17)",12.621671304892448
"(Date(""2025-11-09""), 66)",15.022290967616744
"(Date(""2025-11-09""), 103)",12.621671304892448
"(Date(""2025-11-10""), 3)",18.87254484883556
"(Date(""2025-11-10""), 6)",24.350983503998144
"(Date(""2025-11-10""), 31)",20.552645950891687
"(Date(""2025-11-10""), 80)",
"(Date(""2025-11-10""), 17)",18.87254484883556
"(Date(""2025-11-10""), 66)",17.32341326762443
"(Date(""2025-11-10""), 103)",22.3747892390192
"(Date(""2025-11-11""), 31)",12.943691342585577
"(Date(""2025-11-11""), 3)",12.943691342585577
"(Date(""2025-11-11""), 6)",12.943691342585577
"(Date(""2025-11-11""), 80)",
"(Date(""2025-11-11""), 17)",11.856733794784384
"(Date(""2025-11-11""), 66)",12.943691342585577
"(Date(""2025-11-11""), 103)",12.943691342585577
"(Date(""2025-11-12""), 3)",23.28964549550734
"(Date(""2025-11-12""), 31)",21.396186091101082
"(Date(""2025-11-12""), 6)",23.28964549550734
"(Date(""2025-11-12""), 80)",
"(Date(""2025-11-12""), 17)",23.28964549550734
"(Date(""2025-11-12""), 103)",19.65032820343155
"(Date(""2025-11-12""), 66)",21.396186091101082
"(Date(""2025-11-13""), 3)",19.7797960542068
"(Date(""2025-11-13""), 31)",19.7797960542068
"(Date(""2025-11-13""), 6)",19.7797960542068
"(Date(""2025-11-13""), 80)",
"(Date(""2025-11-13""), 17)",19.7797960542068
"(Date(""2025-11-13""), 66)",16.66635946165254
"(Date(""2025-11-13""), 103)",21.536599650159943
"(Date(""2025-11-14""), 3)",18.642825083317657
"(Date(""2025-11-14""), 31)",18.642825083317657
"(Date(""2025-11-14""), 6)",22.104584736079925
"(Date(""2025-11-14""), 80)",
"(Date(""2025-11-14""), 17)",20.303504796007374
"(Date(""2025-11-14""), 66)",18.642825083317657
"(Date(""2025-11-14""), 103)",15.699740837639371
"(Date(""2025-11-15""), 3)",16.249237772907463
"(Date(""2025-11-15""), 6)",16.249237772907463
"(Date(""2025-11-15""), 31)",14.90460178445747
"(Date(""2025-11-15""), 80)",
"(Date(""2025-11-15""), 17)",14.90460178445747
"(Date(""2025-11-15""), 103)",16.249237772907463
"(Date(""2025-11-15""), 66)",16.249237772907463
"(Date(""2025-11-16""), 3)",14.078343710303033
"(Date(""2025-11-16""), 6)",15.353124674571209
"(Date(""2025-11-16""), 31)",15.353124674571209
"(Date(""2025-11-16""), 80)",
"(Date(""2025-11-16""), 17)",15.353124674571209
"(Date(""2025-11-16""), 103)",14.078343710303033
"(Date(""2025-11-16""), 66)",15.353124674571209
"(Date(""2025-11-17""), 3)",14.811663417817005
"(Date(""2025-11-17""), 6)",14.811663417817005
"(Date(""2025-11-17""), 31)",12.442602078342654
"(Date(""2025-11-17""), 80)",
"(Date(""2025-11-17""), 17)",12.442602078342654
"(Date(""2025-11-17""), 66)",12.442602078342654
"(Date(""2025-11-17""), 103)",
"(Date(""2025-11-18""), 3)",12.383611428902466
"(Date(""2025-11-18""), 6)",13.515113231124218
"(Date(""2025-11-18""), 31)",13.515113231124218
"(Date(""2025-11-18""), 80)",
"(Date(""2025-11-18""), 17)",12.383611428902466
"(Date(""2025-11-18""), 103)",14.742276532129939
"(Date(""2025-11-18""), 66)",14.742276532129939
"(Date(""2025-11-19""), 3)",17.98631060228293
"(Date(""2025-11-19""), 6)",19.591486064687007
"(Date(""2025-11-19""), 31)",17.98631060228293
"(Date(""2025-11-19""), 80)",
"(Date(""2025-11-19""), 17)",16.50626395559472
"(Date(""2025-11-19""), 103)",19.591486064687007
"(Date(""2025-11-19""), 66)",21.332369212437516
"(Date(""2025-11-20""), 3)",29.60120549798652
"(Date(""2025-11-20""), 31)",29.60120549798652
"(Date(""2025-11-20""), 6)",29.60120549798652
"(Date(""2025-11-20""), 80)",
"(Date(""2025-11-20""), 17)",32.18834868837795
"(Date(""2025-11-20""), 103)",27.215738804079926
"(Date(""2025-11-20""), 66)",29.60120549798652
"(Date(""2025-11-21""), 3)",24.873388852799525
"(Date(""2025-11-21""), 31)",24.873388852799525
"(Date(""2025-11-21""), 6)",27.060824304885678
"(Date(""2025-11-21""), 80)",
"(Date(""2025-11-21""), 17)",37.82297930367937
"(Date(""2025-11-21""), 66)",27.060824304885678
"(Date(""2025-11-21""), 103)",24.873388852799525
"(Date(""2025-11-22""), 3)",17.722525235368852
"(Date(""2025-11-22""), 6)",21.022095545785543
"(Date(""2025-11-22""), 31)",17.722525235368852
"(Date(""2025-11-22""), 80)",
"(Date(""2025-11-22""), 17)",17.722525235368852
"(Date(""2025-11-22""), 103)",21.022095545785543
"(Date(""2025-11-22""), 66)",17.722525235368852
"(Date(""2025-11-23""), 3)",25.015612421101793
"(Date(""2025-11-23""), 6)",27.215071998716944
"(Date(""2025-11-23""), 31)",25.015612421101793
"(Date(""2025-11-23""), 80)",
"(Date(""2025-11-23""), 17)",27.215071998716944
"(Date(""2025-11-23""), 103)",27.215071998716944
"(Date(""2025-11-23""), 66)",27.215071998716944
"(Date(""2025-11-24""), 3)",20.719201138828485
"(Date(""2025-11-24""), 6)",20.719201138828485
"(Date(""2025-11-24""), 31)",20.719201138828485
"(Date(""2025-11-24""), 80)",
"(Date(""2025-11-24""), 17)",20.719201138828485
"(Date(""2025-11-24""), 103)",20.719201138828485
"(Date(""2025-11-24""), 66)",20.719201138828485
"(Date(""2025-11-25""), 3)",17.371893083209102
"(Date(""2025-11-25""), 6)",18.92512333382622
"(Date(""2025-11-25""), 31)",18.92512333382622
"(Date(""2025-11-25""), 80)",
"(Date(""2025-11-25""), 17)",20.609669622507877
"(Date(""2025-11-25""), 103)",18.92512333382622
"(Date(""2025-11-25""), 66)",20.609669622507877
"(Date(""2025-11-26""), 6)",20.124336207112155
"(Date(""2025-11-26""), 3)",18.477623287378744
"(Date(""2025-11-26""), 31)",20.124336207112155
"(Date(""2025-11-26""), 80)",
"(Date(""2025-11-26""), 17)",18.477623287378744
"(Date(""2025-11-26""), 103)",20.124336207112155
"(Date(""2025-11-26""), 66)",20.124336207112155
"(Date(""2025-11-27""), 6)",11.032660163992423
"(Date(""2025-11-27""), 31)",11.032660163992423
"(Date(""2025-11-27""), 3)",10.094673911712611
"(Date(""2025-11-27""), 80)",
"(Date(""2025-11-27""), 17)",10.094673911712611
"(Date(""2025-11-27""), 103)",9.229806836528715
"(Date(""2025-11-27""), 66)",15.64754076499279
"(Date(""2025-11-28""), 31)",12.553535185864897
"(Date(""2025-11-28""), 6)",13.699402993724565
"(Date(""2025-11-28""), 3)",11.49699162019722
"(Date(""2025-11-28""), 80)",
"(Date(""2025-11-28""), 17)",11.49699162019722
"(Date(""2025-11-28""), 103)",11.49699162019722
"(Date(""2025-11-28""), 66)",12.553535185864897
"(Date(""2025-11-29""), 31)",12.291632982727023
"(Date(""2025-11-29""), 6)",13.415358574606302
"(Date(""2025-11-29""), 3)",11.255505572974748
"(Date(""2025-11-29""), 80)",
"(Date(""2025-11-29""), 17)",12.291632982727023
"(Date(""2025-11-29""), 103)",17.389366848024796
"(Date(""2025-11-29""), 66)",15.955853970864457
"(Date(""2025-11-30""), 31)",17.93263887506131
"(Date(""2025-11-30""), 6)",19.533276723951857
"(Date(""2025-11-30""), 3)",15.095961820413422
"(Date(""2025-11-30""), 80)",
"(Date(""2025-11-30""), 17)",21.269238630952227
"(Date(""2025-11-30""), 103)",16.456776119680914
"(Date(""2025-11-30""), 66)",25.193865127567392
"(Date(""2025-12-01""), 3)",11.353389058169252
"(Date(""2025-12-01""), 31)",12.397791912893439
"(Date(""2025-12-01""), 6)",13.530492587577783
"(Date(""2025-12-01""), 80)",
"(Date(""2025-12-01""), 17)",13.530492587577783
"(Date(""2025-12-01""), 103)",13.530492587577783
"(Date(""2025-12-01""), 66)",16.09127866397358
"(Date(""2025-12-02""), 6)",21.045116711094686
"(Date(""2025-12-02""), 3)",16.281087752274033
"(Date(""2025-12-02""), 31)",19.326625860103203
"(Date(""2025-12-02""), 80)",
"(Date(""2025-12-02""), 17)",19.326625860103203
"(Date(""2025-12-02""), 103)",19.326625860103203
"(Date(""2025-12-02""), 66)",22.908895364659347
"(Date(""2025-12-03""), 6)",20.93686829547002
"(Date(""2025-12-03""), 31)",22.79149521312113
"(Date(""2025-12-03""), 3)",19.226815771856117
"(Date(""2025-12-03""), 80)",
"(Date(""2025-12-03""), 17)",20.93686829547002
"(Date(""2025-12-03""), 103)",22.79149521312113
"(Date(""2025-12-03""), 66)",20.93686829547002
"(Date(""2025-12-04""), 6)",13.91248313691481
"(Date(""2025-12-04""), 3)",12.750005016603675
"(Date(""2025-12-04""), 31)",12.750005016603675
"(Date(""2025-12-04""), 80)",
"(Date(""2025-12-04""), 17)",12.750005016603675
"(Date(""2025-12-04""), 103)",15.173241612656387
"(Date(""2025-12-04""), 66)",12.750005016603675
"(Date(""2025-12-05""), 3)",14.90492565182799
"(Date(""2025-12-05""), 31)",22.86531593988182
"(Date(""2025-12-05""), 6)",21.004934448770552
"(Date(""2025-12-05""), 80)",
"(Date(""2025-12-05""), 17)",21.004934448770552
"(Date(""2025-12-05""), 103)",16.249589021266694
"(Date(""2025-12-05""), 66)",16.249589021266694
"(Date(""2025-12-06""), 3)",20.842611694778544
"(Date(""2025-12-06""), 31)",19.139906789599
"(Date(""2025-12-06""), 6)",19.139906789599
"(Date(""2025-12-06""), 80)",
"(Date(""2025-12-06""), 17)",20.842611694778544
"(Date(""2025-12-06""), 103)",14.787600542777865
"(Date(""2025-12-06""), 66)",24.692051454854376
"(Date(""2025-12-07""), 3)",19.056093592903967
"(Date(""2025-12-07""), 31)",20.75171260922503
"(Date(""2025-12-07""), 6)",26.748197914998453
"(Date(""2025-12-07""), 80)",
"(Date(""2025-12-07""), 17)",24.585132739461077
"(Date(""2025-12-07""), 103)",22.590685755561058
"(Date(""2025-12-07""), 66)",24.585132739461077
"(Date(""2025-12-08""), 6)",17.17524810544948
"(Date(""2025-12-08""), 3)",14.452050900691411
"(Date(""2025-12-08""), 31)",14.452050900691411
"(Date(""2025-12-08""), 80)",
"(Date(""2025-12-08""), 17)",14.452050900691411
"(Date(""2025-12-08""), 103)",17.17524810544948
"(Date(""2025-12-08""), 66)",15.758426503049158
"(Date(""2025-12-09""), 6)",29.00845947419161
"(Date(""2025-12-09""), 3)",24.51229235256025
"(Date(""2025-12-09""), 31)",22.523523521337406
"(Date(""2025-12-09""), 80)",
"(Date(""2025-12-09""), 17)",24.51229235256025
"(Date(""2025-12-09""), 103)",24.51229235256025
"(Date(""2025-12-09""), 66)",24.51229235256025
"(Date(""2025-12-10""), 80)",24.5334268645323
"(Date(""2025-12-10""), 6)",29.03331863373932
"(Date(""2025-12-10""), 3)",24.5334268645323
"(Date(""2025-12-10""), 31)",26.692120627243014
"(Date(""2025-12-10""), 17)",24.5334268645323
"(Date(""2025-12-10""), 103)",24.5334268645323
"(Date(""2025-12-10""), 66)",29.03331863373932
"(Date(""2025-12-11""), 80)",13.849035240336828
"(Date(""2025-12-11""), 6)",13.849035240336828
"(Date(""2025-12-11""), 3)",13.849035240336828
"(Date(""2025-12-11""), 31)",15.104429587740807
"(Date(""2025-12-11""), 17)",13.849035240336828
"(Date(""2025-12-11""), 103)",15.104429587740807
"(Date(""2025-12-11""), 66)",13.849035240336828
"(Date(""2025-12-12""), 3)",11.184534185454401
"(Date(""2025-12-12""), 80)",12.214661402111409
"(Date(""2025-12-12""), 31)",12.214661402111409
"(Date(""2025-12-12""), 6)",13.331879521575704
"(Date(""2025-12-12""), 17)",11.184534185454401
"(Date(""2025-12-12""), 103)",14.543551542542147
"(Date(""2025-12-12""), 66)",12.214661402111409
"(Date(""2025-12-13""), 3)",27.331359074740536
"(Date(""2025-12-13""), 80)",32.324345334957854
"(Date(""2025-12-13""), 31)",29.726600749437704
"(Date(""2025-12-13""), 6)",29.726600749437704
"(Date(""2025-12-13""), 17)",35.141713203464256
"(Date(""2025-12-13""), 103)",27.331359074740536
"(Date(""2025-12-13""), 66)",32.324345334957854
"(Date(""2025-12-14""), 3)",16.91650467174203
"(Date(""2025-12-14""), 80)",20.074025686569883
"(Date(""2025-12-14""), 31)",18.431234640800387
"(Date(""2025-12-14""), 6)",18.431234640800387
"(Date(""2025-12-14""), 17)",16.91650467174203
"(Date(""2025-12-14""), 103)",20.074025686569883
"(Date(""2025-12-14""), 66)",18.431234640800387
"(Date(""2025-12-15""), 3)",15.308041631222785
"(Date(""2025-12-15""), 80)",18.18209464014971
"(Date(""2025-12-15""), 31)",19.803822435447596
"(Date(""2025-12-15""), 6)",19.803822435447596
"(Date(""2025-12-15""), 17)",15.308041631222785
"(Date(""2025-12-15""), 103)",16.68678597048138
"(Date(""2025-12-15""), 66)",21.562657313750744
"(Date(""2025-12-16""), 3)",16.670225747783743
"(Date(""2025-12-16""), 80)",16.670225747783743
"(Date(""2025-12-16""), 31)",16.670225747783743
"(Date(""2025-12-16""), 6)",19.78434371652896
"(Date(""2025-12-16""), 17)",18.164134352758985
"(Date(""2025-12-16""), 103)",15.292772333475522
"(Date(""2025-12-16""), 66)",16.670225747783743
"(Date(""2025-12-17""), 3)",17.582731483295177
"(Date(""2025-12-17""), 80)",16.134145183708807
"(Date(""2025-12-17""), 31)",16.134145183708807
"(Date(""2025-12-17""), 6)",14.798481048941738
"(Date(""2025-12-17""), 17)",14.798481048941738
"(Date(""2025-12-17""), 103)",12.431394823637214
"(Date(""2025-12-17""), 66)",14.798481048941738
"(Date(""2025-12-18""), 6)",21.12599040799038
"(Date(""2025-12-18""), 3)",19.401195180840556
"(Date(""2025-12-18""), 31)",17.810853531620715
"(Date(""2025-12-18""), 80)",19.401195180840556
"(Date(""2025-12-18""), 17)",22.99660643383501
"(Date(""2025-12-18""), 66)",17.810853531620715
"(Date(""2025-12-18""), 103)",17.810853531620715
"(Date(""2025-12-19""), 3)",10.089206620517983
"(Date(""2025-12-19""), 6)",11.02673064704708
"(Date(""2025-12-19""), 31)",11.02673064704708
"(Date(""2025-12-19""), 80)",13.146265425369059
"(Date(""2025-12-19""), 17)",11.02673064704708
"(Date(""2025-12-19""), 66)",13.146265425369059
"(Date(""2025-12-19""), 103)",10.089206620517983
"(Date(""2025-12-20""), 3)",11.914654663829715
"(Date(""2025-12-20""), 6)",10.907913979515875
"(Date(""2025-12-20""), 31)",11.914654663829715
"(Date(""2025-12-20""), 80)",10.907913979515875
"(Date(""2025-12-20""), 66)",13.006509063878838
"(Date(""2025-12-20""), 103)",9.979652111077096
"(Date(""2025-12-20""), 17)",
"(Date(""2025-12-21""), 3)",11.441943231531399
"(Date(""2025-12-21""), 6)",11.441943231531399
"(Date(""2025-12-21""), 31)",10.472051990212565
"(Date(""2025-12-21""), 80)",12.493832795451068
"(Date(""2025-12-21""), 66)",12.493832795451068
"(Date(""2025-12-21""), 103)",9.577767026987253
"(Date(""2025-12-21""), 17)",
"(Date(""2025-12-22""), 3)",16.14091693147785
"(Date(""2025-12-22""), 6)",19.161751989217798
"(Date(""2025-12-22""), 31)",20.86630377129376
"(Date(""2025-12-22""), 80)",19.161751989217798
"(Date(""2025-12-22""), 17)",19.161751989217798
"(Date(""2025-12-22""), 66)",22.714964893635997
"(Date(""2025-12-22""), 103)",20.86630377129376
"(Date(""2025-12-23""), 3)",20.71802638216448
"(Date(""2025-12-23""), 6)",22.554151565764037
"(Date(""2025-12-23""), 31)",22.554151565764037
"(Date(""2025-12-23""), 80)",24.545509809243157
"(Date(""2025-12-23""), 17)",24.545509809243157
"(Date(""2025-12-23""), 66)",24.545509809243157
"(Date(""2025-12-23""), 103)",22.554151565764037
"(Date(""2025-12-24""), 3)",14.515077892807096
"(Date(""2025-12-24""), 6)",17.249382679973284
"(Date(""2025-12-24""), 31)",17.249382679973284
"(Date(""2025-12-24""), 80)",17.249382679973284
"(Date(""2025-12-24""), 17)",17.249382679973284
"(Date(""2025-12-24""), 66)",18.792255431585854
"(Date(""2025-12-24""), 103)",18.792255431585854
"(Date(""2025-12-25""), 3)",15.549052220233502
"(Date(""2025-12-25""), 6)",15.549052220233502
"(Date(""2025-12-25""), 31)",15.549052220233502
"(Date(""2025-12-25""), 80)",15.549052220233502
"(Date(""2025-12-25""), 17)",15.549052220233502
"(Date(""2025-12-25""), 66)",16.94817251834811
"(Date(""2025-12-25""), 103)",15.549052220233502
"(Date(""2025-12-26""), 3)",15.528178534408955
"(Date(""2025-12-26""), 6)",20.08464640860979
"(Date(""2025-12-26""), 31)",15.528178534408955
"(Date(""2025-12-26""), 80)",14.239751534127254
"(Date(""2025-12-26""), 17)",18.44102744190452
"(Date(""2025-12-26""), 66)",20.08464640860979
"(Date(""2025-12-26""), 103)",14.239751534127254
"(Date(""2025-12-27""), 3)",21.607679461412285
"(Date(""2025-12-27""), 6)",21.607679461412285
"(Date(""2025-12-27""), 31)",23.51901932588244
"(Date(""2025-12-27""), 80)",23.51901932588244
"(Date(""2025-12-27""), 17)",21.607679461412285
"(Date(""2025-12-27""), 66)",23.51901932588244
"(Date(""2025-12-27""), 103)",19.84533495556385
"(Date(""2025-12-28""), 3)",20.271393915399376
"(Date(""2025-12-28""), 6)",20.271393915399376
"(Date(""2025-12-28""), 31)",22.069759078561987
"(Date(""2025-12-28""), 80)",22.069759078561987
"(Date(""2025-12-28""), 17)",20.271393915399376
"(Date(""2025-12-28""), 66)",24.020164924763034
"(Date(""2025-12-28""), 103)",24.020164924763034
"(Date(""2025-12-29""), 3)",14.070668298881667
"(Date(""2025-12-29""), 6)",14.070668298881667
"(Date(""2025-12-29""), 31)",14.070668298881667
"(Date(""2025-12-29""), 80)",14.070668298881667
"(Date(""2025-12-29""), 66)",15.344800354452644
"(Date(""2025-12-29""), 103)",11.812630249153719
"(Date(""2025-12-29""), 17)",18.2253315488964
"(Date(""2025-12-30""), 3)",10.17422935411104
"(Date(""2025-12-30""), 6)",9.303160665132127
"(Date(""2025-12-30""), 31)",9.303160665132127
"(Date(""2025-12-30""), 80)",9.303160665132127
"(Date(""2025-12-30""), 66)",9.303160665132127
"(Date(""2025-12-30""), 103)",9.303160665132127
"(Date(""2025-12-30""), 17)",9.303160665132127
"(Date(""2025-12-31""), 3)",12.294575173244576
"(Date(""2025-12-31""), 6)",14.637548943063425
"(Date(""2025-12-31""), 31)",14.637548943063425
"(Date(""2025-12-31""), 80)",17.39343745551406
"(Date(""2025-12-31""), 66)",20.635010874257276
"(Date(""2025-12-31""), 103)",18.948489149933582
"(Date(""2025-12-31""), 17)",20.635010874257276
