ID,PM
"(Date(""2025-01-01""), 3)",16.67277400938437
"(Date(""2025-01-01""), 6)",16.67277400938437
"(Date(""2025-01-01""), 17)",16.67277400938437
"(Date(""2025-01-01""), 31)",16.67277400938437
"(Date(""2025-01-01""), 66)",16.67277400938437
"(Date(""2025-01-01""), 80)",16.67277400938437
"(Date(""2025-01-01""), 103)",18.42083002041711
"(Date(""2025-01-02""), 3)",10.759175981301057
"(Date(""2025-01-02""), 6)",7.861101276165483
"(Date(""2025-01-02""), 17)",7.861101276165483
"(Date(""2025-01-02""), 31)",7.861101276165483
"(Date(""2025-01-02""), 66)",7.861101276165483
"(Date(""2025-01-02""), 80)",7.861101276165483
"(Date(""2025-01-02""), 103)",8.737573828915028
"(Date(""2025-01-03""), 3)",11.86050201513744
"(Date(""2025-01-03""), 6)",9.649563204806773
"(Date(""2025-01-03""), 17)",9.649563204806773
"(Date(""2025-01-03""), 31)",9.649563204806773
"(Date(""2025-01-03""), 66)",8.69100309406668
"(Date(""2025-01-03""), 80)",8.69100309406668
"(Date(""2025-01-03""), 103)",10.702936770561099
"(Date(""2025-01-04""), 3)",14.170648725262899
"(Date(""2025-01-04""), 6)",14.170648725262899
"(Date(""2025-01-04""), 17)",14.170648725262899
"(Date(""2025-01-04""), 31)",15.671213587427726
"(Date(""2025-01-04""), 66)",14.170648725262899
"(Date(""2025-01-04""), 80)",14.170648725262899
"(Date(""2025-01-04""), 103)",15.671213587427726
"(Date(""2025-01-05""), 3)",13.932932940240562
"(Date(""2025-01-05""), 6)",13.932932940240562
"(Date(""2025-01-05""), 17)",12.588829564581868
"(Date(""2025-01-05""), 31)",13.932932940240562
"(Date(""2025-01-05""), 66)",12.588829564581868
"(Date(""2025-01-05""), 80)",12.588829564581868
"(Date(""2025-01-05""), 103)",13.932932940240562
"(Date(""2025-01-06""), 3)",14.423653628608415
"(Date(""2025-01-06""), 6)",17.625733727930808
"(Date(""2025-01-06""), 17)",15.949243806090411
"(Date(""2025-01-06""), 31)",17.625733727930808
"(Date(""2025-01-06""), 66)",15.949243806090411
"(Date(""2025-01-06""), 80)",17.625733727930808
"(Date(""2025-01-06""), 103)",19.468049245897355
"(Date(""2025-01-07""), 3)",17.529721675158015
"(Date(""2025-01-07""), 6)",15.861873734417529
"(Date(""2025-01-07""), 17)",14.344147679056556
"(Date(""2025-01-07""), 31)",15.861873734417529
"(Date(""2025-01-07""), 66)",14.344147679056556
"(Date(""2025-01-07""), 80)",15.861873734417529
"(Date(""2025-01-07""), 103)",19.362540413168457
"(Date(""2025-01-08""), 3)",17.045555424209578
"(Date(""2025-01-08""), 6)",15.421286966138982
"(Date(""2025-01-08""), 17)",13.9432178331578
"(Date(""2025-01-08""), 31)",15.421286966138982
"(Date(""2025-01-08""), 66)",15.421286966138982
"(Date(""2025-01-08""), 80)",13.9432178331578
"(Date(""2025-01-08""), 103)",17.045555424209578
"(Date(""2025-01-09""), 3)",14.627472560281536
"(Date(""2025-01-09""), 6)",11.94084449939905
"(Date(""2025-01-09""), 17)",10.77604768117693
"(Date(""2025-01-09""), 31)",11.94084449939905
"(Date(""2025-01-09""), 66)",11.94084449939905
"(Date(""2025-01-09""), 80)",10.77604768117693
"(Date(""2025-01-09""), 103)",13.220854134728649
"(Date(""2025-01-10""), 3)",11.688395443820601
"(Date(""2025-01-10""), 6)",12.943434744054583
"(Date(""2025-01-10""), 17)",10.546321397417168
"(Date(""2025-01-10""), 31)",14.322612959418207
"(Date(""2025-01-10""), 66)",12.943434744054583
"(Date(""2025-01-10""), 80)",12.943434744054583
"(Date(""2025-01-10""), 103)",11.688395443820601
"(Date(""2025-01-11""), 3)",26.243543184370793
"(Date(""2025-01-11""), 6)",31.89953167881513
"(Date(""2025-01-11""), 17)",23.791369957211955
"(Date(""2025-01-11""), 31)",31.89953167881513
"(Date(""2025-01-11""), 66)",31.89953167881513
"(Date(""2025-01-11""), 80)",28.938266683917675
"(Date(""2025-01-11""), 103)",28.938266683917675
"(Date(""2025-01-12""), 3)",19.605742891425688
"(Date(""2025-01-12""), 6)",17.751033659879763
"(Date(""2025-01-12""), 17)",13.129800298693956
"(Date(""2025-01-12""), 31)",21.643905813897565
"(Date(""2025-01-12""), 66)",16.0632655743875
"(Date(""2025-01-12""), 80)",17.751033659879763
"(Date(""2025-01-12""), 103)",16.0632655743875
"(Date(""2025-01-13""), 3)",34.223650292623
"(Date(""2025-01-13""), 6)",34.223650292623
"(Date(""2025-01-13""), 17)",41.53637608012993
"(Date(""2025-01-13""), 31)",45.74374996806269
"(Date(""2025-01-13""), 66)",45.74374996806269
"(Date(""2025-01-13""), 80)",41.53637608012993
"(Date(""2025-01-13""), 103)",41.53637608012993
"(Date(""2025-01-14""), 3)",13.135291337609694
"(Date(""2025-01-14""), 6)",11.86298315281889
"(Date(""2025-01-14""), 17)",10.705194582687787
"(Date(""2025-01-14""), 31)",13.135291337609694
"(Date(""2025-01-14""), 66)",13.135291337609694
"(Date(""2025-01-14""), 80)",11.86298315281889
"(Date(""2025-01-14""), 103)",13.135291337609694
"(Date(""2025-01-15""), 3)",16.92079234087699
"(Date(""2025-01-15""), 6)",16.92079234087699
"(Date(""2025-01-15""), 17)",13.839903643710679
"(Date(""2025-01-15""), 31)",15.30775372507087
"(Date(""2025-01-15""), 66)",18.693380433572845
"(Date(""2025-01-15""), 80)",20.641299420494853
"(Date(""2025-01-15""), 103)",20.641299420494853
"(Date(""2025-01-16""), 3)",30.483523979260905
"(Date(""2025-01-16""), 6)",30.483523979260905
"(Date(""2025-01-16""), 17)",40.78039359277568
"(Date(""2025-01-16""), 31)",30.483523979260905
"(Date(""2025-01-16""), 66)",27.649712896903328
"(Date(""2025-01-16""), 80)",30.483523979260905
"(Date(""2025-01-16""), 103)",25.070971267882136
"(Date(""2025-01-17""), 3)",28.197478958278605
"(Date(""2025-01-17""), 6)",25.5694332698933
"(Date(""2025-01-17""), 17)",25.5694332698933
"(Date(""2025-01-17""), 31)",28.197478958278605
"(Date(""2025-01-17""), 66)",25.5694332698933
"(Date(""2025-01-17""), 80)",25.5694332698933
"(Date(""2025-01-17""), 103)",28.197478958278605
"(Date(""2025-01-18""), 3)",23.887082190152817
"(Date(""2025-01-18""), 6)",14.52954266168248
"(Date(""2025-01-18""), 17)",14.52954266168248
"(Date(""2025-01-18""), 31)",16.065606574678167
"(Date(""2025-01-18""), 66)",23.887082190152817
"(Date(""2025-01-18""), 80)",16.065606574678167
"(Date(""2025-01-18""), 103)",11.859750414304752
"(Date(""2025-01-19""), 3)",25.118615559672055
"(Date(""2025-01-19""), 6)",13.831045727432066
"(Date(""2025-01-19""), 17)",13.831045727432066
"(Date(""2025-01-19""), 31)",13.831045727432066
"(Date(""2025-01-19""), 66)",12.496113152125883
"(Date(""2025-01-19""), 80)",13.831045727432066
"(Date(""2025-01-19""), 103)",13.831045727432066
"(Date(""2025-01-20""), 3)",24.83353715383373
"(Date(""2025-01-20""), 6)",15.120130687371546
"(Date(""2025-01-20""), 17)",15.120130687371546
"(Date(""2025-01-20""), 31)",15.120130687371546
"(Date(""2025-01-20""), 66)",18.46680527663784
"(Date(""2025-01-20""), 80)",15.120130687371546
"(Date(""2025-01-20""), 103)",22.50827763297279
"(Date(""2025-01-21""), 3)",23.35012213972368
"(Date(""2025-01-21""), 6)",25.758650498266764
"(Date(""2025-01-21""), 17)",23.35012213972368
"(Date(""2025-01-21""), 31)",19.163922408823684
"(Date(""2025-01-21""), 66)",23.35012213972368
"(Date(""2025-01-21""), 80)",23.35012213972368
"(Date(""2025-01-21""), 103)",21.158383819014595
"(Date(""2025-01-22""), 3)",13.671904852459756
"(Date(""2025-01-22""), 6)",22.51266292279262
"(Date(""2025-01-22""), 17)",20.396303749968165
"(Date(""2025-01-22""), 31)",20.396303749968165
"(Date(""2025-01-22""), 66)",20.396303749968165
"(Date(""2025-01-22""), 80)",18.470436660626785
"(Date(""2025-01-22""), 103)",18.470436660626785
"(Date(""2025-01-23""), 3)",21.473936381305755
"(Date(""2025-01-23""), 6)",23.696886754690713
"(Date(""2025-01-23""), 17)",23.696886754690713
"(Date(""2025-01-23""), 31)",35.01591586066874
"(Date(""2025-01-23""), 66)",28.824167974604165
"(Date(""2025-01-23""), 80)",26.139714424099463
"(Date(""2025-01-23""), 103)",17.610284860716167
"(Date(""2025-01-24""), 3)",16.929475236188235
"(Date(""2025-01-24""), 6)",18.702922174662007
"(Date(""2025-01-24""), 17)",15.315655078742239
"(Date(""2025-01-24""), 31)",18.702922174662007
"(Date(""2025-01-24""), 66)",20.65178495783569
"(Date(""2025-01-24""), 80)",15.315655078742239
"(Date(""2025-01-24""), 103)",18.702922174662007
"(Date(""2025-01-25""), 3)",26.61642979676337
"(Date(""2025-01-25""), 6)",26.61642979676337
"(Date(""2025-01-25""), 17)",26.61642979676337
"(Date(""2025-01-25""), 31)",32.34983268533228
"(Date(""2025-01-25""), 66)",29.34803639592327
"(Date(""2025-01-25""), 80)",29.34803639592327
"(Date(""2025-01-25""), 103)",29.34803639592327
"(Date(""2025-01-26""), 3)",18.742890635422494
"(Date(""2025-01-26""), 6)",16.96584616234229
"(Date(""2025-01-26""), 17)",15.34875228199034
"(Date(""2025-01-26""), 31)",16.96584616234229
"(Date(""2025-01-26""), 66)",22.841680632205414
"(Date(""2025-01-26""), 80)",16.96584616234229
"(Date(""2025-01-26""), 103)",15.34875228199034
"(Date(""2025-01-27""), 3)",11.815112492052146
"(Date(""2025-01-27""), 6)",10.661632728301482
"(Date(""2025-01-27""), 17)",10.661632728301482
"(Date(""2025-01-27""), 31)",13.082685676199532
"(Date(""2025-01-27""), 66)",13.082685676199532
"(Date(""2025-01-27""), 80)",11.815112492052146
"(Date(""2025-01-27""), 103)",10.661632728301482
"(Date(""2025-01-28""), 3)",13.140601014898962
"(Date(""2025-01-28""), 6)",14.539281413945771
"(Date(""2025-01-28""), 17)",13.140601014898962
"(Date(""2025-01-28""), 31)",14.539281413945771
"(Date(""2025-01-28""), 66)",14.539281413945771
"(Date(""2025-01-28""), 80)",14.539281413945771
"(Date(""2025-01-28""), 103)",14.539281413945771
"(Date(""2025-01-29""), 3)",31.902865475722933
"(Date(""2025-01-29""), 6)",28.94130040798008
"(Date(""2025-01-29""), 17)",26.246303844945295
"(Date(""2025-01-29""), 31)",26.246303844945295
"(Date(""2025-01-29""), 66)",28.94130040798008
"(Date(""2025-01-29""), 80)",23.793882132561748
"(Date(""2025-01-29""), 103)",23.793882132561748
"(Date(""2025-01-30""), 3)",14.803594834604775
"(Date(""2025-01-30""), 6)",18.084553920964122
"(Date(""2025-01-30""), 17)",24.326268269259682
"(Date(""2025-01-30""), 31)",24.326268269259682
"(Date(""2025-01-30""), 66)",24.326268269259682
"(Date(""2025-01-30""), 80)",19.972252432907133
"(Date(""2025-01-30""), 103)",18.084553920964122
"(Date(""2025-01-31""), 3)",25.456016933644825
"(Date(""2025-01-31""), 6)",28.07284434309874
"(Date(""2025-01-31""), 17)",25.456016933644825
"(Date(""2025-01-31""), 31)",37.581287162018725
"(Date(""2025-01-31""), 66)",30.948508360801153
"(Date(""2025-01-31""), 80)",30.948508360801153
"(Date(""2025-01-31""), 103)",30.948508360801153
"(Date(""2025-02-01""), 3)",11.504207938531414
"(Date(""2025-02-01""), 6)",12.741028815579146
"(Date(""2025-02-01""), 17)",11.504207938531414
"(Date(""2025-02-01""), 31)",14.100186580290694
"(Date(""2025-02-01""), 66)",15.593781864504518
"(Date(""2025-02-01""), 80)",11.504207938531414
"(Date(""2025-02-01""), 103)",15.593781864504518
"(Date(""2025-02-02""), 3)",23.4603185011363
"(Date(""2025-02-02""), 6)",25.879746643259423
"(Date(""2025-02-02""), 17)",31.460207918761675
"(Date(""2025-02-02""), 31)",28.538486163712548
"(Date(""2025-02-02""), 66)",28.538486163712548
"(Date(""2025-02-02""), 80)",25.879746643259423
"(Date(""2025-02-02""), 103)",25.879746643259423
"(Date(""2025-02-03""), 3)",38.85838419906928
"(Date(""2025-02-03""), 6)",38.85838419906928
"(Date(""2025-02-03""), 17)",35.270757510818235
"(Date(""2025-02-03""), 31)",47.13331969154254
"(Date(""2025-02-03""), 66)",38.85838419906928
"(Date(""2025-02-03""), 80)",38.85838419906928
"(Date(""2025-02-03""), 103)",38.85838419906928
"(Date(""2025-02-04""), 3)",15.615723013016815
"(Date(""2025-02-04""), 6)",19.065286733583495
"(Date(""2025-02-04""), 17)",15.615723013016815
"(Date(""2025-02-04""), 31)",15.615723013016815
"(Date(""2025-02-04""), 66)",17.25922360183982
"(Date(""2025-02-04""), 80)",15.615723013016815
"(Date(""2025-02-04""), 103)",19.065286733583495
"(Date(""2025-02-05""), 3)",16.258087321791034
"(Date(""2025-02-05""), 6)",16.258087321791034
"(Date(""2025-02-05""), 17)",17.96512568858989
"(Date(""2025-02-05""), 31)",19.84101127069076
"(Date(""2025-02-05""), 66)",16.258087321791034
"(Date(""2025-02-05""), 80)",14.704698344591344
"(Date(""2025-02-05""), 103)",16.258087321791034
"(Date(""2025-02-06""), 3)",24.5017492291666
"(Date(""2025-02-06""), 6)",36.18966133911968
"(Date(""2025-02-06""), 17)",29.79612666209603
"(Date(""2025-02-06""), 31)",39.86817898539296
"(Date(""2025-02-06""), 66)",39.86817898539296
"(Date(""2025-02-06""), 80)",36.18966133911968
"(Date(""2025-02-06""), 103)",36.18966133911968
"(Date(""2025-02-07""), 3)",15.320019367087301
"(Date(""2025-02-07""), 6)",16.934271206649047
"(Date(""2025-02-07""), 17)",13.851065263435919
"(Date(""2025-02-07""), 31)",13.851065263435919
"(Date(""2025-02-07""), 66)",16.934271206649047
"(Date(""2025-02-07""), 80)",15.320019367087301
"(Date(""2025-02-07""), 103)",15.320019367087301
"(Date(""2025-02-08""), 3)",14.564887705177531
"(Date(""2025-02-08""), 6)",17.796289185595338
"(Date(""2025-02-08""), 17)",26.41096788940908
"(Date(""2025-02-08""), 31)",19.655474748571606
"(Date(""2025-02-08""), 66)",23.943724875751425
"(Date(""2025-02-08""), 80)",19.655474748571606
"(Date(""2025-02-08""), 103)",16.104447680291646
"(Date(""2025-02-09""), 3)",18.155913353342477
"(Date(""2025-02-09""), 6)",20.0506701960629
"(Date(""2025-02-09""), 17)",39.73871906133267
"(Date(""2025-02-09""), 31)",24.420966218996448
"(Date(""2025-02-09""), 66)",26.935414306307514
"(Date(""2025-02-09""), 80)",20.0506701960629
"(Date(""2025-02-09""), 103)",26.935414306307514
"(Date(""2025-02-10""), 3)",17.485156388549605
"(Date(""2025-02-10""), 6)",17.485156388549605
"(Date(""2025-02-10""), 17)",15.821319739656964
"(Date(""2025-02-10""), 31)",17.485156388549605
"(Date(""2025-02-10""), 66)",19.313567068317585
"(Date(""2025-02-10""), 80)",15.821319739656964
"(Date(""2025-02-10""), 103)",19.313567068317585
"(Date(""2025-02-11""), 3)",17.139309761221636
"(Date(""2025-02-11""), 6)",18.93351193045952
"(Date(""2025-02-11""), 17)",20.905182893519974
"(Date(""2025-02-11""), 31)",18.93351193045952
"(Date(""2025-02-11""), 66)",23.071876509896004
"(Date(""2025-02-11""), 80)",17.139309761221636
"(Date(""2025-02-11""), 103)",18.93351193045952
"(Date(""2025-02-12""), 3)",11.47998255137818
"(Date(""2025-02-12""), 6)",15.56163342359726
"(Date(""2025-02-12""), 17)",15.56163342359726
"(Date(""2025-02-12""), 31)",15.56163342359726
"(Date(""2025-02-12""), 66)",14.070931799196856
"(Date(""2025-02-12""), 80)",14.070931799196856
"(Date(""2025-02-12""), 103)",17.199783882787592
"(Date(""2025-02-13""), 3)",18.15315398881992
"(Date(""2025-02-13""), 6)",20.047637896248027
"(Date(""2025-02-13""), 17)",24.417304388259385
"(Date(""2025-02-13""), 31)",24.417304388259385
"(Date(""2025-02-13""), 66)",24.417304388259385
"(Date(""2025-02-13""), 80)",20.047637896248027
"(Date(""2025-02-13""), 103)",26.931390275203494
"(Date(""2025-02-14""), 3)",13.905984629554027
"(Date(""2025-02-14""), 6)",20.73766651525315
"(Date(""2025-02-14""), 17)",13.905984629554027
"(Date(""2025-02-14""), 31)",15.380370938020224
"(Date(""2025-02-14""), 66)",18.78107359013792
"(Date(""2025-02-14""), 80)",15.380370938020224
"(Date(""2025-02-14""), 103)",25.250588746927964
"(Date(""2025-02-15""), 3)",21.889972207143238
"(Date(""2025-02-15""), 6)",32.380859751844504
"(Date(""2025-02-15""), 17)",39.31100673799003
"(Date(""2025-02-15""), 31)",26.64212278335849
"(Date(""2025-02-15""), 66)",32.380859751844504
"(Date(""2025-02-15""), 80)",24.154073671227028
"(Date(""2025-02-15""), 103)",35.68263979563771
"(Date(""2025-02-16""), 3)",12.636237719931058
"(Date(""2025-02-16""), 6)",15.467235256833096
"(Date(""2025-02-16""), 17)",20.852940314703318
"(Date(""2025-02-16""), 31)",17.096048569361844
"(Date(""2025-02-16""), 66)",18.885971671463196
"(Date(""2025-02-16""), 80)",13.985030348724893
"(Date(""2025-02-16""), 103)",15.467235256833096
"(Date(""2025-02-17""), 3)",16.372789763046832
"(Date(""2025-02-17""), 6)",14.809076495293828
"(Date(""2025-02-17""), 17)",13.386112020169852
"(Date(""2025-02-17""), 31)",16.372789763046832
"(Date(""2025-02-17""), 66)",13.386112020169852
"(Date(""2025-02-17""), 80)",14.809076495293828
"(Date(""2025-02-17""), 103)",14.809076495293828
"(Date(""2025-02-18""), 3)",12.375333314942901
"(Date(""2025-02-18""), 6)",11.171428447016446
"(Date(""2025-02-18""), 17)",10.075886256631472
"(Date(""2025-02-18""), 31)",10.075886256631472
"(Date(""2025-02-18""), 66)",10.075886256631472
"(Date(""2025-02-18""), 80)",11.171428447016446
"(Date(""2025-02-18""), 103)",12.375333314942901
"(Date(""2025-02-19""), 3)",11.262561647222615
"(Date(""2025-02-19""), 6)",11.262561647222615
"(Date(""2025-02-19""), 17)",10.158816618016768
"(Date(""2025-02-19""), 31)",13.808372488335767
"(Date(""2025-02-19""), 66)",11.262561647222615
"(Date(""2025-02-19""), 80)",11.262561647222615
"(Date(""2025-02-19""), 103)",11.262561647222615
"(Date(""2025-02-20""), 3)",22.421915849395734
"(Date(""2025-02-20""), 6)",22.421915849395734
"(Date(""2025-02-20""), 17)",22.421915849395734
"(Date(""2025-02-20""), 31)",20.3137247603745
"(Date(""2025-02-20""), 66)",22.421915849395734
"(Date(""2025-02-20""), 80)",18.395290551038386
"(Date(""2025-02-20""), 103)",18.395290551038386
"(Date(""2025-02-21""), 3)",15.005724540167428
"(Date(""2025-02-21""), 6)",18.32864745191141
"(Date(""2025-02-21""), 17)",13.56505990513588
"(Date(""2025-02-21""), 31)",16.588888732643206
"(Date(""2025-02-21""), 66)",13.56505990513588
"(Date(""2025-02-21""), 80)",13.56505990513588
"(Date(""2025-02-21""), 103)",18.32864745191141
"(Date(""2025-02-22""), 3)",20.07335321859585
"(Date(""2025-02-22""), 6)",24.448358427614245
"(Date(""2025-02-22""), 17)",20.07335321859585
"(Date(""2025-02-22""), 31)",22.157768588068787
"(Date(""2025-02-22""), 66)",26.965515943275626
"(Date(""2025-02-22""), 80)",20.07335321859585
"(Date(""2025-02-22""), 103)",18.176554692083055
"(Date(""2025-02-23""), 3)",22.325045723915807
"(Date(""2025-02-23""), 6)",18.315074046057344
"(Date(""2025-02-23""), 17)",33.015335316676975
"(Date(""2025-02-23""), 31)",22.325045723915807
"(Date(""2025-02-23""), 66)",33.015335316676975
"(Date(""2025-02-23""), 80)",24.632181341881243
"(Date(""2025-02-23""), 103)",27.16752121816576
"(Date(""2025-02-24""), 3)",23.14179026446625
"(Date(""2025-02-24""), 6)",14.064480398982338
"(Date(""2025-02-24""), 17)",28.15382878849509
"(Date(""2025-02-24""), 31)",23.14179026446625
"(Date(""2025-02-24""), 66)",28.15382878849509
"(Date(""2025-02-24""), 80)",23.14179026446625
"(Date(""2025-02-24""), 103)",18.991406322708354
"(Date(""2025-02-25""), 3)",34.451279034018626
"(Date(""2025-02-25""), 6)",28.356601812249536
"(Date(""2025-02-25""), 17)",25.714233581465983
"(Date(""2025-02-25""), 31)",25.714233581465983
"(Date(""2025-02-25""), 66)",25.714233581465983
"(Date(""2025-02-25""), 80)",25.714233581465983
"(Date(""2025-02-25""), 103)",25.714233581465983
"(Date(""2025-02-26""), 3)",22.305078360276642
"(Date(""2025-02-26""), 6)",22.305078360276642
"(Date(""2025-02-26""), 17)",24.61023895892619
"(Date(""2025-02-26""), 31)",16.561490696947228
"(Date(""2025-02-26""), 66)",22.305078360276642
"(Date(""2025-02-26""), 80)",16.561490696947228
"(Date(""2025-02-26""), 103)",22.305078360276642
"(Date(""2025-02-27""), 3)",35.99714027015237
"(Date(""2025-02-27""), 6)",35.99714027015237
"(Date(""2025-02-27""), 17)",43.678057479752766
"(Date(""2025-02-27""), 31)",35.99714027015237
"(Date(""2025-02-27""), 66)",35.99714027015237
"(Date(""2025-02-27""), 80)",32.667052247535906
"(Date(""2025-02-27""), 103)",32.667052247535906
"(Date(""2025-02-28""), 3)",10.678807361089289
"(Date(""2025-02-28""), 6)",11.833985908520775
"(Date(""2025-02-28""), 17)",14.498429227996835
"(Date(""2025-02-28""), 31)",11.833985908520775
"(Date(""2025-02-28""), 66)",14.498429227996835
"(Date(""2025-02-28""), 80)",11.833985908520775
"(Date(""2025-02-28""), 103)",11.833985908520775
"(Date(""2025-03-01""), 3)",17.922810832037875
"(Date(""2025-03-01""), 6)",24.11162616246434
"(Date(""2025-03-01""), 17)",19.79451095127295
"(Date(""2025-03-01""), 31)",35.62073782721242
"(Date(""2025-03-01""), 66)",26.5954766907851
"(Date(""2025-03-01""), 80)",24.11162616246434
"(Date(""2025-03-01""), 103)",32.32452953848255
"(Date(""2025-03-02""), 3)",10.167092510597792
"(Date(""2025-03-02""), 6)",11.271656127975774
"(Date(""2025-03-02""), 17)",10.167092510597792
"(Date(""2025-03-02""), 31)",13.819355059714832
"(Date(""2025-03-02""), 66)",10.167092510597792
"(Date(""2025-03-02""), 80)",11.271656127975774
"(Date(""2025-03-02""), 103)",13.819355059714832
"(Date(""2025-03-03""), 3)",24.337227472161334
"(Date(""2025-03-03""), 6)",24.337227472161334
"(Date(""2025-03-03""), 17)",19.981327562621193
"(Date(""2025-03-03""), 31)",29.597448805848817
"(Date(""2025-03-03""), 66)",26.84339276132854
"(Date(""2025-03-03""), 80)",22.056640456104216
"(Date(""2025-03-03""), 103)",24.337227472161334
"(Date(""2025-03-04""), 3)",24.293893146703137
"(Date(""2025-03-04""), 6)",26.795772134916064
"(Date(""2025-03-04""), 17)",35.88654106118788
"(Date(""2025-03-04""), 31)",29.545117910284194
"(Date(""2025-03-04""), 66)",24.293893146703137
"(Date(""2025-03-04""), 80)",29.545117910284194
"(Date(""2025-03-04""), 103)",18.060157718351125
"(Date(""2025-03-05""), 3)",15.17872100219531
"(Date(""2025-03-05""), 6)",24.927431868722117
"(Date(""2025-03-05""), 17)",22.593720946937932
"(Date(""2025-03-05""), 31)",30.31018459466381
"(Date(""2025-03-05""), 66)",30.31018459466381
"(Date(""2025-03-05""), 80)",24.927431868722117
"(Date(""2025-03-05""), 103)",22.593720946937932
"(Date(""2025-03-06""), 3)",18.36512949472595
"(Date(""2025-03-06""), 6)",15.035934699952524
"(Date(""2025-03-06""), 17)",15.035934699952524
"(Date(""2025-03-06""), 31)",13.59255086850398
"(Date(""2025-03-06""), 66)",15.035934699952524
"(Date(""2025-03-06""), 80)",15.035934699952524
"(Date(""2025-03-06""), 103)",16.622087051014983
"(Date(""2025-03-07""), 3)",11.655042066548702
"(Date(""2025-03-07""), 6)",7.677834044329016
"(Date(""2025-03-07""), 17)",6.8967479657223665
"(Date(""2025-03-07""), 31)",7.677834044329016
"(Date(""2025-03-07""), 66)",7.677834044329016
"(Date(""2025-03-07""), 80)",7.677834044329016
"(Date(""2025-03-07""), 103)",8.536179200323138
"(Date(""2025-03-08""), 3)",12.686371243829536
"(Date(""2025-03-08""), 6)",10.333451480669503
"(Date(""2025-03-08""), 17)",10.333451480669503
"(Date(""2025-03-08""), 31)",10.333451480669503
"(Date(""2025-03-08""), 66)",9.313335040450191
"(Date(""2025-03-08""), 80)",9.313335040450191
"(Date(""2025-03-08""), 103)",11.454470058512017
"(Date(""2025-03-09""), 3)",16.764950654623146
"(Date(""2025-03-09""), 6)",20.45310369062629
"(Date(""2025-03-09""), 17)",16.764950654623146
"(Date(""2025-03-09""), 31)",16.764950654623146
"(Date(""2025-03-09""), 66)",27.469466015666683
"(Date(""2025-03-09""), 80)",15.165939245488374
"(Date(""2025-03-09""), 103)",16.764950654623146
"(Date(""2025-03-10""), 3)",23.860927903332446
"(Date(""2025-03-10""), 6)",23.860927903332446
"(Date(""2025-03-10""), 17)",29.022265444152985
"(Date(""2025-03-10""), 31)",26.31998127198839
"(Date(""2025-03-10""), 66)",26.31998127198839
"(Date(""2025-03-10""), 80)",26.31998127198839
"(Date(""2025-03-10""), 103)",21.6232122951126
"(Date(""2025-03-11""), 3)",17.243079916222552
"(Date(""2025-03-11""), 6)",23.209585297577373
"(Date(""2025-03-11""), 17)",19.047546237716265
"(Date(""2025-03-11""), 31)",34.30527534745337
"(Date(""2025-03-11""), 66)",28.235698640166415
"(Date(""2025-03-11""), 80)",25.604212823599497
"(Date(""2025-03-11""), 103)",25.604212823599497
"(Date(""2025-03-12""), 3)",16.27824703410037
"(Date(""2025-03-12""), 6)",19.865356308678958
"(Date(""2025-03-12""), 17)",19.865356308678958
"(Date(""2025-03-12""), 31)",19.865356308678958
"(Date(""2025-03-12""), 66)",17.987279445878485
"(Date(""2025-03-12""), 80)",16.27824703410037
"(Date(""2025-03-12""), 103)",17.987279445878485
"(Date(""2025-03-13""), 3)",17.603456156629584
"(Date(""2025-03-13""), 6)",23.687824683219496
"(Date(""2025-03-13""), 17)",28.81322454094631
"(Date(""2025-03-13""), 31)",35.00270047822508
"(Date(""2025-03-13""), 66)",31.762121320783848
"(Date(""2025-03-13""), 80)",28.81322454094631
"(Date(""2025-03-13""), 103)",28.81322454094631
"(Date(""2025-03-14""), 3)",36.76547425939868
"(Date(""2025-03-14""), 6)",33.36622900472927
"(Date(""2025-03-14""), 17)",33.36622900472927
"(Date(""2025-03-14""), 31)",49.11689224544541
"(Date(""2025-03-14""), 66)",40.50094692789934
"(Date(""2025-03-14""), 80)",44.60590406153002
"(Date(""2025-03-14""), 103)",30.272947557690763
"(Date(""2025-03-15""), 3)",17.336219577128432
"(Date(""2025-03-15""), 6)",17.336219577128432
"(Date(""2025-03-15""), 17)",15.685788631709592
"(Date(""2025-03-15""), 31)",31.291497090250857
"(Date(""2025-03-15""), 66)",21.14297284185576
"(Date(""2025-03-15""), 80)",19.14989856348311
"(Date(""2025-03-15""), 103)",23.333186826247065
"(Date(""2025-03-16""), 3)",15.107215774153502
"(Date(""2025-03-16""), 6)",12.338111703446996
"(Date(""2025-03-16""), 17)",13.657415980560247
"(Date(""2025-03-16""), 31)",13.657415980560247
"(Date(""2025-03-16""), 66)",15.107215774153502
"(Date(""2025-03-16""), 80)",15.107215774153502
"(Date(""2025-03-16""), 103)",11.137557128049096
"(Date(""2025-03-17""), 3)",14.204704203545242
"(Date(""2025-03-17""), 6)",17.361328562377427
"(Date(""2025-03-17""), 17)",12.836138876984025
"(Date(""2025-03-17""), 31)",14.204704203545242
"(Date(""2025-03-17""), 66)",12.836138876984025
"(Date(""2025-03-17""), 80)",14.204704203545242
"(Date(""2025-03-17""), 103)",17.361328562377427
"(Date(""2025-03-18""), 3)",15.980174053437786
"(Date(""2025-03-18""), 6)",21.533638727792834
"(Date(""2025-03-18""), 17)",17.659723359434263
"(Date(""2025-03-18""), 31)",21.533638727792834
"(Date(""2025-03-18""), 66)",26.2118114794002
"(Date(""2025-03-18""), 80)",21.533638727792834
"(Date(""2025-03-18""), 103)",21.533638727792834
"(Date(""2025-03-19""), 3)",11.161988883023875
"(Date(""2025-03-19""), 6)",15.139638076678498
"(Date(""2025-03-19""), 17)",12.364960061277733
"(Date(""2025-03-19""), 31)",15.139638076678498
"(Date(""2025-03-19""), 66)",15.139638076678498
"(Date(""2025-03-19""), 80)",12.364960061277733
"(Date(""2025-03-19""), 103)",12.364960061277733
"(Date(""2025-03-20""), 3)",13.300752020724941
"(Date(""2025-03-20""), 6)",10.842209763018404
"(Date(""2025-03-20""), 17)",9.77630032771661
"(Date(""2025-03-20""), 31)",12.013550829744128
"(Date(""2025-03-20""), 66)",9.77630032771661
"(Date(""2025-03-20""), 80)",10.842209763018404
"(Date(""2025-03-20""), 103)",10.842209763018404
"(Date(""2025-03-21""), 3)",11.957752224793971
"(Date(""2025-03-21""), 6)",10.791433553438981
"(Date(""2025-03-21""), 17)",9.730094451036424
"(Date(""2025-03-21""), 31)",10.791433553438981
"(Date(""2025-03-21""), 66)",11.957752224793971
"(Date(""2025-03-21""), 80)",10.791433553438981
"(Date(""2025-03-21""), 103)",11.957752224793971
"(Date(""2025-03-22""), 3)",13.550903235589473
"(Date(""2025-03-22""), 6)",18.309860761260094
"(Date(""2025-03-22""), 17)",18.309860761260094
"(Date(""2025-03-22""), 31)",22.318750117387065
"(Date(""2025-03-22""), 66)",22.318750117387065
"(Date(""2025-03-22""), 80)",16.571793019539495
"(Date(""2025-03-22""), 103)",14.990167600845394
"(Date(""2025-03-23""), 3)",11.803913131167189
"(Date(""2025-03-23""), 6)",11.803913131167189
"(Date(""2025-03-23""), 17)",11.803913131167189
"(Date(""2025-03-23""), 31)",14.462113089361024
"(Date(""2025-03-23""), 66)",17.672177695913152
"(Date(""2025-03-23""), 80)",11.803913131167189
"(Date(""2025-03-23""), 103)",14.462113089361024
"(Date(""2025-03-24""), 3)",15.932582385968832
"(Date(""2025-03-24""), 6)",21.47048192870328
"(Date(""2025-03-24""), 17)",21.47048192870328
"(Date(""2025-03-24""), 31)",19.447928774951475
"(Date(""2025-03-24""), 66)",26.13554279810871
"(Date(""2025-03-24""), 80)",19.447928774951475
"(Date(""2025-03-24""), 103)",17.607424287210968
"(Date(""2025-03-25""), 3)",13.070561006033575
"(Date(""2025-03-25""), 6)",14.462313581613344
"(Date(""2025-03-25""), 17)",11.804079155394751
"(Date(""2025-03-25""), 31)",14.462313581613344
"(Date(""2025-03-25""), 66)",17.672419812041806
"(Date(""2025-03-25""), 80)",13.070561006033575
"(Date(""2025-03-25""), 103)",11.804079155394751
"(Date(""2025-03-26""), 3)",14.864085450958292
"(Date(""2025-03-26""), 6)",18.157602897579444
"(Date(""2025-03-26""), 17)",14.864085450958292
"(Date(""2025-03-26""), 31)",14.864085450958292
"(Date(""2025-03-26""), 66)",18.157602897579444
"(Date(""2025-03-26""), 80)",16.433239785040715
"(Date(""2025-03-26""), 103)",14.864085450958292
"(Date(""2025-03-27""), 3)",11.861309174403614
"(Date(""2025-03-27""), 6)",11.861309174403614
"(Date(""2025-03-27""), 17)",9.650231599680577
"(Date(""2025-03-27""), 31)",11.861309174403614
"(Date(""2025-03-27""), 66)",11.861309174403614
"(Date(""2025-03-27""), 80)",10.703671277957831
"(Date(""2025-03-27""), 103)",16.067675136332515
"(Date(""2025-03-28""), 3)",12.263640771515
"(Date(""2025-03-28""), 6)",13.575578952047044
"(Date(""2025-03-28""), 17)",13.575578952047044
"(Date(""2025-03-28""), 31)",13.575578952047044
"(Date(""2025-03-28""), 66)",12.263640771515
"(Date(""2025-03-28""), 80)",13.575578952047044
"(Date(""2025-03-28""), 103)",15.017284050968055
"(Date(""2025-03-29""), 3)",12.601887715648486
"(Date(""2025-03-29""), 6)",13.947282704013416
"(Date(""2025-03-29""), 17)",15.425753903016009
"(Date(""2025-03-29""), 31)",17.05046419641221
"(Date(""2025-03-29""), 66)",15.425753903016009
"(Date(""2025-03-29""), 80)",15.425753903016009
"(Date(""2025-03-29""), 103)",13.947282704013416
"(Date(""2025-03-30""), 3)",15.775634302594717
"(Date(""2025-03-30""), 6)",15.775634302594717
"(Date(""2025-03-30""), 17)",17.43495209650563
"(Date(""2025-03-30""), 31)",19.258396950623347
"(Date(""2025-03-30""), 66)",17.43495209650563
"(Date(""2025-03-30""), 80)",17.43495209650563
"(Date(""2025-03-30""), 103)",19.258396950623347
"(Date(""2025-03-31""), 3)",21.551568831906533
"(Date(""2025-03-31""), 6)",28.927190569654474
"(Date(""2025-03-31""), 17)",21.551568831906533
"(Date(""2025-03-31""), 31)",28.927190569654474
"(Date(""2025-03-31""), 66)",26.23346402379579
"(Date(""2025-03-31""), 80)",26.23346402379579
"(Date(""2025-03-31""), 103)",23.78219801518584
"(Date(""2025-04-01""), 3)",9.015932306171937
"(Date(""2025-04-01""), 6)",11.095324017501946
"(Date(""2025-04-01""), 17)",10.006631936269835
"(Date(""2025-04-01""), 31)",10.006631936269835
"(Date(""2025-04-01""), 66)",10.006631936269835
"(Date(""2025-04-01""), 80)",9.015932306171937
"(Date(""2025-04-01""), 103)",12.291701215725368
"(Date(""2025-04-02""), 3)",12.15221359794958
"(Date(""2025-04-02""), 6)",14.88272365984024
"(Date(""2025-04-02""), 17)",13.453130252351091
"(Date(""2025-04-02""), 31)",14.88272365984024
"(Date(""2025-04-02""), 66)",14.88272365984024
"(Date(""2025-04-02""), 80)",13.453130252351091
"(Date(""2025-04-02""), 103)",14.88272365984024
"(Date(""2025-04-03""), 3)",13.157259434311316
"(Date(""2025-04-03""), 6)",11.88297391572737
"(Date(""2025-04-03""), 17)",10.723385990304523
"(Date(""2025-04-03""), 31)",14.557587557149116
"(Date(""2025-04-03""), 66)",11.88297391572737
"(Date(""2025-04-03""), 80)",11.88297391572737
"(Date(""2025-04-03""), 103)",10.723385990304523
"(Date(""2025-04-04""), 3)",10.243099217092697
"(Date(""2025-04-04""), 6)",11.355180838157969
"(Date(""2025-04-04""), 17)",10.243099217092697
"(Date(""2025-04-04""), 31)",11.355180838157969
"(Date(""2025-04-04""), 66)",15.39601458426949
"(Date(""2025-04-04""), 80)",10.243099217092697
"(Date(""2025-04-04""), 103)",13.92022020159474
"(Date(""2025-04-05""), 3)",13.907913731766557
"(Date(""2025-04-05""), 6)",13.907913731766557
"(Date(""2025-04-05""), 17)",15.382490852309946
"(Date(""2025-04-05""), 31)",17.00292189470672
"(Date(""2025-04-05""), 66)",15.382490852309946
"(Date(""2025-04-05""), 80)",15.382490852309946
"(Date(""2025-04-05""), 103)",17.00292189470672
"(Date(""2025-04-06""), 3)",14.845704995927312
"(Date(""2025-04-06""), 6)",14.845704995927312
"(Date(""2025-04-06""), 17)",13.419443613789568
"(Date(""2025-04-06""), 31)",14.845704995927312
"(Date(""2025-04-06""), 66)",13.419443613789568
"(Date(""2025-04-06""), 80)",13.419443613789568
"(Date(""2025-04-06""), 103)",13.419443613789568
"(Date(""2025-04-07""), 3)",13.246714088622204
"(Date(""2025-04-07""), 6)",13.246714088622204
"(Date(""2025-04-07""), 17)",21.831267616012045
"(Date(""2025-04-07""), 31)",16.20445164953948
"(Date(""2025-04-07""), 66)",24.08956246969345
"(Date(""2025-04-07""), 80)",17.906184784729795
"(Date(""2025-04-07""), 103)",21.831267616012045
"(Date(""2025-04-08""), 3)",16.35972134884689
"(Date(""2025-04-08""), 6)",18.076812578417947
"(Date(""2025-04-08""), 17)",16.35972134884689
"(Date(""2025-04-08""), 31)",19.963745375801132
"(Date(""2025-04-08""), 66)",22.037319173466955
"(Date(""2025-04-08""), 80)",18.076812578417947
"(Date(""2025-04-08""), 103)",18.076812578417947
"(Date(""2025-04-09""), 3)",15.639728645459673
"(Date(""2025-04-09""), 6)",12.779076564202287
"(Date(""2025-04-09""), 17)",11.538831034571887
"(Date(""2025-04-09""), 31)",14.141997722009432
"(Date(""2025-04-09""), 66)",12.779076564202287
"(Date(""2025-04-09""), 80)",9.383192931340554
"(Date(""2025-04-09""), 103)",15.639728645459673
"(Date(""2025-04-10""), 3)",16.177470348587015
"(Date(""2025-04-10""), 6)",19.7436575364196
"(Date(""2025-04-10""), 17)",14.631337651600498
"(Date(""2025-04-10""), 31)",16.177470348587015
"(Date(""2025-04-10""), 66)",16.177470348587015
"(Date(""2025-04-10""), 80)",10.778960212265284
"(Date(""2025-04-10""), 103)",17.87653469927919
"(Date(""2025-04-11""), 3)",16.672173450941237
"(Date(""2025-04-11""), 6)",15.081512856288263
"(Date(""2025-04-11""), 17)",15.081512856288263
"(Date(""2025-04-11""), 31)",22.451960552652817
"(Date(""2025-04-11""), 66)",18.42017005931337
"(Date(""2025-04-11""), 80)",12.316827553883346
"(Date(""2025-04-11""), 103)",18.42017005931337
"(Date(""2025-04-12""), 3)",15.573695722070138
"(Date(""2025-04-12""), 6)",17.21303929182371
"(Date(""2025-04-12""), 17)",15.573695722070138
"(Date(""2025-04-12""), 31)",20.994219294229357
"(Date(""2025-04-12""), 66)",17.21303929182371
"(Date(""2025-04-12""), 80)",12.72439582231466
"(Date(""2025-04-12""), 103)",19.014534223878066
"(Date(""2025-04-13""), 3)",15.442963040947248
"(Date(""2025-04-13""), 6)",17.069375531009882
"(Date(""2025-04-13""), 17)",17.069375531009882
"(Date(""2025-04-13""), 31)",18.85666033959835
"(Date(""2025-04-13""), 66)",18.85666033959835
"(Date(""2025-04-13""), 80)",11.390558744742817
"(Date(""2025-04-13""), 103)",20.82072972945411
"(Date(""2025-04-14""), 3)",14.997585384900951
"(Date(""2025-04-14""), 6)",18.318818539617734
"(Date(""2025-04-14""), 17)",24.637150493837108
"(Date(""2025-04-14""), 31)",20.229688720852284
"(Date(""2025-04-14""), 66)",24.637150493837108
"(Date(""2025-04-14""), 80)",11.054945388616245
"(Date(""2025-04-14""), 103)",24.637150493837108
"(Date(""2025-04-15""), 3)",14.90791368732934
"(Date(""2025-04-15""), 6)",16.481403176266383
"(Date(""2025-04-15""), 17)",18.210530244112807
"(Date(""2025-04-15""), 31)",22.19879775019883
"(Date(""2025-04-15""), 66)",22.19879775019883
"(Date(""2025-04-15""), 80)",9.908397952706466
"(Date(""2025-04-15""), 103)",20.110689373093685
"(Date(""2025-04-16""), 3)",14.763424280053407
"(Date(""2025-04-16""), 6)",13.344568930501515
"(Date(""2025-04-16""), 17)",12.053423808574427
"(Date(""2025-04-16""), 31)",12.053423808574427
"(Date(""2025-04-16""), 66)",12.053423808574427
"(Date(""2025-04-16""), 80)",10.878493801507389
"(Date(""2025-04-16""), 103)",12.053423808574427
"(Date(""2025-04-17""), 3)",10.247418654239027
"(Date(""2025-04-17""), 6)",13.925952335779966
"(Date(""2025-04-17""), 17)",11.359927521081556
"(Date(""2025-04-17""), 31)",12.582477279692329
"(Date(""2025-04-17""), 66)",13.925952335779966
"(Date(""2025-04-17""), 80)",8.31379628168902
"(Date(""2025-04-17""), 103)",18.807571850809584
"(Date(""2025-04-18""), 3)",22.828349408473606
"(Date(""2025-04-18""), 6)",20.683575504748553
"(Date(""2025-04-18""), 17)",20.683575504748553
"(Date(""2025-04-18""), 31)",20.683575504748553
"(Date(""2025-04-18""), 66)",25.185267988112138
"(Date(""2025-04-18""), 80)",11.312677871858446
"(Date(""2025-04-18""), 103)",16.955800447930788
"(Date(""2025-04-19""), 3)",14.604126142503725
"(Date(""2025-04-19""), 6)",24.006606973184947
"(Date(""2025-04-19""), 17)",17.843673852233742
"(Date(""2025-04-19""), 31)",17.843673852233742
"(Date(""2025-04-19""), 66)",19.707546345021033
"(Date(""2025-04-19""), 80)",11.921511727518297
"(Date(""2025-04-19""), 103)",19.707546345021033
"(Date(""2025-04-20""), 3)",9.280164382354547
"(Date(""2025-04-20""), 6)",10.296999834074644
"(Date(""2025-04-20""), 17)",9.280164382354547
"(Date(""2025-04-20""), 31)",10.296999834074644
"(Date(""2025-04-20""), 66)",12.64235192909589
"(Date(""2025-04-20""), 80)",8.35485361427268
"(Date(""2025-04-20""), 103)",11.414412893060396
"(Date(""2025-04-21""), 3)",12.565340545991837
"(Date(""2025-04-21""), 6)",17.001964062375038
"(Date(""2025-04-21""), 17)",15.381619233830257
"(Date(""2025-04-21""), 31)",18.782581042647635
"(Date(""2025-04-21""), 66)",18.782581042647635
"(Date(""2025-04-21""), 80)",11.344333253399412
"(Date(""2025-04-21""), 103)",15.381619233830257
"(Date(""2025-04-22""), 3)",15.2025819330029
"(Date(""2025-04-22""), 6)",16.805217757305098
"(Date(""2025-04-22""), 17)",12.417082799215335
"(Date(""2025-04-22""), 31)",15.2025819330029
"(Date(""2025-04-22""), 66)",15.2025819330029
"(Date(""2025-04-22""), 80)",11.209420087939073
"(Date(""2025-04-22""), 103)",15.2025819330029
"(Date(""2025-04-23""), 3)",10.992332396433842
"(Date(""2025-04-23""), 6)",10.992332396433842
"(Date(""2025-04-23""), 17)",9.912910522608152
"(Date(""2025-04-23""), 31)",10.992332396433842
"(Date(""2025-04-23""), 66)",10.992332396433842
"(Date(""2025-04-23""), 80)",8.930646694705192
"(Date(""2025-04-23""), 103)",12.178522449040026
"(Date(""2025-04-24""), 3)",17.342783042620955
"(Date(""2025-04-24""), 6)",23.341896911299504
"(Date(""2025-04-24""), 17)",21.150898937937782
"(Date(""2025-04-24""), 31)",19.157111236921217
"(Date(""2025-04-24""), 66)",25.749611692982423
"(Date(""2025-04-24""), 80)",12.82216394123661
"(Date(""2025-04-24""), 103)",23.341896911299504
"(Date(""2025-04-25""), 3)",15.061916274680783
"(Date(""2025-04-25""), 6)",18.396505062692754
"(Date(""2025-04-25""), 17)",13.61619385894763
"(Date(""2025-04-25""), 31)",16.65063852494841
"(Date(""2025-04-25""), 66)",18.396505062692754
"(Date(""2025-04-25""), 80)",12.300599957621445
"(Date(""2025-04-25""), 103)",16.65063852494841
"(Date(""2025-04-26""), 3)",16.052711909209755
"(Date(""2025-04-26""), 6)",17.739436106637665
"(Date(""2025-04-26""), 17)",16.052711909209755
"(Date(""2025-04-26""), 31)",17.739436106637665
"(Date(""2025-04-26""), 66)",17.739436106637665
"(Date(""2025-04-26""), 80)",14.51780863648838
"(Date(""2025-04-26""), 103)",19.592998196673868
"(Date(""2025-04-27""), 3)",18.0690564052062
"(Date(""2025-04-27""), 6)",18.0690564052062
"(Date(""2025-04-27""), 17)",16.35266330363437
"(Date(""2025-04-27""), 31)",18.0690564052062
"(Date(""2025-04-27""), 66)",16.35266330363437
"(Date(""2025-04-27""), 80)",14.790761605125304
"(Date(""2025-04-27""), 103)",16.35266330363437
"(Date(""2025-04-28""), 3)",20.25700166544308
"(Date(""2025-04-28""), 6)",20.25700166544308
"(Date(""2025-04-28""), 17)",15.018166994407792
"(Date(""2025-04-28""), 31)",13.576382422334214
"(Date(""2025-04-28""), 66)",16.602561899555806
"(Date(""2025-04-28""), 80)",9.984001012469838
"(Date(""2025-04-28""), 103)",20.25700166544308
"(Date(""2025-04-29""), 3)",22.281342063257593
"(Date(""2025-04-29""), 6)",16.543604262375503
"(Date(""2025-04-29""), 17)",18.278883787239035
"(Date(""2025-04-29""), 31)",20.185803927359064
"(Date(""2025-04-29""), 66)",16.543604262375503
"(Date(""2025-04-29""), 80)",11.030026097716242
"(Date(""2025-04-29""), 103)",20.185803927359064
"(Date(""2025-04-30""), 3)",9.071059537607702
"(Date(""2025-04-30""), 6)",11.161896125421698
"(Date(""2025-04-30""), 17)",10.067211932972205
"(Date(""2025-04-30""), 31)",10.067211932972205
"(Date(""2025-04-30""), 66)",11.161896125421698
"(Date(""2025-04-30""), 80)",9.071059537607702
"(Date(""2025-04-30""), 103)",12.36485812880103
"(Date(""2025-05-01""), 3)",13.884137831307296
"(Date(""2025-05-01""), 6)",13.884137831307296
"(Date(""2025-05-01""), 17)",16.974209917521588
"(Date(""2025-05-01""), 31)",15.356363221121065
"(Date(""2025-05-01""), 66)",16.974209917521588
"(Date(""2025-05-01""), 80)",11.325301640401685
"(Date(""2025-05-01""), 103)",13.884137831307296
"(Date(""2025-05-02""), 3)",16.695126732179848
"(Date(""2025-05-02""), 6)",15.102400127927904
"(Date(""2025-05-02""), 17)",15.102400127927904
"(Date(""2025-05-02""), 31)",16.695126732179848
"(Date(""2025-05-02""), 66)",16.695126732179848
"(Date(""2025-05-02""), 80)",11.133928308395147
"(Date(""2025-05-02""), 103)",13.653033787452916
"(Date(""2025-05-03""), 3)",17.35038188977473
"(Date(""2025-05-03""), 6)",19.165461704077437
"(Date(""2025-05-03""), 17)",21.160075369614322
"(Date(""2025-05-03""), 31)",17.35038188977473
"(Date(""2025-05-03""), 66)",21.160075369614322
"(Date(""2025-05-03""), 80)",14.195639449958835
"(Date(""2025-05-03""), 103)",17.35038188977473
"(Date(""2025-05-04""), 3)",16.91363487665517
"(Date(""2025-05-04""), 6)",20.63265600655592
"(Date(""2025-05-04""), 17)",18.685515007581692
"(Date(""2025-05-04""), 31)",18.685515007581692
"(Date(""2025-05-04""), 66)",18.685515007581692
"(Date(""2025-05-04""), 80)",12.49878028177353
"(Date(""2025-05-04""), 103)",16.91363487665517
"(Date(""2025-05-05""), 3)",13.543936408619732
"(Date(""2025-05-05""), 6)",13.543936408619732
"(Date(""2025-05-05""), 17)",12.234846352404945
"(Date(""2025-05-05""), 31)",13.543936408619732
"(Date(""2025-05-05""), 66)",13.543936408619732
"(Date(""2025-05-05""), 80)",9.959551389980211
"(Date(""2025-05-05""), 103)",12.234846352404945
"(Date(""2025-05-06""), 3)",18.873001146379593
"(Date(""2025-05-06""), 6)",17.084245512626136
"(Date(""2025-05-06""), 17)",15.456494585394704
"(Date(""2025-05-06""), 31)",18.873001146379593
"(Date(""2025-05-06""), 66)",18.873001146379593
"(Date(""2025-05-06""), 80)",12.627343552408625
"(Date(""2025-05-06""), 103)",20.838686844207377
"(Date(""2025-05-07""), 3)",17.080259783575546
"(Date(""2025-05-07""), 6)",15.452867609168681
"(Date(""2025-05-07""), 17)",15.452867609168681
"(Date(""2025-05-07""), 31)",15.452867609168681
"(Date(""2025-05-07""), 66)",13.971955923483915
"(Date(""2025-05-07""), 80)",12.62434011502213
"(Date(""2025-05-07""), 103)",15.452867609168681
"(Date(""2025-05-08""), 3)",12.429055671189527
"(Date(""2025-05-08""), 6)",13.757355431943042
"(Date(""2025-05-08""), 17)",15.217040473807803
"(Date(""2025-05-08""), 31)",13.757355431943042
"(Date(""2025-05-08""), 66)",13.757355431943042
"(Date(""2025-05-08""), 80)",12.429055671189527
"(Date(""2025-05-08""), 103)",16.821106426688083
"(Date(""2025-05-09""), 3)",13.311838775197725
"(Date(""2025-05-09""), 6)",14.727456707426766
"(Date(""2025-05-09""), 17)",14.727456707426766
"(Date(""2025-05-09""), 31)",14.727456707426766
"(Date(""2025-05-09""), 66)",14.727456707426766
"(Date(""2025-05-09""), 80)",12.023639672810518
"(Date(""2025-05-09""), 103)",14.727456707426766
"(Date(""2025-05-10""), 3)",17.449540422263706
"(Date(""2025-05-10""), 6)",19.274428242297176
"(Date(""2025-05-10""), 17)",17.449540422263706
"(Date(""2025-05-10""), 31)",17.449540422263706
"(Date(""2025-05-10""), 66)",23.483569912814385
"(Date(""2025-05-10""), 80)",14.277750945901548
"(Date(""2025-05-10""), 103)",17.449540422263706
"(Date(""2025-05-11""), 3)",13.858609500055115
"(Date(""2025-05-11""), 6)",13.858609500055115
"(Date(""2025-05-11""), 17)",12.521195927882689
"(Date(""2025-05-11""), 31)",13.858609500055115
"(Date(""2025-05-11""), 66)",13.858609500055115
"(Date(""2025-05-11""), 80)",10.196672608042338
"(Date(""2025-05-11""), 103)",15.328309822051384
"(Date(""2025-05-12""), 3)",21.03083017798037
"(Date(""2025-05-12""), 6)",21.03083017798037
"(Date(""2025-05-12""), 17)",17.243356142599154
"(Date(""2025-05-12""), 31)",23.209951865396867
"(Date(""2025-05-12""), 66)",28.23614131054553
"(Date(""2025-05-12""), 80)",14.107013247206686
"(Date(""2025-05-12""), 103)",23.209951865396867
"(Date(""2025-05-13""), 3)",14.597534042555306
"(Date(""2025-05-13""), 6)",14.597534042555306
"(Date(""2025-05-13""), 17)",11.916052921557966
"(Date(""2025-05-13""), 31)",21.746165510269936
"(Date(""2025-05-13""), 66)",23.996042712743034
"(Date(""2025-05-13""), 80)",9.69556396654324
"(Date(""2025-05-13""), 103)",17.83571317694216
"(Date(""2025-05-14""), 3)",19.57567988847036
"(Date(""2025-05-14""), 6)",19.57567988847036
"(Date(""2025-05-14""), 17)",13.109185452125402
"(Date(""2025-05-14""), 31)",16.038370912443337
"(Date(""2025-05-14""), 66)",16.038370912443337
"(Date(""2025-05-14""), 80)",10.683576742485656
"(Date(""2025-05-14""), 103)",14.504758463315776
"(Date(""2025-05-15""), 3)",20.034574068272402
"(Date(""2025-05-15""), 6)",14.85055716628058
"(Date(""2025-05-15""), 17)",13.423859043512099
"(Date(""2025-05-15""), 31)",14.85055716628058
"(Date(""2025-05-15""), 66)",20.034574068272402
"(Date(""2025-05-15""), 80)",10.944152596866124
"(Date(""2025-05-15""), 103)",13.423859043512099
"(Date(""2025-05-16""), 3)",21.921945741811786
"(Date(""2025-05-16""), 6)",19.85875663009946
"(Date(""2025-05-16""), 17)",14.718070321263227
"(Date(""2025-05-16""), 31)",19.85875663009946
"(Date(""2025-05-16""), 66)",17.981273799984493
"(Date(""2025-05-16""), 80)",12.01586696591341
"(Date(""2025-05-16""), 103)",16.27278195240441
"(Date(""2025-05-17""), 3)",20.83113151149648
"(Date(""2025-05-17""), 6)",18.866125864147836
"(Date(""2025-05-17""), 17)",18.866125864147836
"(Date(""2025-05-17""), 31)",22.990500529968248
"(Date(""2025-05-17""), 66)",20.83113151149648
"(Date(""2025-05-17""), 80)",15.450801280997116
"(Date(""2025-05-17""), 103)",20.83113151149648
"(Date(""2025-05-18""), 3)",14.925906920553587
"(Date(""2025-05-18""), 6)",16.501176162882988
"(Date(""2025-05-18""), 17)",18.232259023752786
"(Date(""2025-05-18""), 31)",16.501176162882988
"(Date(""2025-05-18""), 66)",16.501176162882988
"(Date(""2025-05-18""), 80)",14.925906920553587
"(Date(""2025-05-18""), 103)",16.501176162882988
"(Date(""2025-05-19""), 3)",12.936869706114388
"(Date(""2025-05-19""), 6)",12.936869706114388
"(Date(""2025-05-19""), 17)",15.830280969579363
"(Date(""2025-05-19""), 31)",12.936869706114388
"(Date(""2025-05-19""), 66)",12.936869706114388
"(Date(""2025-05-19""), 80)",12.936869706114388
"(Date(""2025-05-19""), 103)",14.315398557997899
"(Date(""2025-05-20""), 3)",13.181747066936298
"(Date(""2025-05-20""), 6)",13.181747066936298
"(Date(""2025-05-20""), 17)",14.584497319621022
"(Date(""2025-05-20""), 31)",13.181747066936298
"(Date(""2025-05-20""), 66)",14.584497319621022
"(Date(""2025-05-20""), 80)",11.905257432804198
"(Date(""2025-05-20""), 103)",14.584497319621022
"(Date(""2025-05-21""), 3)",12.14921932728923
"(Date(""2025-05-21""), 6)",12.14921932728923
"(Date(""2025-05-21""), 17)",13.449839811274956
"(Date(""2025-05-21""), 31)",13.449839811274956
"(Date(""2025-05-21""), 66)",14.879107753429741
"(Date(""2025-05-21""), 80)",10.96566682920902
"(Date(""2025-05-21""), 103)",13.449839811274956
"(Date(""2025-05-22""), 3)",12.12470456733714
"(Date(""2025-05-22""), 6)",13.422900238247651
"(Date(""2025-05-22""), 17)",14.849503523312382
"(Date(""2025-05-22""), 31)",16.41721552433151
"(Date(""2025-05-22""), 66)",14.849503523312382
"(Date(""2025-05-22""), 80)",12.12470456733714
"(Date(""2025-05-22""), 103)",13.422900238247651
"(Date(""2025-05-23""), 3)",13.350974553181276
"(Date(""2025-05-23""), 6)",14.770463498071615
"(Date(""2025-05-23""), 17)",16.330357462648873
"(Date(""2025-05-23""), 31)",16.330357462648873
"(Date(""2025-05-23""), 66)",16.330357462648873
"(Date(""2025-05-23""), 80)",13.350974553181276
"(Date(""2025-05-23""), 103)",18.044544240561777
"(Date(""2025-05-24""), 3)",16.63410687152009
"(Date(""2025-05-24""), 6)",16.63410687152009
"(Date(""2025-05-24""), 17)",18.378338224197712
"(Date(""2025-05-24""), 31)",18.378338224197712
"(Date(""2025-05-24""), 66)",16.63410687152009
"(Date(""2025-05-24""), 80)",15.046872624397398
"(Date(""2025-05-24""), 103)",18.378338224197712
"(Date(""2025-05-25""), 3)",13.455547745539835
"(Date(""2025-05-25""), 6)",13.455547745539835
"(Date(""2025-05-25""), 17)",14.885380273016485
"(Date(""2025-05-25""), 31)",13.455547745539835
"(Date(""2025-05-25""), 66)",18.183318703638772
"(Date(""2025-05-25""), 80)",12.154413494182078
"(Date(""2025-05-25""), 103)",18.183318703638772
"(Date(""2025-05-26""), 3)",18.92654621064947
"(Date(""2025-05-26""), 6)",18.92654621064947
"(Date(""2025-05-26""), 17)",15.500834343327657
"(Date(""2025-05-26""), 31)",17.13297102122513
"(Date(""2025-05-26""), 66)",23.06346464811995
"(Date(""2025-05-26""), 80)",12.664060552572153
"(Date(""2025-05-26""), 103)",20.897528177835326
"(Date(""2025-05-27""), 3)",15.861068647906748
"(Date(""2025-05-27""), 6)",17.528836955630148
"(Date(""2025-05-27""), 17)",12.96236445942113
"(Date(""2025-05-27""), 31)",14.34341505784788
"(Date(""2025-05-27""), 66)",21.375579206711524
"(Date(""2025-05-27""), 80)",10.561996773075736
"(Date(""2025-05-27""), 103)",19.36156818393284
"(Date(""2025-05-28""), 3)",26.04709965318418
"(Date(""2025-05-28""), 6)",19.381282637024366
"(Date(""2025-05-28""), 17)",19.381282637024366
"(Date(""2025-05-28""), 31)",19.381282637024366
"(Date(""2025-05-28""), 66)",17.546776923893034
"(Date(""2025-05-28""), 80)",11.717923129482578
"(Date(""2025-05-28""), 103)",19.381282637024366
"(Date(""2025-05-29""), 3)",18.99777775046205
"(Date(""2025-05-29""), 6)",25.53816726315435
"(Date(""2025-05-29""), 17)",20.975805398268186
"(Date(""2025-05-29""), 31)",15.559819971145057
"(Date(""2025-05-29""), 66)",17.1977910574504
"(Date(""2025-05-29""), 80)",12.712905548737714
"(Date(""2025-05-29""), 103)",17.1977910574504
"(Date(""2025-05-30""), 3)",11.937762740607564
"(Date(""2025-05-30""), 6)",13.217467551862732
"(Date(""2025-05-30""), 17)",11.937762740607564
"(Date(""2025-05-30""), 31)",13.217467551862732
"(Date(""2025-05-30""), 66)",14.623751002468705
"(Date(""2025-05-30""), 80)",10.773243309447393
"(Date(""2025-05-30""), 103)",11.937762740607564
"(Date(""2025-05-31""), 3)",16.36898878653048
"(Date(""2025-05-31""), 6)",14.805617642149144
"(Date(""2025-05-31""), 17)",14.805617642149144
"(Date(""2025-05-31""), 31)",16.36898878653048
"(Date(""2025-05-31""), 66)",19.974936811422747
"(Date(""2025-05-31""), 80)",13.382964496099389
"(Date(""2025-05-31""), 103)",18.08699668035249
"(Date(""2025-06-01""), 3)",10.76720309779428
"(Date(""2025-06-01""), 6)",9.708044962610694
"(Date(""2025-06-01""), 17)",9.708044962610694
"(Date(""2025-06-01""), 31)",9.708044962610694
"(Date(""2025-06-01""), 66)",10.76720309779428
"(Date(""2025-06-01""), 80)",9.708044962610694
"(Date(""2025-06-01""), 103)",10.76720309779428
"(Date(""2025-06-02""), 3)",14.787320161623537
"(Date(""2025-06-02""), 6)",14.787320161623537
"(Date(""2025-06-02""), 17)",16.34888145879002
"(Date(""2025-06-02""), 31)",13.366313959642902
"(Date(""2025-06-02""), 66)",16.34888145879002
"(Date(""2025-06-02""), 80)",9.825704383029468
"(Date(""2025-06-02""), 103)",12.073211582085612
"(Date(""2025-06-03""), 3)",19.24974921687083
"(Date(""2025-06-03""), 6)",15.768473261208669
"(Date(""2025-06-03""), 17)",17.427082739524444
"(Date(""2025-06-03""), 31)",17.427082739524444
"(Date(""2025-06-03""), 66)",15.768473261208669
"(Date(""2025-06-03""), 80)",11.635846257469048
"(Date(""2025-06-03""), 103)",14.25915412040564
"(Date(""2025-06-04""), 3)",18.542002041971276
"(Date(""2025-06-04""), 6)",16.78303941775959
"(Date(""2025-06-04""), 17)",22.599085878673044
"(Date(""2025-06-04""), 31)",18.542002041971276
"(Date(""2025-06-04""), 66)",24.933327458584998
"(Date(""2025-06-04""), 80)",13.725832788649276
"(Date(""2025-06-04""), 103)",18.542002041971276
"(Date(""2025-06-05""), 3)",16.764310969825083
"(Date(""2025-06-05""), 6)",20.452331201888835
"(Date(""2025-06-05""), 17)",18.52142111881291
"(Date(""2025-06-05""), 31)",18.52142111881291
"(Date(""2025-06-05""), 66)",18.52142111881291
"(Date(""2025-06-05""), 80)",13.710324079131427
"(Date(""2025-06-05""), 103)",18.52142111881291
"(Date(""2025-06-06""), 3)",25.782571869934255
"(Date(""2025-06-06""), 6)",28.431699602982537
"(Date(""2025-06-06""), 17)",31.34285884592788
"(Date(""2025-06-06""), 31)",28.431699602982537
"(Date(""2025-06-06""), 66)",46.16617501058838
"(Date(""2025-06-06""), 80)",19.181948305990936
"(Date(""2025-06-06""), 103)",31.34285884592788
"(Date(""2025-06-07""), 3)",27.892432580720076
"(Date(""2025-06-07""), 6)",30.75025164292656
"(Date(""2025-06-07""), 17)",30.75025164292656
"(Date(""2025-06-07""), 31)",30.75025164292656
"(Date(""2025-06-07""), 66)",22.925332506213884
"(Date(""2025-06-07""), 80)",18.81216133095251
"(Date(""2025-06-07""), 103)",22.925332506213884
"(Date(""2025-06-08""), 3)",17.67553457460093
"(Date(""2025-06-08""), 6)",17.67553457460093
"(Date(""2025-06-08""), 17)",15.994562111628941
"(Date(""2025-06-08""), 31)",21.552732484090836
"(Date(""2025-06-08""), 66)",21.552732484090836
"(Date(""2025-06-08""), 80)",14.46489286356535
"(Date(""2025-06-08""), 103)",17.67553457460093
"(Date(""2025-06-09""), 3)",14.838438905117679
"(Date(""2025-06-09""), 6)",14.838438905117679
"(Date(""2025-06-09""), 17)",16.405056478497162
"(Date(""2025-06-09""), 31)",14.838438905117679
"(Date(""2025-06-09""), 66)",16.405056478497162
"(Date(""2025-06-09""), 80)",13.412831538987652
"(Date(""2025-06-09""), 103)",14.838438905117679
"(Date(""2025-06-10""), 3)",12.643217942849509
"(Date(""2025-06-10""), 6)",13.992701002054803
"(Date(""2025-06-10""), 17)",12.643217942849509
"(Date(""2025-06-10""), 31)",13.992701002054803
"(Date(""2025-06-10""), 66)",12.643217942849509
"(Date(""2025-06-10""), 80)",10.297716965349501
"(Date(""2025-06-10""), 103)",11.415200957491248
"(Date(""2025-06-11""), 3)",10.621222877228371
"(Date(""2025-06-11""), 6)",11.770705606725341
"(Date(""2025-06-11""), 17)",10.621222877228371
"(Date(""2025-06-11""), 31)",10.621222877228371
"(Date(""2025-06-11""), 66)",14.422011403799937
"(Date(""2025-06-11""), 80)",9.575204324739442
"(Date(""2025-06-11""), 103)",10.621222877228371
"(Date(""2025-06-12""), 3)",12.359126160572714
"(Date(""2025-06-12""), 6)",13.680509027503144
"(Date(""2025-06-12""), 17)",13.680509027503144
"(Date(""2025-06-12""), 31)",13.680509027503144
"(Date(""2025-06-12""), 66)",12.359126160572714
"(Date(""2025-06-12""), 80)",11.156680087846503
"(Date(""2025-06-12""), 103)",15.132593009164449
"(Date(""2025-06-13""), 3)",13.078416452496313
"(Date(""2025-06-13""), 6)",13.078416452496313
"(Date(""2025-06-13""), 17)",14.47094602892503
"(Date(""2025-06-13""), 31)",14.47094602892503
"(Date(""2025-06-13""), 66)",14.47094602892503
"(Date(""2025-06-13""), 80)",11.811227538338882
"(Date(""2025-06-13""), 103)",16.00121400993723
"(Date(""2025-06-14""), 3)",14.278147559668257
"(Date(""2025-06-14""), 6)",15.789345386616176
"(Date(""2025-06-14""), 17)",17.450019376381157
"(Date(""2025-06-14""), 31)",19.274954570902842
"(Date(""2025-06-14""), 66)",19.274954570902842
"(Date(""2025-06-14""), 80)",11.651574401803213
"(Date(""2025-06-14""), 103)",15.789345386616176
"(Date(""2025-06-15""), 3)",19.45588538327762
"(Date(""2025-06-15""), 6)",17.61466472650637
"(Date(""2025-06-15""), 17)",19.45588538327762
"(Date(""2025-06-15""), 31)",19.45588538327762
"(Date(""2025-06-15""), 66)",19.45588538327762
"(Date(""2025-06-15""), 80)",11.764475253261757
"(Date(""2025-06-15""), 103)",19.45588538327762
"(Date(""2025-06-16""), 3)",26.529495126972762
"(Date(""2025-06-16""), 6)",26.529495126972762
"(Date(""2025-06-16""), 17)",26.529495126972762
"(Date(""2025-06-16""), 31)",21.796707158556686
"(Date(""2025-06-16""), 66)",26.529495126972762
"(Date(""2025-06-16""), 80)",13.225148358483192
"(Date(""2025-06-16""), 103)",19.744790688541045
"(Date(""2025-06-17""), 3)",18.017771470978417
"(Date(""2025-06-17""), 6)",18.017771470978417
"(Date(""2025-06-17""), 17)",16.30599449227353
"(Date(""2025-06-17""), 31)",18.017771470978417
"(Date(""2025-06-17""), 66)",14.748293422478135
"(Date(""2025-06-17""), 80)",13.33079999136684
"(Date(""2025-06-17""), 103)",14.748293422478135
"(Date(""2025-06-18""), 3)",26.68011104298405
"(Date(""2025-06-18""), 6)",17.98084642441042
"(Date(""2025-06-18""), 17)",21.921429639477267
"(Date(""2025-06-18""), 31)",17.98084642441042
"(Date(""2025-06-18""), 66)",19.85828698179328
"(Date(""2025-06-18""), 80)",13.3029752034917
"(Date(""2025-06-18""), 103)",16.2723930446219
"(Date(""2025-06-19""), 3)",22.229086013473413
"(Date(""2025-06-19""), 6)",18.235611440299937
"(Date(""2025-06-19""), 17)",24.526730028786847
"(Date(""2025-06-19""), 31)",20.13825140990807
"(Date(""2025-06-19""), 66)",18.235611440299937
"(Date(""2025-06-19""), 80)",13.494952822587688
"(Date(""2025-06-19""), 103)",18.235611440299937
"(Date(""2025-06-20""), 3)",14.329110883584152
"(Date(""2025-06-20""), 6)",14.329110883584152
"(Date(""2025-06-20""), 17)",12.9493477943822
"(Date(""2025-06-20""), 31)",12.9493477943822
"(Date(""2025-06-20""), 66)",17.51156311459031
"(Date(""2025-06-20""), 80)",10.551217893924308
"(Date(""2025-06-20""), 103)",19.34258574628857
"(Date(""2025-06-21""), 3)",17.698243868089826
"(Date(""2025-06-21""), 6)",16.015227356694165
"(Date(""2025-06-21""), 17)",13.090020666843717
"(Date(""2025-06-21""), 31)",14.483698043647886
"(Date(""2025-06-21""), 66)",14.483698043647886
"(Date(""2025-06-21""), 80)",11.82178726506027
"(Date(""2025-06-21""), 103)",23.813613266961777
"(Date(""2025-06-22""), 3)",17.899832592811716
"(Date(""2025-06-22""), 6)",17.899832592811716
"(Date(""2025-06-22""), 17)",14.650630241378211
"(Date(""2025-06-22""), 31)",16.198671214196885
"(Date(""2025-06-22""), 66)",17.899832592811716
"(Date(""2025-06-22""), 80)",13.241927408330893
"(Date(""2025-06-22""), 103)",16.198671214196885
"(Date(""2025-06-23""), 3)",18.072127653297724
"(Date(""2025-06-23""), 6)",16.355458110725063
"(Date(""2025-06-23""), 17)",14.793304853486045
"(Date(""2025-06-23""), 31)",18.072127653297724
"(Date(""2025-06-23""), 66)",16.355458110725063
"(Date(""2025-06-23""), 80)",12.078167403730527
"(Date(""2025-06-23""), 103)",16.355458110725063
"(Date(""2025-06-24""), 3)",12.417970397722177
"(Date(""2025-06-24""), 6)",15.203653804418312
"(Date(""2025-06-24""), 17)",12.417970397722177
"(Date(""2025-06-24""), 31)",13.745173687774018
"(Date(""2025-06-24""), 66)",13.745173687774018
"(Date(""2025-06-24""), 80)",11.210227794293846
"(Date(""2025-06-24""), 103)",11.210227794293846
"(Date(""2025-06-25""), 3)",15.258628954574295
"(Date(""2025-06-25""), 6)",18.63405694792235
"(Date(""2025-06-25""), 17)",15.258628954574295
"(Date(""2025-06-25""), 31)",16.86680852276788
"(Date(""2025-06-25""), 66)",15.258628954574295
"(Date(""2025-06-25""), 80)",13.79520056117836
"(Date(""2025-06-25""), 103)",18.63405694792235
"(Date(""2025-06-26""), 3)",12.977483616536365
"(Date(""2025-06-26""), 6)",14.360029686667954
"(Date(""2025-06-26""), 17)",15.879326669086424
"(Date(""2025-06-26""), 31)",12.977483616536365
"(Date(""2025-06-26""), 66)",11.71937959990519
"(Date(""2025-06-26""), 80)",10.574516690191924
"(Date(""2025-06-26""), 103)",12.977483616536365
"(Date(""2025-06-27""), 3)",15.254553167978173
"(Date(""2025-06-27""), 6)",15.254553167978173
"(Date(""2025-06-27""), 17)",18.629134993779758
"(Date(""2025-06-27""), 31)",16.862329590448553
"(Date(""2025-06-27""), 66)",12.460119295850502
"(Date(""2025-06-27""), 80)",11.248582898096483
"(Date(""2025-06-27""), 103)",22.70430836346117
"(Date(""2025-06-28""), 3)",16.18067932011015
"(Date(""2025-06-28""), 6)",19.74753271739615
"(Date(""2025-06-28""), 17)",19.74753271739615
"(Date(""2025-06-28""), 31)",21.79972040799211
"(Date(""2025-06-28""), 66)",16.18067932011015
"(Date(""2025-06-28""), 80)",14.634257785728202
"(Date(""2025-06-28""), 103)",17.880061077789893
"(Date(""2025-06-29""), 3)",11.936269251086637
"(Date(""2025-06-29""), 6)",13.215826337749556
"(Date(""2025-06-29""), 17)",10.771884247926288
"(Date(""2025-06-29""), 31)",10.771884247926288
"(Date(""2025-06-29""), 66)",10.771884247926288
"(Date(""2025-06-29""), 80)",9.712304765528488
"(Date(""2025-06-29""), 103)",10.771884247926288
"(Date(""2025-06-30""), 3)",17.667832978705018
"(Date(""2025-06-30""), 6)",14.458515302862443
"(Date(""2025-06-30""), 17)",13.067104607830267
"(Date(""2025-06-30""), 31)",14.458515302862443
"(Date(""2025-06-30""), 66)",11.800933865298022
"(Date(""2025-06-30""), 80)",10.648730310324206
"(Date(""2025-06-30""), 103)",11.800933865298022
"(Date(""2025-07-01""), 3)",19.64961723910572
"(Date(""2025-07-01""), 6)",17.79095890666598
"(Date(""2025-07-01""), 17)",16.099597176228407
"(Date(""2025-07-01""), 31)",16.099597176228407
"(Date(""2025-07-01""), 66)",14.560473791763371
"(Date(""2025-07-01""), 80)",13.159885880864948
"(Date(""2025-07-01""), 103)",14.560473791763371
"(Date(""2025-07-02""), 3)",13.721466853285756
"(Date(""2025-07-02""), 6)",16.777767077527347
"(Date(""2025-07-02""), 17)",13.721466853285756
"(Date(""2025-07-02""), 31)",13.721466853285756
"(Date(""2025-07-02""), 66)",13.721466853285756
"(Date(""2025-07-02""), 80)",12.39639739966038
"(Date(""2025-07-02""), 103)",15.177602070679498
"(Date(""2025-07-03""), 3)",16.419387440827837
"(Date(""2025-07-03""), 6)",18.142380385131776
"(Date(""2025-07-03""), 17)",14.851479947047437
"(Date(""2025-07-03""), 31)",18.142380385131776
"(Date(""2025-07-03""), 66)",14.851479947047437
"(Date(""2025-07-03""), 80)",13.424698765395032
"(Date(""2025-07-03""), 103)",18.142380385131776
"(Date(""2025-07-04""), 3)",10.65559351092088
"(Date(""2025-07-04""), 6)",13.075392666542758
"(Date(""2025-07-04""), 17)",10.65559351092088
"(Date(""2025-07-04""), 31)",13.075392666542758
"(Date(""2025-07-04""), 66)",10.65559351092088
"(Date(""2025-07-04""), 80)",9.60648128052189
"(Date(""2025-07-04""), 103)",13.075392666542758
"(Date(""2025-07-05""), 3)",13.434495622347553
"(Date(""2025-07-05""), 6)",14.862245834367007
"(Date(""2025-07-05""), 17)",13.434495622347553
"(Date(""2025-07-05""), 31)",13.434495622347553
"(Date(""2025-07-05""), 66)",12.13525625861574
"(Date(""2025-07-05""), 80)",10.952960567072711
"(Date(""2025-07-05""), 103)",13.434495622347553
"(Date(""2025-07-06""), 3)",18.926615948170127
"(Date(""2025-07-06""), 6)",17.133034481717875
"(Date(""2025-07-06""), 17)",14.015657754316008
"(Date(""2025-07-06""), 31)",15.500892091783602
"(Date(""2025-07-06""), 66)",14.015657754316008
"(Date(""2025-07-06""), 80)",12.66410837308731
"(Date(""2025-07-06""), 103)",15.500892091783602
"(Date(""2025-07-07""), 3)",12.987248773666817
"(Date(""2025-07-07""), 6)",15.891119154894447
"(Date(""2025-07-07""), 17)",14.370760738660838
"(Date(""2025-07-07""), 31)",15.891119154894447
"(Date(""2025-07-07""), 66)",14.370760738660838
"(Date(""2025-07-07""), 80)",12.987248773666817
"(Date(""2025-07-07""), 103)",17.561859829567517
"(Date(""2025-07-08""), 3)",12.834515593608275
"(Date(""2025-07-08""), 6)",14.202920357359089
"(Date(""2025-07-08""), 17)",14.202920357359089
"(Date(""2025-07-08""), 31)",14.202920357359089
"(Date(""2025-07-08""), 66)",12.834515593608275
"(Date(""2025-07-08""), 80)",11.589280033763046
"(Date(""2025-07-08""), 103)",15.706677283228323
"(Date(""2025-07-09""), 3)",18.144635248475343
"(Date(""2025-07-09""), 6)",20.03827654708279
"(Date(""2025-07-09""), 17)",18.144635248475343
"(Date(""2025-07-09""), 31)",18.144635248475343
"(Date(""2025-07-09""), 66)",13.4263979127233
"(Date(""2025-07-09""), 80)",12.127887418456353
"(Date(""2025-07-09""), 103)",16.421439345419504
"(Date(""2025-07-10""), 3)",22.25032877687765
"(Date(""2025-07-10""), 6)",22.25032877687765
"(Date(""2025-07-10""), 17)",22.25032877687765
"(Date(""2025-07-10""), 31)",20.157582126287505
"(Date(""2025-07-10""), 66)",16.520234268427263
"(Date(""2025-07-10""), 80)",14.943249618676012
"(Date(""2025-07-10""), 103)",22.25032877687765
"(Date(""2025-07-11""), 3)",16.962140542663768
"(Date(""2025-07-11""), 6)",20.691231856424352
"(Date(""2025-07-11""), 17)",20.691231856424352
"(Date(""2025-07-11""), 31)",20.691231856424352
"(Date(""2025-07-11""), 66)",15.345380202677848
"(Date(""2025-07-11""), 80)",13.874143387059352
"(Date(""2025-07-11""), 103)",20.691231856424352
"(Date(""2025-07-12""), 3)",19.981168240933446
"(Date(""2025-07-12""), 6)",19.981168240933446
"(Date(""2025-07-12""), 17)",19.981168240933446
"(Date(""2025-07-12""), 31)",32.62365974536455
"(Date(""2025-07-12""), 66)",22.05646537553029
"(Date(""2025-07-12""), 80)",14.810313322193169
"(Date(""2025-07-12""), 103)",22.05646537553029
"(Date(""2025-07-13""), 3)",18.98100549308399
"(Date(""2025-07-13""), 6)",17.18252845981899
"(Date(""2025-07-13""), 17)",17.18252845981899
"(Date(""2025-07-13""), 31)",18.98100549308399
"(Date(""2025-07-13""), 66)",15.545931149789197
"(Date(""2025-07-13""), 80)",14.056642876624975
"(Date(""2025-07-13""), 103)",15.545931149789197
"(Date(""2025-07-14""), 3)",18.258704689242872
"(Date(""2025-07-14""), 6)",20.16362886689936
"(Date(""2025-07-14""), 17)",18.258704689242872
"(Date(""2025-07-14""), 31)",18.258704689242872
"(Date(""2025-07-14""), 66)",22.25697361495106
"(Date(""2025-07-14""), 80)",14.947806126805283
"(Date(""2025-07-14""), 103)",16.525241471587233
"(Date(""2025-07-15""), 3)",18.896390467719385
"(Date(""2025-07-15""), 6)",25.403620679961154
"(Date(""2025-07-15""), 17)",20.864389658818812
"(Date(""2025-07-15""), 31)",20.864389658818812
"(Date(""2025-07-15""), 66)",30.885234204563424
"(Date(""2025-07-15""), 80)",15.475862884986153
"(Date(""2025-07-15""), 103)",18.896390467719385
"(Date(""2025-07-16""), 3)",21.583120559956647
"(Date(""2025-07-16""), 6)",23.816870599522986
"(Date(""2025-07-16""), 17)",19.550428877819087
"(Date(""2025-07-16""), 31)",17.700698423898924
"(Date(""2025-07-16""), 66)",19.550428877819087
"(Date(""2025-07-16""), 80)",14.485730619607827
"(Date(""2025-07-16""), 103)",16.017460979565175
"(Date(""2025-07-17""), 3)",15.613854218533863
"(Date(""2025-07-17""), 6)",19.063029961662274
"(Date(""2025-07-17""), 17)",17.257169960460303
"(Date(""2025-07-17""), 31)",17.257169960460303
"(Date(""2025-07-17""), 66)",15.613854218533863
"(Date(""2025-07-17""), 80)",12.757650390899704
"(Date(""2025-07-17""), 103)",15.613854218533863
"(Date(""2025-07-18""), 3)",10.518993256087132
"(Date(""2025-07-18""), 6)",10.518993256087132
"(Date(""2025-07-18""), 17)",10.518993256087132
"(Date(""2025-07-18""), 31)",11.658364211187697
"(Date(""2025-07-18""), 66)",11.658364211187697
"(Date(""2025-07-18""), 80)",9.482176323897319
"(Date(""2025-07-18""), 103)",12.910433050944178
"(Date(""2025-07-19""), 3)",11.061823748692882
"(Date(""2025-07-19""), 6)",11.061823748692882
"(Date(""2025-07-19""), 17)",12.254887355839326
"(Date(""2025-07-19""), 31)",12.254887355839326
"(Date(""2025-07-19""), 66)",13.56595971525688
"(Date(""2025-07-19""), 80)",9.976147004405759
"(Date(""2025-07-19""), 103)",11.061823748692882
"(Date(""2025-07-20""), 3)",12.54067078262574
"(Date(""2025-07-20""), 6)",12.54067078262574
"(Date(""2025-07-20""), 17)",13.880010658890525
"(Date(""2025-07-20""), 31)",13.880010658890525
"(Date(""2025-07-20""), 66)",13.880010658890525
"(Date(""2025-07-20""), 80)",11.32188399904851
"(Date(""2025-07-20""), 103)",13.880010658890525
"(Date(""2025-07-21""), 3)",12.665807442083578
"(Date(""2025-07-21""), 6)",11.43575719090296
"(Date(""2025-07-21""), 17)",11.43575719090296
"(Date(""2025-07-21""), 31)",10.316422945845051
"(Date(""2025-07-21""), 66)",12.665807442083578
"(Date(""2025-07-21""), 80)",10.316422945845051
"(Date(""2025-07-21""), 103)",11.43575719090296
"(Date(""2025-07-22""), 3)",12.541636325682003
"(Date(""2025-07-22""), 6)",13.88107170610151
"(Date(""2025-07-22""), 17)",12.541636325682003
"(Date(""2025-07-22""), 31)",15.352993818195905
"(Date(""2025-07-22""), 66)",16.97050723895822
"(Date(""2025-07-22""), 80)",11.322762634215579
"(Date(""2025-07-22""), 103)",15.352993818195905
"(Date(""2025-07-23""), 3)",15.54075686371791
"(Date(""2025-07-23""), 6)",17.1768423728349
"(Date(""2025-07-23""), 17)",17.1768423728349
"(Date(""2025-07-23""), 31)",15.54075686371791
"(Date(""2025-07-23""), 66)",15.54075686371791
"(Date(""2025-07-23""), 80)",11.46425106545748
"(Date(""2025-07-23""), 103)",15.54075686371791
"(Date(""2025-07-24""), 3)",16.26220606234989
"(Date(""2025-07-24""), 6)",16.26220606234989
"(Date(""2025-07-24""), 17)",16.26220606234989
"(Date(""2025-07-24""), 31)",19.845985096399687
"(Date(""2025-07-24""), 66)",19.845985096399687
"(Date(""2025-07-24""), 80)",12.007897527152759
"(Date(""2025-07-24""), 103)",13.294539536560166
"(Date(""2025-07-25""), 3)",19.234352918428876
"(Date(""2025-07-25""), 6)",12.87513022059811
"(Date(""2025-07-25""), 17)",17.413072251679196
"(Date(""2025-07-25""), 31)",17.413072251679196
"(Date(""2025-07-25""), 66)",21.23578077744158
"(Date(""2025-07-25""), 80)",12.87513022059811
"(Date(""2025-07-25""), 103)",17.413072251679196
"(Date(""2025-07-26""), 3)",22.089135670255853
"(Date(""2025-07-26""), 6)",16.39876755638326
"(Date(""2025-07-26""), 17)",22.089135670255853
"(Date(""2025-07-26""), 31)",26.88263425499758
"(Date(""2025-07-26""), 66)",32.67130342603032
"(Date(""2025-07-26""), 80)",16.39876755638326
"(Date(""2025-07-26""), 103)",26.88263425499758
"(Date(""2025-07-27""), 3)",16.12442197690864
"(Date(""2025-07-27""), 6)",14.583064128622741
"(Date(""2025-07-27""), 17)",17.81823918728551
"(Date(""2025-07-27""), 31)",19.67959587701168
"(Date(""2025-07-27""), 66)",23.972853753147145
"(Date(""2025-07-27""), 80)",14.583064128622741
"(Date(""2025-07-27""), 103)",16.12442197690864
"(Date(""2025-07-28""), 3)",15.959845157004857
"(Date(""2025-07-28""), 6)",14.433300758968356
"(Date(""2025-07-28""), 17)",17.63738368361897
"(Date(""2025-07-28""), 31)",17.63738368361897
"(Date(""2025-07-28""), 66)",21.506661147556457
"(Date(""2025-07-28""), 80)",14.433300758968356
"(Date(""2025-07-28""), 103)",21.506661147556457
"(Date(""2025-07-29""), 3)",17.46371005302889
"(Date(""2025-07-29""), 6)",14.289484576380746
"(Date(""2025-07-29""), 17)",15.801803774552045
"(Date(""2025-07-29""), 31)",15.801803774552045
"(Date(""2025-07-29""), 66)",19.289999424862888
"(Date(""2025-07-29""), 80)",14.289484576380746
"(Date(""2025-07-29""), 103)",19.289999424862888
"(Date(""2025-07-30""), 3)",17.852364248877567
"(Date(""2025-07-30""), 6)",14.611322512305179
"(Date(""2025-07-30""), 17)",16.15547546437229
"(Date(""2025-07-30""), 31)",16.15547546437229
"(Date(""2025-07-30""), 66)",17.852364248877567
"(Date(""2025-07-30""), 80)",14.611322512305179
"(Date(""2025-07-30""), 103)",17.852364248877567
"(Date(""2025-07-31""), 3)",21.244285457016055
"(Date(""2025-07-31""), 6)",14.253384114851125
"(Date(""2025-07-31""), 17)",17.420114832331056
"(Date(""2025-07-31""), 31)",15.76213253071375
"(Date(""2025-07-31""), 66)",15.76213253071375
"(Date(""2025-07-31""), 80)",14.253384114851125
"(Date(""2025-07-31""), 103)",17.420114832331056
"(Date(""2025-08-01""), 3)",13.004470933907843
"(Date(""2025-08-01""), 6)",9.553038364406133
"(Date(""2025-08-01""), 17)",13.004470933907843
"(Date(""2025-08-01""), 31)",11.743937806764746
"(Date(""2025-08-01""), 66)",15.911916780320507
"(Date(""2025-08-01""), 80)",9.553038364406133
"(Date(""2025-08-01""), 103)",10.596864429163347
"(Date(""2025-08-02""), 3)",13.51712048712853
"(Date(""2025-08-02""), 6)",11.021380813711444
"(Date(""2025-08-02""), 17)",13.51712048712853
"(Date(""2025-08-02""), 31)",13.51712048712853
"(Date(""2025-08-02""), 66)",14.953043320574844
"(Date(""2025-08-02""), 80)",11.021380813711444
"(Date(""2025-08-02""), 103)",13.51712048712853
"(Date(""2025-08-03""), 3)",12.842836620097929
"(Date(""2025-08-03""), 6)",12.842836620097929
"(Date(""2025-08-03""), 17)",14.212064436322873
"(Date(""2025-08-03""), 31)",14.212064436322873
"(Date(""2025-08-03""), 66)",17.370216841328237
"(Date(""2025-08-03""), 80)",12.842836620097929
"(Date(""2025-08-03""), 103)",12.842836620097929
"(Date(""2025-08-04""), 3)",21.095968679153934
"(Date(""2025-08-04""), 6)",17.297296228646942
"(Date(""2025-08-04""), 17)",21.095968679153934
"(Date(""2025-08-04""), 31)",23.28153337028143
"(Date(""2025-08-04""), 66)",23.28153337028143
"(Date(""2025-08-04""), 80)",17.297296228646942
"(Date(""2025-08-04""), 103)",28.32258373734843
"(Date(""2025-08-05""), 3)",14.41423352421905
"(Date(""2025-08-05""), 6)",13.026808602671089
"(Date(""2025-08-05""), 17)",17.614357930712423
"(Date(""2025-08-05""), 31)",15.938891936823971
"(Date(""2025-08-05""), 66)",17.614357930712423
"(Date(""2025-08-05""), 80)",13.026808602671089
"(Date(""2025-08-05""), 103)",17.614357930712423
"(Date(""2025-08-06""), 3)",14.85519346198263
"(Date(""2025-08-06""), 6)",13.428078029317383
"(Date(""2025-08-06""), 17)",16.423468268336656
"(Date(""2025-08-06""), 31)",20.040726691446725
"(Date(""2025-08-06""), 66)",16.423468268336656
"(Date(""2025-08-06""), 80)",13.428078029317383
"(Date(""2025-08-06""), 103)",18.146864856972435
"(Date(""2025-08-07""), 3)",16.12376856443998
"(Date(""2025-08-07""), 6)",14.582469529376398
"(Date(""2025-08-07""), 17)",21.72419665870889
"(Date(""2025-08-07""), 31)",21.72419665870889
"(Date(""2025-08-07""), 66)",42.97744370850291
"(Date(""2025-08-07""), 80)",14.582469529376398
"(Date(""2025-08-07""), 103)",19.678806810623858
"(Date(""2025-08-08""), 3)",18.484114867573496
"(Date(""2025-08-08""), 6)",16.73036262948132
"(Date(""2025-08-08""), 17)",27.41403650024226
"(Date(""2025-08-08""), 31)",30.224536270995706
"(Date(""2025-08-08""), 66)",24.85650794715082
"(Date(""2025-08-08""), 80)",16.73036262948132
"(Date(""2025-08-08""), 103)",22.52918084044037
"(Date(""2025-08-09""), 3)",16.648671572806858
"(Date(""2025-08-09""), 6)",15.060126366595064
"(Date(""2025-08-09""), 17)",20.31268409432381
"(Date(""2025-08-09""), 31)",20.31268409432381
"(Date(""2025-08-09""), 66)",24.737376404257155
"(Date(""2025-08-09""), 80)",15.060126366595064
"(Date(""2025-08-09""), 103)",16.648671572806858
"(Date(""2025-08-10""), 3)",15.200695758108697
"(Date(""2025-08-10""), 6)",13.742481893248028
"(Date(""2025-08-10""), 17)",16.803145016376615
"(Date(""2025-08-10""), 31)",15.200695758108697
"(Date(""2025-08-10""), 66)",18.564096333053858
"(Date(""2025-08-10""), 80)",13.742481893248028
"(Date(""2025-08-10""), 103)",15.200695758108697
"(Date(""2025-08-11""), 3)",15.776064863592435
"(Date(""2025-08-11""), 6)",14.266062407701103
"(Date(""2025-08-11""), 17)",17.435425245313258
"(Date(""2025-08-11""), 31)",19.25891689970222
"(Date(""2025-08-11""), 66)",19.25891689970222
"(Date(""2025-08-11""), 80)",14.266062407701103
"(Date(""2025-08-11""), 103)",17.435425245313258
"(Date(""2025-08-12""), 3)",20.073055974409883
"(Date(""2025-08-12""), 6)",14.879555122270553
"(Date(""2025-08-12""), 17)",20.073055974409883
"(Date(""2025-08-12""), 31)",26.965121483649966
"(Date(""2025-08-12""), 66)",26.965121483649966
"(Date(""2025-08-12""), 80)",14.879555122270553
"(Date(""2025-08-12""), 103)",22.15744194275509
"(Date(""2025-08-13""), 3)",20.18302751603473
"(Date(""2025-08-13""), 6)",18.276357278853943
"(Date(""2025-08-13""), 17)",20.18302751603473
"(Date(""2025-08-13""), 31)",20.18302751603473
"(Date(""2025-08-13""), 66)",24.580802030802104
"(Date(""2025-08-13""), 80)",13.52565675988597
"(Date(""2025-08-13""), 103)",18.276357278853943
"(Date(""2025-08-14""), 3)",15.538870775037658
"(Date(""2025-08-14""), 6)",17.174769726647998
"(Date(""2025-08-14""), 17)",17.174769726647998
"(Date(""2025-08-14""), 31)",15.538870775037658
"(Date(""2025-08-14""), 66)",20.948004645741378
"(Date(""2025-08-14""), 80)",14.0502180015154
"(Date(""2025-08-14""), 103)",23.118933863236602
"(Date(""2025-08-15""), 3)",12.249969206448112
"(Date(""2025-08-15""), 6)",20.233920395576042
"(Date(""2025-08-15""), 17)",16.58344869215481
"(Date(""2025-08-15""), 31)",15.000774154110175
"(Date(""2025-08-15""), 66)",20.233920395576042
"(Date(""2025-08-15""), 80)",11.057348278661788
"(Date(""2025-08-15""), 103)",15.000774154110175
"(Date(""2025-08-16""), 3)",17.15910208003654
"(Date(""2025-08-16""), 6)",17.15910208003654
"(Date(""2025-08-16""), 17)",17.15910208003654
"(Date(""2025-08-16""), 31)",17.15910208003654
"(Date(""2025-08-16""), 66)",17.15910208003654
"(Date(""2025-08-16""), 80)",11.452086165807806
"(Date(""2025-08-16""), 103)",17.15910208003654
"(Date(""2025-08-17""), 3)",20.392181894941206
"(Date(""2025-08-17""), 6)",13.669078407973
"(Date(""2025-08-17""), 17)",13.669078407973
"(Date(""2025-08-17""), 31)",13.669078407973
"(Date(""2025-08-17""), 66)",15.120031759934129
"(Date(""2025-08-17""), 80)",12.348724403514387
"(Date(""2025-08-17""), 103)",13.669078407973
"(Date(""2025-08-18""), 3)",12.790858069919606
"(Date(""2025-08-18""), 6)",14.154944564412279
"(Date(""2025-08-18""), 17)",14.154944564412279
"(Date(""2025-08-18""), 31)",12.790858069919606
"(Date(""2025-08-18""), 66)",14.154944564412279
"(Date(""2025-08-18""), 80)",10.419975246009775
"(Date(""2025-08-18""), 103)",15.653956090764712
"(Date(""2025-08-19""), 3)",13.432487726251459
"(Date(""2025-08-19""), 6)",14.860039332503733
"(Date(""2025-08-19""), 17)",16.42879345540923
"(Date(""2025-08-19""), 31)",16.42879345540923
"(Date(""2025-08-19""), 66)",22.128981714177392
"(Date(""2025-08-19""), 80)",10.951297862431876
"(Date(""2025-08-19""), 103)",16.42879345540923
"(Date(""2025-08-20""), 3)",14.991761345830586
"(Date(""2025-08-20""), 6)",14.991761345830586
"(Date(""2025-08-20""), 17)",13.552353528647096
"(Date(""2025-08-20""), 31)",14.991761345830586
"(Date(""2025-08-20""), 66)",13.552353528647096
"(Date(""2025-08-20""), 80)",11.05055669674524
"(Date(""2025-08-20""), 103)",14.991761345830586
"(Date(""2025-08-21""), 3)",14.98411180855509
"(Date(""2025-08-21""), 6)",18.30254773560308
"(Date(""2025-08-21""), 17)",16.56513823446464
"(Date(""2025-08-21""), 31)",16.56513823446464
"(Date(""2025-08-21""), 66)",20.211808533005357
"(Date(""2025-08-21""), 80)",11.044792404704559
"(Date(""2025-08-21""), 103)",18.30254773560308
"(Date(""2025-08-22""), 3)",12.534197104082436
"(Date(""2025-08-22""), 6)",16.960634976670857
"(Date(""2025-08-22""), 17)",18.73716399901125
"(Date(""2025-08-22""), 31)",15.344010151679978
"(Date(""2025-08-22""), 66)",15.344010151679978
"(Date(""2025-08-22""), 80)",10.207438661149213
"(Date(""2025-08-22""), 103)",16.960634976670857
"(Date(""2025-08-23""), 3)",13.492970408573292
"(Date(""2025-08-23""), 6)",12.18846776817162
"(Date(""2025-08-23""), 17)",12.18846776817162
"(Date(""2025-08-23""), 31)",11.001382543995975
"(Date(""2025-08-23""), 66)",13.492970408573292
"(Date(""2025-08-23""), 80)",9.921146072399226
"(Date(""2025-08-23""), 103)",11.001382543995975
"(Date(""2025-08-24""), 3)",13.400400253335757
"(Date(""2025-08-24""), 6)",12.10422979112292
"(Date(""2025-08-24""), 17)",13.400400253335757
"(Date(""2025-08-24""), 31)",13.400400253335757
"(Date(""2025-08-24""), 66)",13.400400253335757
"(Date(""2025-08-24""), 80)",10.924726771311477
"(Date(""2025-08-24""), 103)",12.10422979112292
"(Date(""2025-08-25""), 3)",11.847171136313545
"(Date(""2025-08-25""), 6)",13.117915317033226
"(Date(""2025-08-25""), 17)",10.690805795285916
"(Date(""2025-08-25""), 31)",11.847171136313545
"(Date(""2025-08-25""), 66)",11.847171136313545
"(Date(""2025-08-25""), 80)",9.638524130558848
"(Date(""2025-08-25""), 103)",10.690805795285916
"(Date(""2025-08-26""), 3)",9.055613603725707
"(Date(""2025-08-26""), 6)",11.143243485872556
"(Date(""2025-08-26""), 17)",9.055613603725707
"(Date(""2025-08-26""), 31)",10.050238205119998
"(Date(""2025-08-26""), 66)",11.143243485872556
"(Date(""2025-08-26""), 80)",9.055613603725707
"(Date(""2025-08-26""), 103)",10.050238205119998
"(Date(""2025-08-27""), 3)",12.665242176548407
"(Date(""2025-08-27""), 6)",14.01690370496772
"(Date(""2025-08-27""), 17)",11.435242804543167
"(Date(""2025-08-27""), 31)",14.01690370496772
"(Date(""2025-08-27""), 66)",14.01690370496772
"(Date(""2025-08-27""), 80)",10.315954859059854
"(Date(""2025-08-27""), 103)",14.01690370496772
"(Date(""2025-08-28""), 3)",13.38013668956985
"(Date(""2025-08-28""), 6)",16.365573903603156
"(Date(""2025-08-28""), 17)",14.802510130565983
"(Date(""2025-08-28""), 31)",16.365573903603156
"(Date(""2025-08-28""), 66)",14.802510130565983
"(Date(""2025-08-28""), 80)",10.907946858456937
"(Date(""2025-08-28""), 103)",14.802510130565983
"(Date(""2025-08-29""), 3)",14.579739149277964
"(Date(""2025-08-29""), 6)",14.579739149277964
"(Date(""2025-08-29""), 17)",14.579739149277964
"(Date(""2025-08-29""), 31)",14.579739149277964
"(Date(""2025-08-29""), 66)",13.177417176345495
"(Date(""2025-08-29""), 80)",10.740078273981046
"(Date(""2025-08-29""), 103)",13.177417176345495
"(Date(""2025-08-30""), 3)",14.346193795965558
"(Date(""2025-08-30""), 6)",15.864122237605006
"(Date(""2025-08-30""), 17)",14.346193795965558
"(Date(""2025-08-30""), 31)",14.346193795965558
"(Date(""2025-08-30""), 66)",17.532192583130985
"(Date(""2025-08-30""), 80)",12.964893085166443
"(Date(""2025-08-30""), 103)",15.864122237605006
"(Date(""2025-08-31""), 3)",16.645973546869406
"(Date(""2025-08-31""), 6)",18.391378660562946
"(Date(""2025-08-31""), 17)",20.309425935530047
"(Date(""2025-08-31""), 31)",12.297084673618988
"(Date(""2025-08-31""), 66)",16.645973546869406
"(Date(""2025-08-31""), 80)",11.100222913926197
"(Date(""2025-08-31""), 103)",15.057671188180244
"(Date(""2025-09-01""), 3)",18.795941421423176
"(Date(""2025-09-01""), 6)",18.795941421423176
"(Date(""2025-09-01""), 17)",18.795941421423176
"(Date(""2025-09-01""), 31)",15.392682736486904
"(Date(""2025-09-01""), 66)",18.795941421423176
"(Date(""2025-09-01""), 80)",11.352670131567198
"(Date(""2025-09-01""), 103)",17.01412188233081
"(Date(""2025-09-02""), 3)",16.435151200338645
"(Date(""2025-09-02""), 6)",18.159703375499873
"(Date(""2025-09-02""), 17)",18.159703375499873
"(Date(""2025-09-02""), 31)",18.159703375499873
"(Date(""2025-09-02""), 66)",18.159703375499873
"(Date(""2025-09-02""), 80)",10.955657504628517
"(Date(""2025-09-02""), 103)",14.865824821034796
"(Date(""2025-09-03""), 3)",16.72536923475443
"(Date(""2025-09-03""), 6)",16.72536923475443
"(Date(""2025-09-03""), 17)",20.405304835387437
"(Date(""2025-09-03""), 31)",18.4786275643259
"(Date(""2025-09-03""), 66)",16.72536923475443
"(Date(""2025-09-03""), 80)",11.154666241706419
"(Date(""2025-09-03""), 103)",15.129920522932494
"(Date(""2025-09-04""), 3)",14.047807522526268
"(Date(""2025-09-04""), 6)",14.047807522526268
"(Date(""2025-09-04""), 17)",12.693364362014492
"(Date(""2025-09-04""), 31)",14.047807522526268
"(Date(""2025-09-04""), 66)",11.4608337307739
"(Date(""2025-09-04""), 80)",9.318604689324536
"(Date(""2025-09-04""), 103)",11.4608337307739
"(Date(""2025-09-05""), 3)",11.680620161565905
"(Date(""2025-09-05""), 6)",12.934890390182968
"(Date(""2025-09-05""), 17)",11.680620161565905
"(Date(""2025-09-05""), 31)",11.680620161565905
"(Date(""2025-09-05""), 66)",11.680620161565905
"(Date(""2025-09-05""), 80)",9.500606098252687
"(Date(""2025-09-05""), 103)",11.680620161565905
"(Date(""2025-09-06""), 3)",14.958858560218212
"(Date(""2025-09-06""), 6)",14.958858560218212
"(Date(""2025-09-06""), 17)",14.958858560218212
"(Date(""2025-09-06""), 31)",14.958858560218212
"(Date(""2025-09-06""), 66)",14.958858560218212
"(Date(""2025-09-06""), 80)",12.215259615337743
"(Date(""2025-09-06""), 103)",13.522412300914018
"(Date(""2025-09-07""), 3)",13.198311788605704
"(Date(""2025-09-07""), 6)",13.198311788605704
"(Date(""2025-09-07""), 17)",11.92033117487825
"(Date(""2025-09-07""), 31)",11.92033117487825
"(Date(""2025-09-07""), 66)",17.84195223100369
"(Date(""2025-09-07""), 80)",10.757380747371519
"(Date(""2025-09-07""), 103)",14.60270049721534
"(Date(""2025-09-08""), 3)",12.389201068634137
"(Date(""2025-09-08""), 6)",15.168911720860944
"(Date(""2025-09-08""), 17)",13.713558716082332
"(Date(""2025-09-08""), 31)",13.713558716082332
"(Date(""2025-09-08""), 66)",16.768217144587872
"(Date(""2025-09-08""), 80)",10.087369907834953
"(Date(""2025-09-08""), 103)",15.168911720860944
"(Date(""2025-09-09""), 3)",13.042220889213858
"(Date(""2025-09-09""), 6)",21.503554226643537
"(Date(""2025-09-09""), 17)",19.478024257320392
"(Date(""2025-09-09""), 31)",17.634810895200953
"(Date(""2025-09-09""), 66)",28.863472508505705
"(Date(""2025-09-09""), 80)",11.77828991366678
"(Date(""2025-09-09""), 103)",21.503554226643537
"(Date(""2025-09-10""), 3)",13.107860948969646
"(Date(""2025-09-10""), 6)",23.845031379944963
"(Date(""2025-09-10""), 17)",17.721918918237275
"(Date(""2025-09-10""), 31)",17.721918918237275
"(Date(""2025-09-10""), 66)",31.970743381927214
"(Date(""2025-09-10""), 80)",11.838021755241366
"(Date(""2025-09-10""), 103)",26.302512385753555
"(Date(""2025-09-11""), 3)",12.120125965187558
"(Date(""2025-09-11""), 6)",18.133316581039157
"(Date(""2025-09-11""), 17)",16.411139463721515
"(Date(""2025-09-11""), 31)",16.411139463721515
"(Date(""2025-09-11""), 66)",24.390979040897182
"(Date(""2025-09-11""), 80)",10.939192141306624
"(Date(""2025-09-11""), 103)",22.105553881839352
"(Date(""2025-09-12""), 3)",11.945788061590756
"(Date(""2025-09-12""), 6)",16.17978333487101
"(Date(""2025-09-12""), 17)",16.17978333487101
"(Date(""2025-09-12""), 31)",14.633442447525333
"(Date(""2025-09-12""), 66)",24.053588221021993
"(Date(""2025-09-12""), 80)",10.78054627661922
"(Date(""2025-09-12""), 103)",14.633442447525333
"(Date(""2025-09-13""), 3)",15.628680912733955
"(Date(""2025-09-13""), 6)",19.080934802168038
"(Date(""2025-09-13""), 17)",21.067187711272556
"(Date(""2025-09-13""), 31)",21.067187711272556
"(Date(""2025-09-13""), 66)",23.24990560857574
"(Date(""2025-09-13""), 80)",14.131944388368574
"(Date(""2025-09-13""), 103)",17.273463198164347
"(Date(""2025-09-14""), 3)",14.81705169409831
"(Date(""2025-09-14""), 6)",14.81705169409831
"(Date(""2025-09-14""), 17)",16.38155380768853
"(Date(""2025-09-14""), 31)",16.38155380768853
"(Date(""2025-09-14""), 66)",16.38155380768853
"(Date(""2025-09-14""), 80)",13.393369376626984
"(Date(""2025-09-14""), 103)",16.38155380768853
"(Date(""2025-09-15""), 3)",11.435385935424293
"(Date(""2025-09-15""), 6)",17.13474783254289
"(Date(""2025-09-15""), 17)",17.13474783254289
"(Date(""2025-09-15""), 31)",17.13474783254289
"(Date(""2025-09-15""), 66)",23.06582257591245
"(Date(""2025-09-15""), 80)",10.316085106825435
"(Date(""2025-09-15""), 103)",14.017076551022507
"(Date(""2025-09-16""), 3)",13.110224194789623
"(Date(""2025-09-16""), 6)",17.725055077346408
"(Date(""2025-09-16""), 17)",16.039625306813278
"(Date(""2025-09-16""), 31)",17.725055077346408
"(Date(""2025-09-16""), 66)",19.577194705652264
"(Date(""2025-09-16""), 80)",10.68443690763653
"(Date(""2025-09-16""), 103)",17.725055077346408
"(Date(""2025-09-17""), 3)",20.123158781787538
"(Date(""2025-09-17""), 6)",22.21250053769386
"(Date(""2025-09-17""), 17)",18.221877289612177
"(Date(""2025-09-17""), 31)",22.21250053769386
"(Date(""2025-09-17""), 66)",22.21250053769386
"(Date(""2025-09-17""), 80)",13.48460348345203
"(Date(""2025-09-17""), 103)",22.21250053769386
"(Date(""2025-09-18""), 3)",13.674332155541187
"(Date(""2025-09-18""), 6)",15.125805168140321
"(Date(""2025-09-18""), 17)",15.125805168140321
"(Date(""2025-09-18""), 31)",13.674332155541187
"(Date(""2025-09-18""), 66)",13.674332155541187
"(Date(""2025-09-18""), 80)",10.057810819151916
"(Date(""2025-09-18""), 103)",12.353505264753442
"(Date(""2025-09-19""), 3)",10.977865166410284
"(Date(""2025-09-19""), 6)",12.162624230967152
"(Date(""2025-09-19""), 17)",12.162624230967152
"(Date(""2025-09-19""), 31)",10.977865166410284
"(Date(""2025-09-19""), 66)",12.162624230967152
"(Date(""2025-09-19""), 80)",9.899745478350036
"(Date(""2025-09-19""), 103)",12.162624230967152
"(Date(""2025-09-20""), 3)",12.81524424855444
"(Date(""2025-09-20""), 6)",21.139809689254584
"(Date(""2025-09-20""), 17)",17.333600224204805
"(Date(""2025-09-20""), 31)",17.333600224204805
"(Date(""2025-09-20""), 66)",15.683405045002875
"(Date(""2025-09-20""), 80)",11.57174328967769
"(Date(""2025-09-20""), 103)",15.683405045002875
"(Date(""2025-09-21""), 3)",12.44847958498649
"(Date(""2025-09-21""), 6)",16.846883044454373
"(Date(""2025-09-21""), 17)",15.240496955329501
"(Date(""2025-09-21""), 31)",13.778700611142511
"(Date(""2025-09-21""), 66)",18.6121605932699
"(Date(""2025-09-21""), 80)",10.136457440019818
"(Date(""2025-09-21""), 103)",16.846883044454373
"(Date(""2025-09-22""), 3)",13.415367442027883
"(Date(""2025-09-22""), 6)",14.841225640344781
"(Date(""2025-09-22""), 17)",16.408118856317913
"(Date(""2025-09-22""), 31)",16.408118856317913
"(Date(""2025-09-22""), 66)",18.129997198190004
"(Date(""2025-09-22""), 80)",10.937120845958598
"(Date(""2025-09-22""), 103)",18.129997198190004
"(Date(""2025-09-23""), 3)",20.366081193706496
"(Date(""2025-09-23""), 6)",30.15854197284983
"(Date(""2025-09-23""), 17)",27.353982305039796
"(Date(""2025-09-23""), 31)",27.353982305039796
"(Date(""2025-09-23""), 66)",33.2405072920314
"(Date(""2025-09-23""), 80)",16.692888803530813
"(Date(""2025-09-23""), 103)",27.353982305039796
"(Date(""2025-09-24""), 3)",13.180551796594854
"(Date(""2025-09-24""), 6)",19.67975471714111
"(Date(""2025-09-24""), 17)",16.124553509720954
"(Date(""2025-09-24""), 31)",17.81838373032039
"(Date(""2025-09-24""), 66)",21.725238324908943
"(Date(""2025-09-24""), 80)",11.904169747952302
"(Date(""2025-09-24""), 103)",19.67975471714111
"(Date(""2025-09-25""), 3)",14.958813745070925
"(Date(""2025-09-25""), 6)",14.958813745070925
"(Date(""2025-09-25""), 17)",16.537337879494288
"(Date(""2025-09-25""), 31)",16.537337879494288
"(Date(""2025-09-25""), 66)",18.271997581558235
"(Date(""2025-09-25""), 80)",13.522371519548372
"(Date(""2025-09-25""), 103)",18.271997581558235
"(Date(""2025-09-26""), 3)",12.542348176701083
"(Date(""2025-09-26""), 6)",15.353853455468283
"(Date(""2025-09-26""), 17)",13.88185396799396
"(Date(""2025-09-26""), 31)",12.542348176701083
"(Date(""2025-09-26""), 66)",13.88185396799396
"(Date(""2025-09-26""), 80)",11.323410411997235
"(Date(""2025-09-26""), 103)",13.88185396799396
"(Date(""2025-09-27""), 3)",16.013198197907677
"(Date(""2025-09-27""), 6)",16.013198197907677
"(Date(""2025-09-27""), 17)",14.481851528096024
"(Date(""2025-09-27""), 31)",16.013198197907677
"(Date(""2025-09-27""), 66)",17.696014000393
"(Date(""2025-09-27""), 80)",11.82025819690608
"(Date(""2025-09-27""), 103)",16.013198197907677
"(Date(""2025-09-28""), 3)",13.082226600900134
"(Date(""2025-09-28""), 6)",16.00581517716662
"(Date(""2025-09-28""), 17)",13.082226600900134
"(Date(""2025-09-28""), 31)",13.082226600900134
"(Date(""2025-09-28""), 66)",14.475133048148148
"(Date(""2025-09-28""), 80)",10.66125257584624
"(Date(""2025-09-28""), 103)",21.567665930156135
"(Date(""2025-09-29""), 3)",11.200412743869007
"(Date(""2025-09-29""), 6)",12.407184517370773
"(Date(""2025-09-29""), 17)",11.200412743869007
"(Date(""2025-09-29""), 31)",12.407184517370773
"(Date(""2025-09-29""), 66)",13.733320950404439
"(Date(""2025-09-29""), 80)",9.102954494904644
"(Date(""2025-09-29""), 103)",12.407184517370773
"(Date(""2025-09-30""), 3)",12.299452627113759
"(Date(""2025-09-30""), 6)",15.060530748718602
"(Date(""2025-09-30""), 17)",13.614933043257054
"(Date(""2025-09-30""), 31)",13.614933043257054
"(Date(""2025-09-30""), 66)",13.614933043257054
"(Date(""2025-09-30""), 80)",10.013050748335646
"(Date(""2025-09-30""), 103)",15.060530748718602
"(Date(""2025-10-01""), 3)",10.078165131095185
"(Date(""2025-10-01""), 6)",11.173932730360653
"(Date(""2025-10-01""), 17)",12.37808530289482
"(Date(""2025-10-01""), 31)",11.173932730360653
"(Date(""2025-10-01""), 66)",13.701343463578374
"(Date(""2025-10-01""), 80)",9.08102684564263
"(Date(""2025-10-01""), 103)",12.37808530289482
"(Date(""2025-10-02""), 3)",14.834164605726988
"(Date(""2025-10-02""), 6)",20.012820225456913
"(Date(""2025-10-02""), 17)",16.40035939801173
"(Date(""2025-10-02""), 31)",16.40035939801173
"(Date(""2025-10-02""), 66)",16.40035939801173
"(Date(""2025-10-02""), 80)",10.931800018805209
"(Date(""2025-10-02""), 103)",16.40035939801173
"(Date(""2025-10-03""), 3)",14.993548536961269
"(Date(""2025-10-03""), 6)",18.313943608123864
"(Date(""2025-10-03""), 17)",16.57550837206884
"(Date(""2025-10-03""), 31)",16.57550837206884
"(Date(""2025-10-03""), 66)",18.313943608123864
"(Date(""2025-10-03""), 80)",9.967119607649144
"(Date(""2025-10-03""), 103)",14.993548536961269
"(Date(""2025-10-04""), 3)",15.908307608193045
"(Date(""2025-10-04""), 6)",17.580748433566452
"(Date(""2025-10-04""), 17)",19.41861434932681
"(Date(""2025-10-04""), 31)",15.908307608193045
"(Date(""2025-10-04""), 66)",23.657690267269164
"(Date(""2025-10-04""), 80)",10.59438954234789
"(Date(""2025-10-04""), 103)",15.908307608193045
"(Date(""2025-10-05""), 3)",19.22382086301592
"(Date(""2025-10-05""), 6)",17.40348817957868
"(Date(""2025-10-05""), 17)",17.40348817957868
"(Date(""2025-10-05""), 31)",19.22382086301592
"(Date(""2025-10-05""), 66)",23.42245601633706
"(Date(""2025-10-05""), 80)",11.619666961147347
"(Date(""2025-10-05""), 103)",15.747002431932373
"(Date(""2025-10-06""), 3)",17.88289885628881
"(Date(""2025-10-06""), 6)",24.058660742933807
"(Date(""2025-10-06""), 17)",24.058660742933807
"(Date(""2025-10-06""), 31)",26.53727233593305
"(Date(""2025-10-06""), 66)",26.53727233593305
"(Date(""2025-10-06""), 80)",11.948409154945884
"(Date(""2025-10-06""), 103)",17.88289885628881
"(Date(""2025-10-07""), 3)",17.666695246444352
"(Date(""2025-10-07""), 6)",19.513062365400117
"(Date(""2025-10-07""), 17)",19.513062365400117
"(Date(""2025-10-07""), 31)",19.513062365400117
"(Date(""2025-10-07""), 66)",21.54205803713147
"(Date(""2025-10-07""), 80)",11.800153697860173
"(Date(""2025-10-07""), 103)",15.986518405528749
"(Date(""2025-10-08""), 3)",11.621490335820894
"(Date(""2025-10-08""), 6)",12.869911893070917
"(Date(""2025-10-08""), 17)",12.869911893070917
"(Date(""2025-10-08""), 31)",11.621490335820894
"(Date(""2025-10-08""), 66)",12.869911893070917
"(Date(""2025-10-08""), 80)",10.485438373750865
"(Date(""2025-10-08""), 103)",12.869911893070917
"(Date(""2025-10-09""), 3)",11.275553217950591
"(Date(""2025-10-09""), 6)",13.824061218315936
"(Date(""2025-10-09""), 17)",10.17063882609238
"(Date(""2025-10-09""), 31)",15.290344287789601
"(Date(""2025-10-09""), 66)",13.824061218315936
"(Date(""2025-10-09""), 80)",10.17063882609238
"(Date(""2025-10-09""), 103)",18.67235665081928
"(Date(""2025-10-10""), 3)",15.048306494151397
"(Date(""2025-10-10""), 6)",18.380069777361545
"(Date(""2025-10-10""), 17)",11.093166169274884
"(Date(""2025-10-10""), 31)",18.380069777361545
"(Date(""2025-10-10""), 66)",16.635682568733724
"(Date(""2025-10-10""), 80)",11.093166169274884
"(Date(""2025-10-10""), 103)",18.380069777361545
"(Date(""2025-10-11""), 3)",13.412069135584876
"(Date(""2025-10-11""), 6)",16.404135793741442
"(Date(""2025-10-11""), 17)",18.125620161443127
"(Date(""2025-10-11""), 31)",24.380765462512848
"(Date(""2025-10-11""), 66)",24.380765462512848
"(Date(""2025-10-11""), 80)",10.93438957443496
"(Date(""2025-10-11""), 103)",24.380765462512848
"(Date(""2025-10-12""), 3)",9.55691822265822
"(Date(""2025-10-12""), 6)",10.601128053401233
"(Date(""2025-10-12""), 17)",10.601128053401233
"(Date(""2025-10-12""), 31)",11.748623156192684
"(Date(""2025-10-12""), 66)",15.918134500527046
"(Date(""2025-10-12""), 80)",8.606697025227524
"(Date(""2025-10-12""), 103)",13.009619722365043
"(Date(""2025-10-13""), 3)",9.664710822811916
"(Date(""2025-10-13""), 6)",10.719582675405233
"(Date(""2025-10-13""), 17)",11.878794405926927
"(Date(""2025-10-13""), 31)",11.878794405926927
"(Date(""2025-10-13""), 66)",11.878794405926927
"(Date(""2025-10-13""), 80)",9.664710822811916
"(Date(""2025-10-13""), 103)",11.878794405926927
"(Date(""2025-10-14""), 3)",16.078335622799887
"(Date(""2025-10-14""), 6)",16.078335622799887
"(Date(""2025-10-14""), 17)",17.767594322538663
"(Date(""2025-10-14""), 31)",16.078335622799887
"(Date(""2025-10-14""), 66)",19.62394160852314
"(Date(""2025-10-14""), 80)",11.869342360605673
"(Date(""2025-10-14""), 103)",17.767594322538663
"(Date(""2025-10-15""), 3)",11.705907762912902
"(Date(""2025-10-15""), 6)",11.705907762912902
"(Date(""2025-10-15""), 17)",12.962679248181342
"(Date(""2025-10-15""), 31)",12.962679248181342
"(Date(""2025-10-15""), 66)",11.705907762912902
"(Date(""2025-10-15""), 80)",9.521546331264263
"(Date(""2025-10-15""), 103)",15.861448789458773
"(Date(""2025-10-16""), 3)",11.964220840314159
"(Date(""2025-10-16""), 6)",13.246542684990796
"(Date(""2025-10-16""), 17)",11.964220840314159
"(Date(""2025-10-16""), 31)",13.246542684990796
"(Date(""2025-10-16""), 66)",11.964220840314159
"(Date(""2025-10-16""), 80)",9.735451001639872
"(Date(""2025-10-16""), 103)",14.655702026003622
"(Date(""2025-10-17""), 3)",15.91626836905833
"(Date(""2025-10-17""), 6)",19.428227831042545
"(Date(""2025-10-17""), 17)",15.91626836905833
"(Date(""2025-10-17""), 31)",17.589496612178127
"(Date(""2025-10-17""), 66)",17.589496612178127
"(Date(""2025-10-17""), 80)",10.599848406987949
"(Date(""2025-10-17""), 103)",19.428227831042545
"(Date(""2025-10-18""), 3)",16.091391271499845
"(Date(""2025-10-18""), 6)",19.639707719600725
"(Date(""2025-10-18""), 17)",16.091391271499845
"(Date(""2025-10-18""), 31)",17.78194133642984
"(Date(""2025-10-18""), 66)",14.553006495069155
"(Date(""2025-10-18""), 80)",10.719933941019141
"(Date(""2025-10-18""), 103)",13.153090710586481
"(Date(""2025-10-19""), 3)",9.10727321774211
"(Date(""2025-10-19""), 6)",10.107007594136128
"(Date(""2025-10-19""), 17)",10.107007594136128
"(Date(""2025-10-19""), 31)",11.205628069858056
"(Date(""2025-10-19""), 66)",11.205628069858056
"(Date(""2025-10-19""), 80)",8.197524268554568
"(Date(""2025-10-19""), 103)",11.205628069858056
"(Date(""2025-10-20""), 3)",13.556736630685272
"(Date(""2025-10-20""), 6)",14.996577990891534
"(Date(""2025-10-20""), 17)",14.996577990891534
"(Date(""2025-10-20""), 31)",14.996577990891534
"(Date(""2025-10-20""), 66)",16.578837476475602
"(Date(""2025-10-20""), 80)",12.246494434984134
"(Date(""2025-10-20""), 103)",13.556736630685272
"(Date(""2025-10-21""), 3)",12.13198623847095
"(Date(""2025-10-21""), 6)",14.858296930561954
"(Date(""2025-10-21""), 17)",16.426878708357037
"(Date(""2025-10-21""), 31)",14.858296930561954
"(Date(""2025-10-21""), 66)",18.15061263170749
"(Date(""2025-10-21""), 80)",10.949984879269241
"(Date(""2025-10-21""), 103)",14.858296930561954
"(Date(""2025-10-22""), 3)",13.84796883420246
"(Date(""2025-10-22""), 6)",16.930531932687213
"(Date(""2025-10-22""), 17)",15.316616662691189
"(Date(""2025-10-22""), 31)",16.930531932687213
"(Date(""2025-10-22""), 66)",16.930531932687213
"(Date(""2025-10-22""), 80)",11.295350708449803
"(Date(""2025-10-22""), 103)",16.930531932687213
"(Date(""2025-10-23""), 3)",12.112685833711485
"(Date(""2025-10-23""), 6)",14.834989599591793
"(Date(""2025-10-23""), 17)",13.409692703161161
"(Date(""2025-10-23""), 31)",14.834989599591793
"(Date(""2025-10-23""), 66)",13.409692703161161
"(Date(""2025-10-23""), 80)",10.932421691123055
"(Date(""2025-10-23""), 103)",13.409692703161161
"(Date(""2025-10-24""), 3)",15.432333026800059
"(Date(""2025-10-24""), 6)",20.806623107359997
"(Date(""2025-10-24""), 17)",15.432333026800059
"(Date(""2025-10-24""), 31)",17.05769407694061
"(Date(""2025-10-24""), 66)",15.432333026800059
"(Date(""2025-10-24""), 80)",12.60733577626758
"(Date(""2025-10-24""), 103)",18.843823445189457
"(Date(""2025-10-25""), 3)",11.045471043670998
"(Date(""2025-10-25""), 6)",11.045471043670998
"(Date(""2025-10-25""), 17)",11.045471043670998
"(Date(""2025-10-25""), 31)",11.045471043670998
"(Date(""2025-10-25""), 66)",11.045471043670998
"(Date(""2025-10-25""), 80)",9.961266195501606
"(Date(""2025-10-25""), 103)",12.23691716596221
"(Date(""2025-10-26""), 3)",10.686224011973895
"(Date(""2025-10-26""), 6)",11.842136157942527
"(Date(""2025-10-26""), 17)",11.842136157942527
"(Date(""2025-10-26""), 31)",11.842136157942527
"(Date(""2025-10-26""), 66)",11.842136157942527
"(Date(""2025-10-26""), 80)",10.686224011973895
"(Date(""2025-10-26""), 103)",13.112382317004588
"(Date(""2025-10-27""), 3)",15.549693060256885
"(Date(""2025-10-27""), 6)",18.985548407776363
"(Date(""2025-10-27""), 17)",12.704519625898458
"(Date(""2025-10-27""), 31)",17.186662469777254
"(Date(""2025-10-27""), 66)",17.186662469777254
"(Date(""2025-10-27""), 80)",12.704519625898458
"(Date(""2025-10-27""), 103)",18.985548407776363
"(Date(""2025-10-28""), 3)",13.43676506140097
"(Date(""2025-10-28""), 6)",14.864739749022098
"(Date(""2025-10-28""), 17)",10.954839850992606
"(Date(""2025-10-28""), 31)",18.158393033419404
"(Date(""2025-10-28""), 66)",16.433958801278525
"(Date(""2025-10-28""), 80)",10.954839850992606
"(Date(""2025-10-28""), 103)",14.864739749022098
"(Date(""2025-10-29""), 3)",10.703557976947767
"(Date(""2025-10-29""), 6)",14.531274676711915
"(Date(""2025-10-29""), 17)",11.861184666521805
"(Date(""2025-10-29""), 31)",14.531274676711915
"(Date(""2025-10-29""), 66)",14.531274676711915
"(Date(""2025-10-29""), 80)",9.650128496819177
"(Date(""2025-10-29""), 103)",13.133314958765537
"(Date(""2025-10-30""), 3)",16.52695567352058
"(Date(""2025-10-30""), 6)",18.26058844695688
"(Date(""2025-10-30""), 17)",18.26058844695688
"(Date(""2025-10-30""), 31)",20.16569895155862
"(Date(""2025-10-30""), 66)",20.16569895155862
"(Date(""2025-10-30""), 80)",13.513774191186524
"(Date(""2025-10-30""), 103)",18.26058844695688
"(Date(""2025-10-31""), 3)",14.340412788994973
"(Date(""2025-10-31""), 6)",15.85776941751785
"(Date(""2025-10-31""), 17)",12.959632422793598
"(Date(""2025-10-31""), 31)",14.340412788994973
"(Date(""2025-10-31""), 66)",14.340412788994973
"(Date(""2025-10-31""), 80)",11.703135180254641
"(Date(""2025-10-31""), 103)",15.85776941751785
"(Date(""2025-11-01""), 3)",12.716661194160611
"(Date(""2025-11-01""), 6)",11.482033630532051
"(Date(""2025-11-01""), 17)",10.358534073879438
"(Date(""2025-11-01""), 31)",11.482033630532051
"(Date(""2025-11-01""), 66)",10.358534073879438
"(Date(""2025-11-01""), 80)",9.336159966104887
"(Date(""2025-11-01""), 103)",12.716661194160611
"(Date(""2025-11-02""), 3)",14.626559381978403
"(Date(""2025-11-02""), 6)",13.220023150998058
"(Date(""2025-11-02""), 17)",13.220023150998058
"(Date(""2025-11-02""), 31)",13.220023150998058
"(Date(""2025-11-02""), 66)",14.626559381978403
"(Date(""2025-11-02""), 80)",9.715467264949474
"(Date(""2025-11-02""), 103)",11.94008831196212
"(Date(""2025-11-03""), 3)",12.98501484486818
"(Date(""2025-11-03""), 6)",14.368305846664086
"(Date(""2025-11-03""), 17)",12.98501484486818
"(Date(""2025-11-03""), 31)",12.98501484486818
"(Date(""2025-11-03""), 66)",11.72623294737702
"(Date(""2025-11-03""), 80)",9.53837727117199
"(Date(""2025-11-03""), 103)",11.72623294737702
"(Date(""2025-11-04""), 3)",10.874411994922152
"(Date(""2025-11-04""), 6)",10.874411994922152
"(Date(""2025-11-04""), 17)",8.832998813809345
"(Date(""2025-11-04""), 31)",9.805604058115076
"(Date(""2025-11-04""), 66)",9.805604058115076
"(Date(""2025-11-04""), 80)",7.947937121549703
"(Date(""2025-11-04""), 103)",10.874411994922152
"(Date(""2025-11-05""), 3)",16.065704036052576
"(Date(""2025-11-05""), 6)",17.753713315574085
"(Date(""2025-11-05""), 17)",16.065704036052576
"(Date(""2025-11-05""), 31)",17.753713315574085
"(Date(""2025-11-05""), 66)",16.065704036052576
"(Date(""2025-11-05""), 80)",11.859823856109731
"(Date(""2025-11-05""), 103)",14.52963135062331
"(Date(""2025-11-06""), 3)",15.269414267572486
"(Date(""2025-11-06""), 6)",12.472425519918296
"(Date(""2025-11-06""), 17)",11.259781447109596
"(Date(""2025-11-06""), 31)",13.805015095317072
"(Date(""2025-11-06""), 66)",12.472425519918296
"(Date(""2025-11-06""), 80)",10.156286661869345
"(Date(""2025-11-06""), 103)",13.805015095317072
"(Date(""2025-11-07""), 3)",16.289527139406754
"(Date(""2025-11-07""), 6)",17.999675293166035
"(Date(""2025-11-07""), 17)",16.289527139406754
"(Date(""2025-11-07""), 31)",17.999675293166035
"(Date(""2025-11-07""), 66)",16.289527139406754
"(Date(""2025-11-07""), 80)",10.855799959550216
"(Date(""2025-11-07""), 103)",13.317163656256115
"(Date(""2025-11-08""), 3)",12.834602132789362
"(Date(""2025-11-08""), 6)",10.456198961212975
"(Date(""2025-11-08""), 17)",9.425034101797491
"(Date(""2025-11-08""), 31)",10.456198961212975
"(Date(""2025-11-08""), 66)",10.456198961212975
"(Date(""2025-11-08""), 80)",8.486683706489464
"(Date(""2025-11-08""), 103)",10.456198961212975
"(Date(""2025-11-09""), 3)",12.541181681665602
"(Date(""2025-11-09""), 6)",12.541181681665602
"(Date(""2025-11-09""), 17)",12.541181681665602
"(Date(""2025-11-09""), 31)",12.541181681665602
"(Date(""2025-11-09""), 66)",15.352444786261294
"(Date(""2025-11-09""), 80)",11.322348912405126
"(Date(""2025-11-09""), 103)",12.541181681665602
"(Date(""2025-11-10""), 3)",19.983393100463836
"(Date(""2025-11-10""), 6)",26.846133845334982
"(Date(""2025-11-10""), 17)",19.983393100463836
"(Date(""2025-11-10""), 31)",22.05891030119595
"(Date(""2025-11-10""), 66)",18.094691824433564
"(Date(""2025-11-10""), 80)",16.375991295803846
"(Date(""2025-11-10""), 103)",24.339721833016952
"(Date(""2025-11-11""), 3)",12.883181588247144
"(Date(""2025-11-11""), 6)",12.883181588247144
"(Date(""2025-11-11""), 17)",11.633565634547896
"(Date(""2025-11-11""), 31)",12.883181588247144
"(Date(""2025-11-11""), 66)",12.883181588247144
"(Date(""2025-11-11""), 80)",10.496426782859734
"(Date(""2025-11-11""), 103)",12.883181588247144
"(Date(""2025-11-12""), 3)",23.811565419259495
"(Date(""2025-11-12""), 6)",23.811565419259495
"(Date(""2025-11-12""), 17)",23.811565419259495
"(Date(""2025-11-12""), 31)",21.57829289544503
"(Date(""2025-11-12""), 66)",21.57829289544503
"(Date(""2025-11-12""), 80)",14.482420186403953
"(Date(""2025-11-12""), 103)",19.546035748183677
"(Date(""2025-11-13""), 3)",19.05789984399237
"(Date(""2025-11-13""), 6)",19.05789984399237
"(Date(""2025-11-13""), 17)",19.05789984399237
"(Date(""2025-11-13""), 31)",19.05789984399237
"(Date(""2025-11-13""), 66)",15.6096060552577
"(Date(""2025-11-13""), 80)",14.11458644614444
"(Date(""2025-11-13""), 103)",21.041874310726634
"(Date(""2025-11-14""), 3)",17.614427757611747
"(Date(""2025-11-14""), 6)",21.4789393784099
"(Date(""2025-11-14""), 17)",19.45562497522735
"(Date(""2025-11-14""), 31)",17.614427757611747
"(Date(""2025-11-14""), 66)",17.614427757611747
"(Date(""2025-11-14""), 80)",13.026861220577961
"(Date(""2025-11-14""), 103)",14.414291346687943
"(Date(""2025-11-15""), 3)",15.12306822056236
"(Date(""2025-11-15""), 6)",15.12306822056236
"(Date(""2025-11-15""), 17)",13.671841558796865
"(Date(""2025-11-15""), 31)",13.671841558796865
"(Date(""2025-11-15""), 66)",15.12306822056236
"(Date(""2025-11-15""), 80)",11.149502704280563
"(Date(""2025-11-15""), 103)",15.12306822056236
"(Date(""2025-11-16""), 3)",14.294037771664664
"(Date(""2025-11-16""), 6)",15.806807337185266
"(Date(""2025-11-16""), 17)",15.806807337185266
"(Date(""2025-11-16""), 31)",15.806807337185266
"(Date(""2025-11-16""), 66)",15.806807337185266
"(Date(""2025-11-16""), 80)",12.917431589971406
"(Date(""2025-11-16""), 103)",14.294037771664664
"(Date(""2025-11-17""), 3)",15.164884618392826
"(Date(""2025-11-17""), 6)",15.164884618392826
"(Date(""2025-11-17""), 17)",12.385866293505142
"(Date(""2025-11-17""), 31)",12.385866293505142
"(Date(""2025-11-17""), 66)",12.385866293505142
"(Date(""2025-11-17""), 80)",11.181013359174187
"(Date(""2025-11-17""), 103)",12.385866293505142
"(Date(""2025-11-18""), 3)",12.09110982365777
"(Date(""2025-11-18""), 6)",13.385982558757712
"(Date(""2025-11-18""), 17)",12.09110982365777
"(Date(""2025-11-18""), 31)",13.385982558757712
"(Date(""2025-11-18""), 66)",14.80893422854623
"(Date(""2025-11-18""), 80)",9.840525612764763
"(Date(""2025-11-18""), 103)",14.80893422854623
"(Date(""2025-11-19""), 3)",17.22010457699443
"(Date(""2025-11-19""), 6)",19.022298353169457
"(Date(""2025-11-19""), 17)",15.580125065615327
"(Date(""2025-11-19""), 31)",17.22010457699443
"(Date(""2025-11-19""), 66)",21.0027513919716
"(Date(""2025-11-19""), 80)",11.493916887673958
"(Date(""2025-11-19""), 103)",19.022298353169457
"(Date(""2025-11-20""), 3)",29.85693071264585
"(Date(""2025-11-20""), 6)",29.85693071264585
"(Date(""2025-11-20""), 17)",32.909062946420754
"(Date(""2025-11-20""), 31)",29.85693071264585
"(Date(""2025-11-20""), 66)",29.85693071264585
"(Date(""2025-11-20""), 80)",18.254728949310866
"(Date(""2025-11-20""), 103)",27.079518874039845
"(Date(""2025-11-21""), 3)",25.23958019551745
"(Date(""2025-11-21""), 6)",27.83499933364447
"(Date(""2025-11-21""), 17)",41.050600148852006
"(Date(""2025-11-21""), 31)",25.23958019551745
"(Date(""2025-11-21""), 66)",27.83499933364447
"(Date(""2025-11-21""), 80)",16.993043494612586
"(Date(""2025-11-21""), 103)",25.23958019551745
"(Date(""2025-11-22""), 3)",16.868248079634338
"(Date(""2025-11-22""), 6)",20.577846529085182
"(Date(""2025-11-22""), 17)",16.868248079634338
"(Date(""2025-11-22""), 31)",16.868248079634338
"(Date(""2025-11-22""), 66)",16.868248079634338
"(Date(""2025-11-22""), 80)",12.464579160398879
"(Date(""2025-11-22""), 103)",20.577846529085182
"(Date(""2025-11-23""), 3)",24.343435289304782
"(Date(""2025-11-23""), 6)",26.850214608395493
"(Date(""2025-11-23""), 17)",26.850214608395493
"(Date(""2025-11-23""), 31)",24.343435289304782
"(Date(""2025-11-23""), 66)",26.850214608395493
"(Date(""2025-11-23""), 80)",16.37853769250701
"(Date(""2025-11-23""), 103)",26.850214608395493
"(Date(""2025-11-24""), 3)",20.762348973559433
"(Date(""2025-11-24""), 6)",20.762348973559433
"(Date(""2025-11-24""), 17)",20.762348973559433
"(Date(""2025-11-24""), 31)",20.762348973559433
"(Date(""2025-11-24""), 66)",20.762348973559433
"(Date(""2025-11-24""), 80)",13.92290992113834
"(Date(""2025-11-24""), 103)",20.762348973559433
"(Date(""2025-11-25""), 3)",16.253922583443202
"(Date(""2025-11-25""), 6)",17.960549006090027
"(Date(""2025-11-25""), 17)",19.835981897665327
"(Date(""2025-11-25""), 31)",17.960549006090027
"(Date(""2025-11-25""), 66)",19.835981897665327
"(Date(""2025-11-25""), 80)",10.83138515110873
"(Date(""2025-11-25""), 103)",17.960549006090027
"(Date(""2025-11-26""), 3)",19.520994923611838
"(Date(""2025-11-26""), 6)",21.550775223498196
"(Date(""2025-11-26""), 17)",19.520994923611838
"(Date(""2025-11-26""), 31)",21.550775223498196
"(Date(""2025-11-26""), 66)",21.550775223498196
"(Date(""2025-11-26""), 80)",14.463550727955282
"(Date(""2025-11-26""), 103)",21.550775223498196
"(Date(""2025-11-27""), 3)",9.446547507269175
"(Date(""2025-11-27""), 6)",10.479840308666633
"(Date(""2025-11-27""), 17)",9.446547507269175
"(Date(""2025-11-27""), 31)",10.479840308666633
"(Date(""2025-11-27""), 66)",15.741258392510641
"(Date(""2025-11-27""), 80)",8.506260704623612
"(Date(""2025-11-27""), 103)",8.506260704623612
"(Date(""2025-11-28""), 3)",11.133857356659009
"(Date(""2025-11-28""), 6)",13.652948105540144
"(Date(""2025-11-28""), 17)",11.133857356659009
"(Date(""2025-11-28""), 31)",12.33404597888994
"(Date(""2025-11-28""), 66)",12.33404597888994
"(Date(""2025-11-28""), 80)",10.041696915162799
"(Date(""2025-11-28""), 103)",11.133857356659009
"(Date(""2025-11-29""), 3)",10.86638839221044
"(Date(""2025-11-29""), 6)",13.32995033651193
"(Date(""2025-11-29""), 17)",12.040121024520333
"(Date(""2025-11-29""), 31)",12.040121024520333
"(Date(""2025-11-29""), 66)",16.30496844193103
"(Date(""2025-11-29""), 80)",8.82635460473352
"(Date(""2025-11-29""), 103)",18.01664393156195
"(Date(""2025-11-30""), 3)",15.110408317198328
"(Date(""2025-11-30""), 6)",20.379411049292408
"(Date(""2025-11-30""), 17)",22.494099325010207
"(Date(""2025-11-30""), 31)",18.455064460718912
"(Date(""2025-11-30""), 66)",27.371671767416423
"(Date(""2025-11-30""), 80)",12.340755394097636
"(Date(""2025-11-30""), 103)",16.703927030452753
"(Date(""2025-12-01""), 3)",10.833105589644392
"(Date(""2025-12-01""), 6)",13.289757744455489
"(Date(""2025-12-01""), 17)",13.289757744455489
"(Date(""2025-12-01""), 31)",12.00354614097941
"(Date(""2025-12-01""), 66)",16.256431530022557
"(Date(""2025-12-01""), 80)",9.768015614941099
"(Date(""2025-12-01""), 103)",13.289757744455489
"(Date(""2025-12-02""), 3)",15.838899811223456
"(Date(""2025-12-02""), 6)",21.346159923065514
"(Date(""2025-12-02""), 17)",19.334796910467833
"(Date(""2025-12-02""), 31)",19.334796910467833
"(Date(""2025-12-02""), 66)",23.55647162377935
"(Date(""2025-12-02""), 80)",12.94400682243636
"(Date(""2025-12-02""), 103)",19.334796910467833
"(Date(""2025-12-03""), 3)",19.09766615028725
"(Date(""2025-12-03""), 6)",21.085573996734198
"(Date(""2025-12-03""), 17)",21.085573996734198
"(Date(""2025-12-03""), 31)",23.270110525159172
"(Date(""2025-12-03""), 66)",21.085573996734198
"(Date(""2025-12-03""), 80)",11.540946403296362
"(Date(""2025-12-03""), 103)",23.270110525159172
"(Date(""2025-12-04""), 3)",12.554938010393409
"(Date(""2025-12-04""), 6)",13.895689092009812
"(Date(""2025-12-04""), 17)",12.554938010393409
"(Date(""2025-12-04""), 31)",12.554938010393409
"(Date(""2025-12-04""), 66)",12.554938010393409
"(Date(""2025-12-04""), 80)",10.224613853254754
"(Date(""2025-12-04""), 103)",15.369057044428374
"(Date(""2025-12-05""), 3)",14.035603792343586
"(Date(""2025-12-05""), 6)",20.926692480644213
"(Date(""2025-12-05""), 17)",20.926692480644213
"(Date(""2025-12-05""), 31)",23.095513661320403
"(Date(""2025-12-05""), 66)",15.522811039760228
"(Date(""2025-12-05""), 80)",10.33004626889794
"(Date(""2025-12-05""), 103)",15.522811039760228
"(Date(""2025-12-06""), 3)",22.039155235643324
"(Date(""2025-12-06""), 6)",19.9654161752405
"(Date(""2025-12-06""), 17)",22.039155235643324
"(Date(""2025-12-06""), 31)",19.9654161752405
"(Date(""2025-12-06""), 66)",26.822277462170454
"(Date(""2025-12-06""), 80)",13.376435991464513
"(Date(""2025-12-06""), 103)",14.79844338763007
"(Date(""2025-12-07""), 3)",18.14647432151846
"(Date(""2025-12-07""), 6)",26.921649195775288
"(Date(""2025-12-07""), 17)",24.408440096920604
"(Date(""2025-12-07""), 31)",20.040297527204338
"(Date(""2025-12-07""), 66)",24.408440096920604
"(Date(""2025-12-07""), 80)",13.427783742182376
"(Date(""2025-12-07""), 103)",22.121443279807558
"(Date(""2025-12-08""), 3)",14.1119057409429
"(Date(""2025-12-08""), 6)",17.249264359146967
"(Date(""2025-12-08""), 17)",14.1119057409429
"(Date(""2025-12-08""), 31)",14.1119057409429
"(Date(""2025-12-08""), 66)",15.606660195143927
"(Date(""2025-12-08""), 80)",9.362558213858996
"(Date(""2025-12-08""), 103)",17.249264359146967
"(Date(""2025-12-09""), 3)",24.202943177650837
"(Date(""2025-12-09""), 6)",29.435285963397785
"(Date(""2025-12-09""), 17)",24.202943177650837
"(Date(""2025-12-09""), 31)",21.934443001752438
"(Date(""2025-12-09""), 66)",24.202943177650837
"(Date(""2025-12-09""), 80)",12.022963338736998
"(Date(""2025-12-09""), 103)",24.202943177650837
"(Date(""2025-12-10""), 3)",27.81543983583242
"(Date(""2025-12-10""), 6)",33.79776728387599
"(Date(""2025-12-10""), 17)",27.81543983583242
"(Date(""2025-12-10""), 31)",30.665643362954526
"(Date(""2025-12-10""), 66)",33.79776728387599
"(Date(""2025-12-10""), 80)",27.81543983583242
"(Date(""2025-12-10""), 103)",27.81543983583242
"(Date(""2025-12-11""), 3)",14.250065409030125
"(Date(""2025-12-11""), 6)",14.250065409030125
"(Date(""2025-12-11""), 17)",14.250065409030125
"(Date(""2025-12-11""), 31)",15.758485563825406
"(Date(""2025-12-11""), 66)",14.250065409030125
"(Date(""2025-12-11""), 80)",14.250065409030125
"(Date(""2025-12-11""), 103)",15.758485563825406
"(Date(""2025-12-12""), 3)",10.721586945448797
"(Date(""2025-12-12""), 6)",13.155086892626043
"(Date(""2025-12-12""), 17)",10.721586945448797
"(Date(""2025-12-12""), 31)",11.880996923076209
"(Date(""2025-12-12""), 66)",11.880996923076209
"(Date(""2025-12-12""), 80)",11.880996923076209
"(Date(""2025-12-12""), 103)",14.555200124210769
"(Date(""2025-12-13""), 3)",28.64159608855204
"(Date(""2025-12-13""), 6)",31.57351669092516
"(Date(""2025-12-13""), 17)",38.3360524734645
"(Date(""2025-12-13""), 31)",31.57351669092516
"(Date(""2025-12-13""), 66)",34.795440516908066
"(Date(""2025-12-13""), 80)",34.795440516908066
"(Date(""2025-12-13""), 103)",28.64159608855204
"(Date(""2025-12-14""), 3)",16.329428155316783
"(Date(""2025-12-14""), 6)",18.043523013236417
"(Date(""2025-12-14""), 17)",16.329428155316783
"(Date(""2025-12-14""), 31)",18.043523013236417
"(Date(""2025-12-14""), 66)",18.043523013236417
"(Date(""2025-12-14""), 80)",19.927163060738383
"(Date(""2025-12-14""), 103)",19.927163060738383
"(Date(""2025-12-15""), 3)",15.099787644431846
"(Date(""2025-12-15""), 6)",20.365316823731888
"(Date(""2025-12-15""), 17)",15.099787644431846
"(Date(""2025-12-15""), 31)",20.365316823731888
"(Date(""2025-12-15""), 66)",22.478611006156875
"(Date(""2025-12-15""), 80)",18.442238847039864
"(Date(""2025-12-15""), 103)",16.69225584174232
"(Date(""2025-12-16""), 3)",16.78088585565732
"(Date(""2025-12-16""), 6)",20.472347173299752
"(Date(""2025-12-16""), 17)",18.539635465931525
"(Date(""2025-12-16""), 31)",16.78088585565732
"(Date(""2025-12-16""), 66)",16.78088585565732
"(Date(""2025-12-16""), 80)",16.78088585565732
"(Date(""2025-12-16""), 103)",15.180440129661452
"(Date(""2025-12-17""), 3)",18.214111336297528
"(Date(""2025-12-17""), 6)",14.910879128920852
"(Date(""2025-12-17""), 17)",14.910879128920852
"(Date(""2025-12-17""), 31)",16.48466193672208
"(Date(""2025-12-17""), 66)",14.910879128920852
"(Date(""2025-12-17""), 80)",16.48466193672208
"(Date(""2025-12-17""), 103)",12.175528663503165
"(Date(""2025-12-18""), 3)",19.56723554632783
"(Date(""2025-12-18""), 6)",21.60158961592627
"(Date(""2025-12-18""), 17)",23.837166473641737
"(Date(""2025-12-18""), 31)",17.715992335337994
"(Date(""2025-12-18""), 66)",17.715992335337994
"(Date(""2025-12-18""), 80)",19.56723554632783
"(Date(""2025-12-18""), 103)",17.715992335337994
"(Date(""2025-12-19""), 3)",9.244512909551498
"(Date(""2025-12-19""), 6)",10.25782198950322
"(Date(""2025-12-19""), 17)",10.25782198950322
"(Date(""2025-12-19""), 31)",10.25782198950322
"(Date(""2025-12-19""), 66)",12.595040434777314
"(Date(""2025-12-19""), 80)",12.595040434777314
"(Date(""2025-12-19""), 103)",9.244512909551498
"(Date(""2025-12-20""), 3)",11.651953025606089
"(Date(""2025-12-20""), 6)",10.513159137061484
"(Date(""2025-12-20""), 17)",10.513159137061484
"(Date(""2025-12-20""), 31)",11.651953025606089
"(Date(""2025-12-20""), 66)",12.9033877197843
"(Date(""2025-12-20""), 80)",10.513159137061484
"(Date(""2025-12-20""), 103)",9.47686733005021
"(Date(""2025-12-21""), 3)",10.969976143387068
"(Date(""2025-12-21""), 6)",10.969976143387068
"(Date(""2025-12-21""), 17)",9.892566541049337
"(Date(""2025-12-21""), 31)",9.892566541049337
"(Date(""2025-12-21""), 66)",12.153954885957724
"(Date(""2025-12-21""), 80)",12.153954885957724
"(Date(""2025-12-21""), 103)",8.912133861414233
"(Date(""2025-12-22""), 3)",15.49020442209612
"(Date(""2025-12-22""), 6)",18.913709428446307
"(Date(""2025-12-22""), 17)",18.913709428446307
"(Date(""2025-12-22""), 31)",20.883421679045473
"(Date(""2025-12-22""), 66)",23.047962842063058
"(Date(""2025-12-22""), 80)",18.913709428446307
"(Date(""2025-12-22""), 103)",20.883421679045473
"(Date(""2025-12-23""), 3)",21.802288499451766
"(Date(""2025-12-23""), 6)",24.057716959952852
"(Date(""2025-12-23""), 17)",26.53623520113804
"(Date(""2025-12-23""), 31)",24.057716959952852
"(Date(""2025-12-23""), 66)",26.53623520113804
"(Date(""2025-12-23""), 80)",26.53623520113804
"(Date(""2025-12-23""), 103)",24.057716959952852
"(Date(""2025-12-24""), 3)",13.8469173427798
"(Date(""2025-12-24""), 6)",16.929262142809456
"(Date(""2025-12-24""), 17)",16.929262142809456
"(Date(""2025-12-24""), 31)",16.929262142809456
"(Date(""2025-12-24""), 66)",18.702688003711504
"(Date(""2025-12-24""), 80)",16.929262142809456
"(Date(""2025-12-24""), 103)",18.702688003711504
"(Date(""2025-12-25""), 3)",15.341050734292683
"(Date(""2025-12-25""), 6)",15.341050734292683
"(Date(""2025-12-25""), 17)",15.341050734292683
"(Date(""2025-12-25""), 31)",15.341050734292683
"(Date(""2025-12-25""), 66)",16.95738283628771
"(Date(""2025-12-25""), 80)",15.341050734292683
"(Date(""2025-12-25""), 103)",15.341050734292683
"(Date(""2025-12-26""), 3)",14.753426156855896
"(Date(""2025-12-26""), 6)",19.905675797338688
"(Date(""2025-12-26""), 17)",18.02396980414372
"(Date(""2025-12-26""), 31)",14.753426156855896
"(Date(""2025-12-26""), 66)",19.905675797338688
"(Date(""2025-12-26""), 80)",13.335470731732366
"(Date(""2025-12-26""), 103)",13.335470731732366
"(Date(""2025-12-27""), 3)",22.2420043879257
"(Date(""2025-12-27""), 6)",22.2420043879257
"(Date(""2025-12-27""), 17)",22.2420043879257
"(Date(""2025-12-27""), 31)",24.540926190308788
"(Date(""2025-12-27""), 66)",24.540926190308788
"(Date(""2025-12-27""), 80)",24.540926190308788
"(Date(""2025-12-27""), 103)",20.15000701005614
"(Date(""2025-12-28""), 3)",20.542979308026688
"(Date(""2025-12-28""), 6)",20.542979308026688
"(Date(""2025-12-28""), 17)",20.542979308026688
"(Date(""2025-12-28""), 31)",22.67384650832888
"(Date(""2025-12-28""), 66)",25.015482839511293
"(Date(""2025-12-28""), 80)",22.67384650832888
"(Date(""2025-12-28""), 103)",25.015482839511293
"(Date(""2025-12-29""), 3)",14.014014825284827
"(Date(""2025-12-29""), 6)",14.014014825284827
"(Date(""2025-12-29""), 17)",18.924435689644664
"(Date(""2025-12-29""), 31)",14.014014825284827
"(Date(""2025-12-29""), 66)",15.499086656743621
"(Date(""2025-12-29""), 80)",14.014014825284827
"(Date(""2025-12-29""), 103)",11.432850572362973
"(Date(""2025-12-30""), 3)",8.809402609939566
"(Date(""2025-12-30""), 6)",7.9264647963179
"(Date(""2025-12-30""), 17)",7.9264647963179
"(Date(""2025-12-30""), 31)",7.9264647963179
"(Date(""2025-12-30""), 66)",7.9264647963179
"(Date(""2025-12-30""), 80)",7.9264647963179
"(Date(""2025-12-30""), 103)",7.9264647963179
"(Date(""2025-12-31""), 3)",12.04901329452693
"(Date(""2025-12-31""), 6)",14.758098106227795
"(Date(""2025-12-31""), 17)",21.980318983333785
"(Date(""2025-12-31""), 31)",14.758098106227795
"(Date(""2025-12-31""), 66)",21.980318983333785
"(Date(""2025-12-31""), 80)",18.02961168946394
"(Date(""2025-12-31""), 103)",19.91187573492294
